problem_id,in_S0,pre_snapshot_flag,cloze_reproducible,memorization_signature
10907,True,False,False,False
3429,True,False,False,False
5043,True,False,False,False
15342,True,False,False,False
8862,True,False,False,False
18623,True,False,False,False
11774,True,False,False,False
13172,True,False,False,False
7782,True,False,False,False
6314,True,False,False,False
9320,True,False,False,False
4170,True,False,False,False
16563,True,False,False,False
12388,True,False,False,False
18763,True,False,False,False
1602,True,False,False,False
18764,True,False,False,False
17467,True,False,False,False
15608,True,False,False,False
9142,False,False,False,False
19203,True,False,False,False
8272,True,False,False,False
12614,True,False,False,False
15094,True,False,False,False
16664,True,False,False,False
1201,True,False,False,False
3693,True,False,False,False
17134,True,False,False,False
8651,True,False,False,False
5047,True,False,False,False
7859,True,False,False,False
13068,True,False,False,False
1189,True,False,False,False
15979,True,False,False,False
11879,True,False,False,False
2849,True,False,False,False
3053,True,False,False,False
16778,True,False,False,False
18301,True,False,False,False
4768,True,False,False,False
14136,True,False,False,False
4156,True,False,False,False
299,True,False,False,False
5395,True,False,False,False
18783,True,False,False,False
4439,True,False,False,False
5044,True,False,False,False
13924,True,False,False,False
12865,True,False,False,False
8042,True,False,False,False
9428,True,False,False,False
1075,True,False,False,False
4431,True,False,False,False
10748,True,False,False,False
9420,True,False,False,False
17023,True,False,False,False
13192,True,False,False,False
13058,True,False,False,False
10142,True,False,False,False
19032,True,False,False,False
2738,True,False,False,False
9093,True,False,False,False
1424,True,False,False,False
8851,True,False,False,False
4489,True,False,False,False
16064,True,False,False,False
15448,True,False,False,False
11623,True,False,False,False
895,True,False,False,False
9215,True,False,False,False
2284,True,False,False,False
3397,True,False,False,False
15865,True,False,False,False
4909,True,False,False,False
438,True,False,False,False
966,True,False,False,False
16127,True,False,False,False
9693,True,False,False,False
9193,True,False,False,False
8729,True,False,False,False
12953,True,False,False,False
9488,True,False,False,False
9208,False,False,True,False
3922,True,False,False,False
7277,True,False,False,False
11101,True,False,False,False
578,True,False,False,False
11840,True,False,False,False
9334,True,False,False,False
13482,True,False,False,False
9648,True,False,False,False
12330,True,False,False,False
10210,True,False,False,False
15677,True,False,False,False
7818,True,False,False,False
12152,True,False,False,False
3444,True,False,False,False
2930,True,False,False,False
11224,True,False,False,False
13642,False,False,False,False
18367,False,False,False,False
3862,True,False,False,False
12995,True,False,False,False
8332,True,False,False,False
16034,True,False,False,False
6462,True,False,False,False
6448,True,False,False,False
11653,True,False,False,False
7134,True,False,False,False
12222,True,False,False,False
4482,True,False,False,False
1833,True,False,False,False
8656,True,False,False,False
10028,True,False,False,False
3047,True,False,False,False
16060,True,False,False,False
9418,False,True,False,False
10732,True,False,False,False
16828,True,False,False,False
11739,True,False,False,False
14413,True,False,False,False
17939,True,False,False,False
7717,True,False,False,False
4950,True,False,False,False
11947,False,True,False,False
5610,True,False,False,False
18798,True,False,False,False
3398,True,False,False,False
13171,True,False,False,False
3832,True,False,False,False
13576,True,False,False,False
13240,False,False,False,False
18628,True,False,False,False
6357,False,False,False,False
9798,True,False,False,False
17450,True,False,False,False
3394,True,False,False,False
1068,True,False,False,False
3764,True,False,False,False
1662,True,False,False,False
6377,True,False,False,False
18192,True,False,False,False
1118,True,False,False,False
10737,True,False,False,False
7204,True,False,False,False
10363,True,False,False,False
7757,True,False,False,False
7199,True,False,False,False
8097,True,False,False,False
77,True,False,False,False
12639,True,False,False,False
5532,True,False,False,False
14972,True,False,False,False
14987,True,False,False,False
5470,True,False,False,False
1912,True,False,False,False
13852,True,False,False,False
18709,True,False,False,False
8907,True,False,False,False
3893,True,False,False,False
568,True,False,False,False
8267,True,False,False,False
4426,True,False,False,False
17699,True,False,False,False
8009,True,False,False,False
1580,True,False,False,False
1215,True,False,False,False
12495,True,False,False,False
18932,True,False,False,False
3549,False,True,False,False
16316,True,False,False,False
8417,True,False,False,False
11040,True,False,False,False
15118,False,False,False,False
11824,True,False,False,False
11012,True,False,False,False
943,True,False,False,False
12473,True,False,False,False
7598,True,False,False,False
2289,False,False,False,False
17492,True,False,False,False
9816,True,False,False,False
1557,True,False,False,False
9381,True,False,False,False
754,True,False,False,False
1532,False,True,False,False
8923,True,False,False,False
16603,True,False,False,False
18218,True,False,False,False
12453,True,False,False,False
5567,True,False,False,False
14605,True,False,False,False
18021,True,False,False,False
3907,True,False,False,False
2533,True,False,False,False
14997,True,False,False,False
2053,True,False,False,False
18366,True,False,False,False
3526,False,True,False,False
13823,True,False,False,False
13502,True,False,False,False
14990,True,False,False,False
6789,False,False,False,False
1482,True,False,False,False
6485,True,False,False,False
2068,True,False,False,False
17936,True,False,False,False
16810,True,False,False,False
12945,True,False,False,False
1893,True,False,False,False
5843,True,False,False,False
7890,True,False,False,False
6923,True,False,False,False
17176,False,False,False,False
9639,True,False,False,False
6672,True,False,False,False
6808,True,False,False,False
11685,True,False,False,False
1259,True,False,False,False
13697,True,False,False,False
4697,True,False,False,False
2805,False,False,False,False
6886,True,False,False,False
2554,True,False,False,False
12933,True,False,False,False
15102,True,False,False,False
1047,True,False,False,False
15822,True,False,False,False
18771,True,False,False,False
16329,True,False,False,False
12844,True,False,False,False
7544,True,False,False,False
19181,True,False,False,False
4988,True,False,False,False
4600,True,False,False,False
13669,True,False,False,False
8668,True,False,False,False
11783,True,False,False,False
464,True,False,False,False
5812,True,False,False,False
13514,True,False,False,False
3722,True,False,False,False
6219,True,False,False,False
11917,True,False,False,False
7765,True,False,False,False
5221,True,False,False,False
17704,True,False,False,False
13374,True,False,False,False
6350,True,False,False,False
16084,True,False,False,False
17781,True,False,False,False
8853,True,False,False,False
10710,True,False,False,False
18297,True,False,False,False
9552,True,False,False,False
8584,True,False,False,False
10895,True,False,False,False
1918,True,False,False,False
1447,True,False,False,False
1597,True,False,False,False
10334,True,False,False,False
9636,True,False,False,False
9511,True,False,False,False
11105,True,False,False,False
5787,True,False,False,False
10290,True,False,False,False
4689,True,False,False,False
18258,True,False,False,False
16644,True,False,False,False
15350,True,False,False,False
8585,True,False,False,False
8285,True,False,False,False
4184,True,False,False,False
3802,True,False,False,False
15918,True,False,False,False
1255,True,False,False,False
9359,True,False,False,False
3798,True,False,False,False
278,True,False,False,False
16624,True,False,False,False
13735,True,False,False,False
11689,True,False,False,False
4513,True,False,False,False
12658,True,False,False,False
11710,True,False,False,False
409,True,False,False,False
9931,True,False,False,False
18319,True,False,False,False
1421,True,False,False,False
12957,True,False,False,False
10980,True,False,False,False
1022,True,False,False,False
3825,True,False,False,False
14064,True,False,False,False
12094,True,False,False,False
11457,True,False,False,False
358,True,False,False,False
1401,True,False,False,False
12653,True,False,False,False
3861,True,False,False,False
5436,False,False,False,False
4099,True,False,False,False
8409,True,False,False,False
10185,True,False,False,False
12774,True,False,False,False
13457,True,False,False,False
4885,True,False,False,False
5644,True,False,False,False
13137,True,False,False,False
6925,True,False,False,False
10054,True,False,False,False
284,True,False,False,False
12334,True,False,False,False
17884,True,False,False,False
1798,False,False,False,False
4462,True,False,False,False
6688,True,False,False,False
15107,True,False,False,False
7933,True,False,False,False
17341,True,False,False,False
4553,True,False,False,False
4187,True,False,False,False
8957,True,False,False,False
16999,True,False,False,False
7390,True,False,False,False
15008,True,False,False,False
3638,True,False,False,False
4375,True,False,False,False
544,True,False,False,False
4542,True,False,False,False
11864,True,False,False,False
18608,True,False,False,False
13339,True,False,False,False
13019,True,False,False,False
9354,True,False,False,False
16088,True,False,False,False
16293,True,False,False,False
7265,True,False,False,False
11769,True,False,False,False
8113,True,False,False,False
3583,True,False,False,False
10136,True,False,False,False
15463,True,False,False,False
19176,True,False,False,False
8908,True,False,False,False
1359,True,False,False,False
13020,True,False,False,False
11527,True,False,False,False
6003,True,False,False,False
9379,True,False,False,False
4898,True,False,False,False
5089,True,False,False,False
12685,True,False,False,False
8522,True,False,False,False
16608,True,False,False,False
13713,True,False,False,False
13818,True,False,False,False
4172,True,False,False,False
3678,True,False,False,False
6663,True,False,False,False
6804,True,False,False,False
1042,False,False,False,False
2010,True,False,False,False
10759,True,False,False,False
4748,True,False,False,False
312,True,False,False,False
5869,True,False,False,False
16413,True,False,False,False
7513,True,False,False,False
4586,True,False,False,False
8389,True,False,False,False
17955,True,False,False,False
11875,True,False,False,False
7443,True,False,False,False
18250,True,False,False,False
9995,True,False,False,False
5406,True,False,False,False
7497,True,False,False,False
17643,True,False,False,False
1306,True,False,False,False
6345,True,False,False,False
4433,True,False,False,False
12415,True,False,False,False
17550,False,True,True,True
12183,True,False,False,False
11208,False,False,False,False
8171,True,False,False,False
2530,True,False,False,False
319,True,False,False,False
10709,True,False,False,False
1582,True,False,False,False
10476,True,False,False,False
5998,True,False,False,False
13059,True,False,False,False
12206,True,False,False,False
6117,True,False,False,False
7813,True,False,False,False
1162,True,False,False,False
16177,True,False,False,False
677,True,False,False,False
1925,True,False,False,False
8025,True,False,False,False
8825,True,False,False,False
13828,True,False,False,False
18202,True,False,False,False
4122,True,False,False,False
1142,True,False,False,False
1513,True,False,False,False
392,True,False,False,False
1191,True,False,False,False
11992,True,False,False,False
3724,True,False,False,False
13903,True,False,False,False
18768,True,False,False,False
10335,True,False,False,False
16802,True,False,False,False
11134,True,False,False,False
5219,True,False,False,False
3168,True,False,False,False
5472,True,False,False,False
11876,True,False,False,False
9849,True,False,False,False
10261,True,False,False,False
3651,True,False,False,False
15988,True,False,False,False
13057,True,False,False,False
15366,True,False,False,False
4938,True,False,False,False
3654,True,False,False,False
7427,True,False,False,False
5552,True,False,False,False
7772,True,False,False,False
5888,True,False,False,False
5874,True,False,False,False
11358,True,False,False,False
5486,True,False,False,False
6425,True,False,False,False
12011,False,True,True,True
8100,False,False,False,False
3503,True,False,False,False
12111,True,False,False,False
12205,True,False,False,False
15382,True,False,False,False
9076,True,False,False,False
1835,True,False,False,False
10722,True,False,False,False
18070,True,False,False,False
14921,True,False,False,False
9724,True,False,False,False
7491,True,False,False,False
12302,False,True,False,False
698,True,False,False,False
8830,True,False,False,False
11200,True,False,False,False
12472,True,False,False,False
16193,True,False,False,False
6421,True,False,False,False
8103,False,False,False,False
3167,True,False,False,False
3679,True,False,False,False
12250,True,False,False,False
2723,True,False,False,False
6385,True,False,False,False
4209,True,False,False,False
11209,False,False,False,False
12759,True,False,False,False
4908,True,False,False,False
9274,True,False,False,False
13264,True,False,False,False
2211,True,False,False,False
3809,True,False,False,False
628,True,False,False,False
11201,True,False,False,False
10338,True,False,False,False
5530,True,False,False,False
17369,True,False,False,False
7183,True,False,False,False
4430,True,False,False,False
1555,True,False,False,False
4882,True,False,False,False
7379,True,False,False,False
4639,True,False,False,False
12793,True,False,False,False
19088,True,False,False,False
12697,True,False,False,False
11923,True,False,False,False
15249,True,False,False,False
15078,True,False,False,False
7949,True,False,False,False
6504,True,False,False,False
16396,True,False,False,False
13860,True,False,False,False
12240,True,False,False,False
3550,True,False,False,False
17117,True,False,False,False
19179,True,False,False,False
6352,True,False,False,False
4385,True,False,False,False
12310,True,False,False,False
4394,True,False,False,False
14112,True,False,False,False
8817,True,False,False,False
7652,True,False,False,False
94,True,False,False,False
18938,True,False,False,False
15180,True,False,False,False
3599,True,False,False,False
10269,True,False,False,False
4778,True,False,False,False
16066,True,False,False,False
15773,True,False,False,False
15817,True,False,False,False
17025,True,False,False,False
12577,True,False,False,False
1778,True,False,False,False
691,True,False,False,False
16959,True,False,False,False
2182,False,False,False,False
7175,True,False,False,False
5616,True,False,False,False
10584,True,False,False,False
15018,True,False,False,False
5129,False,True,False,False
10811,True,False,False,False
4648,True,False,False,False
8763,True,False,False,False
8419,True,False,False,False
2206,True,False,False,False
668,True,False,False,False
422,True,False,False,False
19272,True,False,False,False
12411,True,False,False,False
10793,False,True,False,False
3894,True,False,False,False
15392,True,False,False,False
15365,True,False,False,False
9265,True,False,False,False
7404,True,False,False,False
16320,True,False,False,False
1405,True,False,False,False
13036,True,False,False,False
9339,True,False,False,False
8204,True,False,False,False
13159,True,False,False,False
11849,True,False,False,False
4835,True,False,False,False
1356,True,False,False,False
1127,True,False,False,False
1657,True,False,False,False
8795,True,False,False,False
18792,True,False,False,False
9726,True,False,False,False
4722,True,False,False,False
10749,True,False,False,False
692,True,False,False,False
8004,True,False,False,False
1595,True,False,False,False
12644,True,False,False,False
12112,True,False,False,False
10901,True,False,False,False
1553,True,False,False,False
3534,False,True,False,False
8582,True,False,False,False
17424,True,False,False,False
9060,True,False,False,False
526,True,False,False,False
15043,True,False,False,False
2551,True,False,False,False
15117,False,False,False,False
7465,True,False,False,False
15290,True,False,False,False
3608,False,False,False,False
1414,True,False,False,False
6800,True,False,False,False
15125,True,False,False,False
2734,True,False,False,False
7306,True,False,False,False
900,True,False,False,False
6828,True,False,False,False
15100,True,False,False,False
10691,True,False,False,False
17071,True,False,False,False
9625,True,False,False,False
11749,True,False,False,False
7168,True,False,False,False
15082,True,False,False,False
10122,True,False,False,False
4029,True,False,False,False
12230,True,False,False,False
5462,True,False,False,False
10339,True,False,False,False
3830,True,False,False,False
4132,True,False,False,False
5607,True,False,False,False
1671,True,False,False,False
9920,False,True,False,False
3570,True,False,False,False
5328,True,False,False,False
10680,True,False,False,False
3659,True,False,False,False
5615,True,False,False,False
9975,True,False,False,False
1694,True,False,False,False
8671,True,False,False,False
9214,True,False,False,False
7763,True,False,False,False
7733,True,False,False,False
9122,False,True,True,True
11822,True,False,False,False
16619,True,False,False,False
5397,True,False,False,False
18374,True,False,False,False
11956,True,False,False,False
12225,True,False,False,False
5195,True,False,False,False
7147,True,False,False,False
3657,True,False,False,False
1584,True,False,False,False
1547,True,False,False,False
11847,True,False,False,False
6296,True,False,False,False
12769,True,False,False,False
5700,True,False,False,False
4808,True,False,False,False
8750,True,False,False,False
13260,True,False,False,False
597,True,False,False,False
11971,True,False,False,False
7421,True,False,False,False
8434,True,False,False,False
6622,True,False,False,False
5398,True,False,False,False
4050,True,False,False,False
3378,True,False,False,False
830,True,False,False,False
2336,True,False,False,False
18766,True,False,False,False
6068,True,False,False,False
8741,True,False,False,False
15903,True,False,False,False
11658,True,False,False,False
8064,True,False,False,False
9883,True,False,False,False
9748,True,False,False,False
4275,True,False,False,False
16266,True,False,False,False
12021,True,False,False,False
5999,True,False,False,False
17753,True,False,False,False
13109,True,False,False,False
14557,False,False,True,False
13263,True,False,False,False
3198,True,False,False,False
12422,True,False,False,False
15305,False,False,False,False
1509,True,False,False,False
8764,True,False,False,False
11963,True,False,False,False
13513,True,False,False,False
6109,True,False,False,False
19153,True,False,False,False
16853,True,False,False,False
9597,True,False,False,False
10683,True,False,False,False
8568,True,False,False,False
10146,True,False,False,False
2225,True,False,False,False
6603,True,False,False,False
6837,True,False,False,False
7422,True,False,False,False
2572,True,False,False,False
8965,True,False,False,False
6288,True,False,False,False
8698,True,False,False,False
12583,True,False,False,False
12275,True,False,False,False
8783,False,True,True,True
17112,True,False,False,False
10730,True,False,False,False
324,True,False,False,False
294,True,False,False,False
17123,True,False,False,False
16298,True,False,False,False
14895,True,False,False,False
11410,True,False,False,False
3407,True,False,False,False
3154,True,False,False,False
1668,True,False,False,False
12757,True,False,False,False
13278,True,False,False,False
9778,True,False,False,False
12087,True,False,False,False
16350,True,False,False,False
11462,True,False,False,False
11507,True,False,False,False
2235,True,False,False,False
7714,True,False,False,False
5464,True,False,False,False
1226,True,False,False,False
846,True,False,False,False
9977,True,False,False,False
17784,True,False,False,False
6812,True,False,False,False
2368,True,False,False,False
8193,True,False,False,False
16044,True,False,False,False
5037,True,False,False,False
1983,True,False,False,False
2535,True,False,False,False
15108,True,False,False,False
16082,True,False,False,False
5739,True,False,False,False
11987,True,False,False,False
4609,True,False,False,False
380,True,False,False,False
7382,True,False,False,False
16409,True,False,False,False
5477,True,False,False,False
5213,True,False,False,False
4627,True,False,False,False
16277,True,False,False,False
12808,True,False,False,False
1079,True,False,False,False
13422,True,False,False,False
5159,True,False,False,False
2184,False,False,False,False
7082,True,False,False,False
13626,True,False,False,False
7952,True,False,False,False
6260,True,False,False,False
13636,True,False,False,False
4028,True,False,False,False
7856,True,False,False,False
8645,True,False,False,False
15230,True,False,False,False
7322,True,False,False,False
18415,True,False,False,False
14876,True,False,False,False
18022,True,False,False,False
10592,True,False,False,False
3254,True,False,False,False
6568,False,False,False,False
12247,True,False,False,False
17226,True,False,False,False
1160,True,False,False,False
621,False,False,True,False
11848,True,False,False,False
16057,True,False,False,False
5069,True,False,False,False
10264,True,False,False,False
5793,True,False,False,False
16032,True,False,False,False
15054,True,False,False,False
17028,True,False,False,False
8253,True,False,False,False
2789,True,False,False,False
11563,False,False,False,False
17793,True,False,False,False
4306,True,False,False,False
5194,True,False,False,False
13066,False,True,False,False
1062,True,False,False,False
1126,True,False,False,False
4589,True,False,False,False
8660,True,False,False,False
7059,True,False,False,False
11657,True,False,False,False
11290,True,False,False,False
1782,True,False,False,False
635,True,False,False,False
3537,True,False,False,False
12817,True,False,False,False
12413,True,False,False,False
9638,True,False,False,False
18446,True,False,False,False
12392,True,False,False,False
18650,True,False,False,False
606,True,False,False,False
16479,True,False,False,False
15420,True,False,False,False
1465,True,False,False,False
15498,True,False,False,False
3815,True,False,False,False
5687,False,False,True,False
8523,True,False,False,False
18247,True,False,False,False
795,True,False,False,False
12333,True,False,False,False
396,True,False,False,False
15006,True,False,False,False
10132,True,False,False,False
7120,True,False,False,False
14410,True,False,False,False
3918,True,False,False,False
2575,True,False,False,False
11138,True,False,False,False
6304,True,False,False,False
7104,False,False,False,False
15369,True,False,False,False
9296,True,False,False,False
70,True,False,False,False
4484,True,False,False,False
9248,True,False,False,False
2577,True,False,False,False
2792,True,False,False,False
15087,True,False,False,False
13500,True,False,False,False
7297,True,False,False,False
13504,True,False,False,False
4068,True,False,False,False
4333,True,False,False,False
7142,True,False,False,False
8329,True,False,False,False
7198,True,False,False,False
9541,True,False,False,False
6178,True,False,False,False
7500,True,False,False,False
7774,True,False,False,False
9077,True,False,False,False
12881,True,False,False,False
7778,True,False,False,False
1213,True,False,False,False
5634,True,False,False,False
17779,True,False,False,False
3708,True,False,False,False
16852,True,False,False,False
3718,True,False,False,False
10143,True,False,False,False
18409,True,False,False,False
12375,True,False,False,False
15083,True,False,False,False
11461,True,False,False,False
7070,False,False,False,False
5263,True,False,False,False
4731,True,False,False,False
12709,True,False,False,False
11519,True,False,False,False
9101,True,False,False,False
4298,True,False,False,False
15633,True,False,False,False
7996,True,False,False,False
3132,True,False,False,False
13318,True,False,False,False
3004,True,False,False,False
227,True,False,False,False
16069,True,False,False,False
2893,True,False,False,False
3694,True,False,False,False
9445,True,False,False,False
6518,True,False,False,False
4097,True,False,False,False
18773,True,False,False,False
16704,True,False,False,False
5870,True,False,False,False
4740,True,False,False,False
18633,True,False,False,False
16957,True,False,False,False
12942,True,False,False,False
7117,True,False,False,False
15003,True,False,False,False
6353,True,False,False,False
9873,True,False,False,False
10996,False,True,False,False
10204,True,False,False,False
12179,True,False,False,False
5296,False,False,False,False
9323,True,False,False,False
4235,True,False,False,False
9949,True,False,False,False
7479,True,False,False,False
8978,True,False,False,False
16187,True,False,False,False
13439,True,False,False,False
7257,True,False,False,False
16085,True,False,False,False
4058,True,False,False,False
6625,True,False,False,False
17818,True,False,False,False
3364,True,False,False,False
13674,True,False,False,False
3404,True,False,False,False
12638,True,False,False,False
18045,True,False,False,False
8542,True,False,False,False
1863,True,False,False,False
4805,True,False,False,False
17371,True,False,False,False
18224,True,False,False,False
8569,True,False,False,False
3643,True,False,False,False
17871,True,False,False,False
8050,True,False,False,False
3849,True,False,False,False
7356,True,False,False,False
13054,True,False,False,False
11125,True,False,False,False
1495,True,False,False,False
7287,True,False,False,False
5323,True,False,False,False
17022,True,False,False,False
7094,True,False,False,False
9727,True,False,False,False
17030,True,False,False,False
4182,True,False,False,False
9484,True,False,False,False
6523,True,False,False,False
13488,True,False,False,False
2625,True,False,False,False
4604,True,False,False,False
17314,True,False,False,False
6527,True,False,False,False
10163,True,False,False,False
2205,True,False,False,False
5813,True,False,False,False
12676,True,False,False,False
10452,True,False,False,False
5277,True,False,False,False
13833,True,False,False,False
8387,True,False,False,False
622,False,False,True,False
14462,True,False,False,False
10558,True,False,False,False
8054,True,False,False,False
6564,False,False,False,False
9271,True,False,False,False
5157,True,False,False,False
10193,True,False,False,False
667,True,False,False,False
4276,True,False,False,False
3921,True,False,False,False
1779,True,False,False,False
7092,True,False,False,False
4945,True,False,False,False
16718,True,False,False,False
11649,True,False,False,False
10792,True,False,False,False
5358,True,False,False,False
8045,True,False,False,False
4183,True,False,False,False
9733,True,False,False,False
1765,True,False,False,False
16972,True,False,False,False
7721,True,False,False,False
7089,True,False,False,False
5032,True,False,False,False
1222,True,False,False,False
8960,True,False,False,False
10030,True,False,False,False
9299,True,False,False,False
10678,True,False,False,False
10392,True,False,False,False
7098,True,False,False,False
6690,True,False,False,False
4179,True,False,False,False
1094,True,False,False,False
10019,True,False,False,False
1105,True,False,False,False
7955,True,False,False,False
10648,True,False,False,False
5331,True,False,False,False
18767,True,False,False,False
10809,True,False,False,False
9512,True,False,False,False
9722,True,False,False,False
8878,True,False,False,False
16317,True,False,False,False
7052,True,False,False,False
7758,True,False,False,False
2375,True,False,False,False
8083,False,False,False,False
7965,True,False,False,False
4115,True,False,False,False
18747,True,False,False,False
15994,True,False,False,False
4868,True,False,False,False
18292,True,False,False,False
11648,True,False,False,False
3873,True,False,False,False
18375,True,False,False,False
9652,True,False,False,False
18930,True,False,False,False
8266,True,False,False,False
18478,True,False,False,False
7867,True,False,False,False
15963,True,False,False,False
13888,True,False,False,False
9834,True,False,False,False
6586,True,False,False,False
11107,True,False,False,False
9173,True,False,False,False
13067,True,False,False,False
13661,True,False,False,False
18024,True,False,False,False
702,True,False,False,False
16068,True,False,False,False
8117,True,False,False,False
12954,True,False,False,False
397,True,False,False,False
12923,True,False,False,False
3493,True,False,False,False
8533,True,False,False,False
16927,True,False,False,False
1384,True,False,False,False
8938,True,False,False,False
13243,False,False,False,False
10603,True,False,False,False
2828,True,False,False,False
9842,True,False,False,False
12278,True,False,False,False
9837,True,False,False,False
15675,True,False,False,False
3690,True,False,False,False
1107,True,False,False,False
3104,True,False,False,False
13928,True,False,False,False
15307,False,False,False,False
6678,True,False,False,False
6503,True,False,False,False
10702,True,False,False,False
18266,True,False,False,False
16043,True,False,False,False
12114,True,False,False,False
10257,True,False,False,False
17767,True,False,False,False
16087,True,False,False,False
2563,True,False,False,False
9772,True,False,False,False
17604,True,False,False,False
13517,True,False,False,False
18863,True,False,False,False
3684,True,False,False,False
7773,True,False,False,False
19280,True,False,False,False
10736,True,False,False,False
11758,True,False,False,False
12810,True,False,False,False
10133,True,False,False,False
10398,True,False,False,False
7666,True,False,False,False
1305,True,False,False,False
15233,True,False,False,False
18605,True,False,False,False
5513,True,False,False,False
12459,True,False,False,False
9378,True,False,False,False
10454,True,False,False,False
12619,True,False,False,False
9901,True,False,False,False
7186,True,False,False,False
1149,True,False,False,False
11314,True,False,False,False
154,True,False,False,False
16178,True,False,False,False
18298,True,False,False,False
586,True,False,False,False
7946,True,False,False,False
2889,True,False,False,False
17628,True,False,False,False
5514,True,False,False,False
9427,True,False,False,False
11663,True,False,False,False
608,True,False,False,False
2953,True,False,False,False
13863,True,False,False,False
17116,True,False,False,False
4630,True,False,False,False
4902,True,False,False,False
15479,True,False,False,False
9150,True,False,False,False
9678,True,False,False,False
9764,True,False,False,False
14545,True,False,False,False
318,True,False,False,False
19007,True,False,False,False
12673,True,False,False,False
15683,True,False,False,False
7124,True,False,False,False
3859,True,False,False,False
17475,True,False,False,False
2783,True,False,False,False
15112,True,False,False,False
10383,True,False,False,False
1235,True,False,False,False
18740,True,False,False,False
1659,True,False,False,False
6570,True,False,False,False
7871,True,False,False,False
4009,True,False,False,False
8657,True,False,False,False
15989,True,False,False,False
2249,True,False,False,False
13332,True,False,False,False
10689,True,False,False,False
10289,True,False,False,False
15253,True,False,False,False
7519,True,False,False,False
11042,True,False,False,False
6984,True,False,False,False
1583,True,False,False,False
7752,True,False,False,False
15267,True,False,False,False
6990,True,False,False,False
7071,False,False,False,False
5623,True,False,False,False
8905,True,False,False,False
11693,False,True,False,False
8418,True,False,False,False
11540,False,False,False,False
12288,True,False,False,False
672,True,False,False,False
13768,True,False,False,False
18634,True,False,False,False
14879,True,False,False,False
9109,True,False,False,False
11489,True,False,False,False
8101,False,False,False,False
9943,True,False,False,False
17306,True,False,False,False
1697,True,False,False,False
867,False,False,False,False
2434,True,False,False,False
10773,True,False,False,False
9148,True,False,False,False
3383,True,False,False,False
10138,True,False,False,False
11218,True,False,False,False
13655,True,False,False,False
11411,True,False,False,False
2032,True,False,False,False
3755,True,False,False,False
10824,True,False,False,False
887,True,False,False,False
7328,True,False,False,False
10294,True,False,False,False
1025,True,False,False,False
15738,True,False,False,False
11414,True,False,False,False
10248,True,False,False,False
9058,True,False,False,False
8010,True,False,False,False
13822,True,False,False,False
10899,True,False,False,False
1387,True,False,False,False
1198,True,False,False,False
14919,True,False,False,False
10104,True,False,False,False
17859,True,False,False,False
12339,True,False,False,False
9548,True,False,False,False
7119,True,False,False,False
390,True,False,False,False
12503,True,False,False,False
62,True,False,False,False
4694,False,False,False,False
6929,True,False,False,False
10307,True,False,False,False
8565,True,False,False,False
1973,True,False,False,False
9833,True,False,False,False
2964,True,False,False,False
8760,True,False,False,False
16168,True,False,False,False
4659,True,False,False,False
2883,True,False,False,False
7494,True,False,False,False
8407,True,False,False,False
5920,True,False,False,False
10137,True,False,False,False
9709,True,False,False,False
4998,True,False,False,False
10234,True,False,False,False
13305,True,False,False,False
1466,True,False,False,False
7407,True,False,False,False
3370,True,False,False,False
6965,True,False,False,False
13158,True,False,False,False
4208,True,False,False,False
10103,True,False,False,False
8566,True,False,False,False
2207,True,False,False,False
9140,False,False,False,False
17175,True,False,False,False
10453,True,False,False,False
761,True,False,False,False
2895,True,False,False,False
15632,True,False,False,False
1497,True,False,False,False
12137,True,False,False,False
9104,True,False,False,False
9694,True,False,False,False
7810,True,False,False,False
7276,True,False,False,False
11788,True,False,False,False
7066,True,False,False,False
11163,True,False,False,False
13282,True,False,False,False
1512,True,False,False,False
18937,True,False,False,False
2870,False,False,False,False
2118,True,False,False,False
4361,False,True,False,False
226,True,False,False,False
15104,True,False,False,False
6757,True,False,False,False
13242,False,False,False,False
447,True,False,False,False
18377,True,False,False,False
19278,True,False,False,False
10483,True,False,False,False
17679,True,False,False,False
1456,True,False,False,False
1550,True,False,False,False
9317,True,False,False,False
15351,True,False,False,False
214,True,False,False,False
1186,True,False,False,False
17828,True,False,False,False
15682,True,False,False,False
7771,True,False,False,False
6703,True,False,False,False
2669,True,False,False,False
18348,True,False,False,False
17959,True,False,False,False
7931,True,False,False,False
5496,True,False,False,False
6229,True,False,False,False
12818,True,False,False,False
7948,True,False,False,False
9657,True,False,False,False
10152,True,False,False,False
10024,True,False,False,False
1449,True,False,False,False
16850,True,False,False,False
5292,True,False,False,False
9653,True,False,False,False
3457,True,False,False,False
6673,True,False,False,False
5068,True,False,False,False
4960,True,False,False,False
17053,True,False,False,False
8338,True,False,False,False
8577,True,False,False,False
1972,True,False,False,False
7115,True,False,False,False
4363,False,True,False,False
7934,True,False,False,False
13356,True,False,False,False
11588,True,False,False,False
11459,True,False,False,False
3319,True,False,False,False
11211,True,False,False,False
3752,True,False,False,False
14559,False,False,True,False
8847,True,False,False,False
11709,True,False,False,False
10770,True,False,False,False
12798,True,False,False,False
1266,True,False,False,False
7337,True,False,False,False
18133,True,False,False,False
2269,True,False,False,False
963,True,False,False,False
18701,True,False,False,False
1230,True,False,False,False
18785,True,False,False,False
13437,True,False,False,False
18450,False,True,False,False
1027,True,False,False,False
414,True,False,False,False
18708,True,False,False,False
8393,True,False,False,False
4100,True,False,False,False
4339,True,False,False,False
12806,True,False,False,False
19222,True,False,False,False
10266,True,False,False,False
17813,True,False,False,False
17178,True,False,False,False
3455,True,False,False,False
12687,True,False,False,False
178,True,False,False,False
13327,True,False,False,False
5784,True,False,False,False
13241,False,False,False,False
13734,True,False,False,False
7815,True,False,False,False
17358,True,False,False,False
13312,True,False,False,False
3454,True,False,False,False
17872,True,False,False,False
1353,True,False,False,False
9449,True,False,False,False
12938,True,False,False,False
6994,True,False,False,False
17234,True,False,False,False
9462,True,False,False,False
17118,True,False,False,False
14285,True,False,False,False
4282,True,False,False,False
5611,True,False,False,False
858,True,False,False,False
1408,True,False,False,False
8198,True,False,False,False
1193,True,False,False,False
4883,True,False,False,False
15770,True,False,False,False
4325,True,False,False,False
8648,True,False,False,False
13177,True,False,False,False
18894,True,False,False,False
2323,True,False,False,False
7307,True,False,False,False
18244,True,False,False,False
11654,True,False,False,False
7927,True,False,False,False
150,True,False,False,False
12595,False,False,False,False
1224,True,False,False,False
12434,True,False,False,False
2657,True,False,False,False
10904,True,False,False,False
4905,True,False,False,False
5002,True,False,False,False
3283,True,False,False,False
6966,True,False,False,False
3948,True,False,False,False
13328,True,False,False,False
13773,True,False,False,False
16565,True,False,False,False
11518,True,False,False,False
12608,True,False,False,False
17405,True,False,False,False
8333,True,False,False,False
15344,True,False,False,False
11388,True,False,False,False
8227,True,False,False,False
11108,True,False,False,False
6108,True,False,False,False
427,True,False,False,False
12483,True,False,False,False
13824,True,False,False,False
13814,True,False,False,False
7489,True,False,False,False
4858,True,False,False,False
8490,True,False,False,False
2258,True,False,False,False
5267,True,False,False,False
16673,True,False,False,False
15607,True,False,False,False
5553,True,False,False,False
398,True,False,False,False
12965,True,False,False,False
9119,True,False,False,False
18519,True,False,False,False
10231,True,False,False,False
3373,True,False,False,False
16319,True,False,False,False
12317,True,False,False,False
19290,True,False,False,False
9779,True,False,False,False
1528,True,False,False,False
5728,True,False,False,False
2480,True,False,False,False
665,True,False,False,False
8435,True,False,False,False
965,True,False,False,False
10787,True,False,False,False
6212,True,False,False,False
12657,True,False,False,False
13519,True,False,False,False
17350,True,False,False,False
4804,True,False,False,False
5983,True,False,False,False
3710,True,False,False,False
7574,True,False,False,False
4538,True,False,False,False
8956,True,False,False,False
8265,True,False,False,False
1364,True,False,False,False
4989,True,False,False,False
3888,True,False,False,False
8408,True,False,False,False
8909,True,False,False,False
2565,True,False,False,False
16588,True,False,False,False
7139,True,False,False,False
8850,True,False,False,False
9080,True,False,False,False
7938,True,False,False,False
13940,True,False,False,False
120,True,False,False,False
9799,True,False,False,False
5125,False,True,False,False
1388,True,False,False,False
8062,True,False,False,False
9495,True,False,False,False
10865,True,False,False,False
2929,True,False,False,False
1556,True,False,False,False
8033,True,False,False,False
1988,True,False,False,False
19227,True,False,False,False
14009,True,False,False,False
14877,True,False,False,False
12604,True,False,False,False
8040,True,False,False,False
5497,True,False,False,False
18362,True,False,False,False
4123,True,False,False,False
18167,True,False,False,False
6079,True,False,False,False
17311,True,False,False,False
6623,True,False,False,False
8268,True,False,False,False
1044,True,False,False,False
5630,True,False,False,False
12262,True,False,False,False
18597,True,False,False,False
15038,True,False,False,False
9273,True,False,False,False
15178,True,False,False,False
12607,True,False,False,False
9940,True,False,False,False
5197,True,False,False,False
6558,True,False,False,False
5633,True,False,False,False
17654,True,False,False,False
10157,True,False,False,False
13382,True,False,False,False
7373,True,False,False,False
1929,True,False,False,False
3427,True,False,False,False
5478,True,False,False,False
13210,False,True,False,False
12178,True,False,False,False
3555,True,False,False,False
15788,True,False,False,False
10808,True,False,False,False
10214,True,False,False,False
12407,True,False,False,False
18774,True,False,False,False
1773,True,False,False,False
7512,True,False,False,False
0,True,False,False,False
1589,True,False,False,False
2409,True,False,False,False
10510,True,False,False,False
5777,True,False,False,False
8383,True,False,False,False
7174,True,False,False,False
12383,True,False,False,False
7471,True,False,False,False
5212,True,False,False,False
13872,True,False,False,False
16687,True,False,False,False
18197,True,False,False,False
11870,True,False,False,False
7755,True,False,False,False
18828,True,False,False,False
2418,True,False,False,False
11741,True,False,False,False
9617,True,False,False,False
12498,True,False,False,False
5498,True,False,False,False
458,True,False,False,False
79,True,False,False,False
14888,True,False,False,False
10613,True,False,False,False
4893,False,False,False,False
3658,True,False,False,False
18832,True,False,False,False
13262,True,False,False,False
4470,True,False,False,False
760,True,False,False,False
815,True,False,False,False
11918,True,False,False,False
15491,True,False,False,False
6049,True,False,False,False
14973,True,False,False,False
3673,True,False,False,False
17972,True,False,False,False
15790,True,False,False,False
3848,True,False,False,False
15354,True,False,False,False
193,True,False,False,False
9917,True,False,False,False
1526,False,True,False,False
93,True,False,False,False
11212,True,False,False,False
257,True,False,False,False
13345,True,False,False,False
3368,True,False,False,False
14354,True,False,False,False
13274,True,False,False,False
7567,True,False,False,False
17882,True,False,False,False
13621,True,False,False,False
1396,True,False,False,False
11357,True,False,False,False
8916,True,False,False,False
18625,True,False,False,False
7203,True,False,False,False
10747,True,False,False,False
3908,True,False,False,False
10670,True,False,False,False
9824,True,False,False,False
7644,False,False,False,False
6374,True,False,False,False
9365,True,False,False,False
7201,True,False,False,False
5139,True,False,False,False
7363,True,False,False,False
3367,True,False,False,False
9149,True,False,False,False
2542,True,False,False,False
11982,True,False,False,False
8986,True,False,False,False
8563,True,False,False,False
15472,True,False,False,False
2553,True,False,False,False
11610,True,False,False,False
18667,True,False,False,False
16013,True,False,False,False
3642,True,False,False,False
1173,True,False,False,False
589,True,False,False,False
4149,True,False,False,False
6713,True,False,False,False
2932,True,False,False,False
1434,True,False,False,False
8714,True,False,False,False
6960,True,False,False,False
4944,True,False,False,False
8378,False,False,False,False
8947,True,False,False,False
4592,True,False,False,False
11374,True,False,False,False
7381,True,False,False,False
6809,True,False,False,False
17058,True,False,False,False
5075,True,False,False,False
1089,True,False,False,False
9239,True,False,False,False
7058,True,False,False,False
1829,True,False,False,False
8440,True,False,False,False
4901,True,False,False,False
8141,True,False,False,False
707,True,False,False,False
12138,True,False,False,False
5378,True,False,False,False
7125,True,False,False,False
4053,True,False,False,False
3118,True,False,False,False
9990,True,False,False,False
595,True,False,False,False
16065,True,False,False,False
10674,True,False,False,False
13414,True,False,False,False
7050,True,False,False,False
9081,True,False,False,False
4284,True,False,False,False
16167,True,False,False,False
2448,True,False,False,False
12655,True,False,False,False
2405,True,False,False,False
3860,True,False,False,False
6480,True,False,False,False
8977,True,False,False,False
11778,True,False,False,False
988,True,False,False,False
16269,True,False,False,False
6794,True,False,False,False
2962,True,False,False,False
9069,True,False,False,False
7028,True,False,False,False
13343,True,False,False,False
6372,True,False,False,False
9298,True,False,False,False
7371,True,False,False,False
7096,True,False,False,False
1944,True,False,False,False
7762,True,False,False,False
1028,True,False,False,False
12854,True,False,False,False
12549,True,False,False,False
2735,True,False,False,False
12863,True,False,False,False
7482,True,False,False,False
19273,True,False,False,False
6013,True,False,False,False
82,True,False,False,False
4442,True,False,False,False
1150,True,False,False,False
16024,False,True,False,False
3014,True,False,False,False
12478,True,False,False,False
4861,False,False,False,False
9768,True,False,False,False
2254,True,False,False,False
1207,True,False,False,False
7672,True,False,False,False
17042,True,False,False,False
6093,True,False,False,False
6158,True,False,False,False
17086,True,False,False,False
1981,True,False,False,False
6991,True,False,False,False
6509,True,False,False,False
3403,True,False,False,False
3419,True,False,False,False
12125,True,False,False,False
15854,True,False,False,False
7753,True,False,False,False
11943,True,False,False,False
3135,True,False,False,False
4539,True,False,False,False
15133,True,False,False,False
11603,True,False,False,False
12576,True,False,False,False
16172,True,False,False,False
16679,True,False,False,False
564,True,False,False,False
1228,True,False,False,False
1106,True,False,False,False
12882,True,False,False,False
2369,True,False,False,False
9151,True,False,False,False
18195,True,False,False,False
5614,True,False,False,False
11767,True,False,False,False
12128,True,False,False,False
9858,True,False,False,False
9972,True,False,False,False
12829,False,False,False,False
1375,True,False,False,False
16308,True,False,False,False
1521,True,False,False,False
853,True,False,False,False
3169,True,False,False,False
799,True,False,False,False
18058,True,False,False,False
4121,True,False,False,False
16194,True,False,False,False
11773,True,False,False,False
674,True,False,False,False
4603,True,False,False,False
5437,False,False,False,False
4794,True,False,False,False
67,True,False,False,False
2818,True,False,False,False
17598,True,False,False,False
17100,True,False,False,False
14999,True,False,False,False
5121,True,False,False,False
975,True,False,False,False
8202,True,False,False,False
4157,True,False,False,False
6507,True,False,False,False
12597,False,False,False,False
10254,True,False,False,False
2213,True,False,False,False
2443,True,False,False,False
10198,True,False,False,False
2689,True,False,False,False
10451,True,False,False,False
3854,True,False,False,False
8043,True,False,False,False
6747,True,False,False,False
6922,True,False,False,False
7038,True,False,False,False
14998,True,False,False,False
9247,True,False,False,False
13728,True,False,False,False
277,True,False,False,False
12908,True,False,False,False
9963,False,True,False,False
7953,True,False,False,False
11019,True,False,False,False
19209,True,False,False,False
712,True,False,False,False
13069,True,False,False,False
5152,False,True,False,False
12784,True,False,False,False
12053,True,False,False,False
2600,True,False,False,False
5073,True,False,False,False
16158,True,False,False,False
13694,True,False,False,False
16340,True,False,False,False
16760,True,False,False,False
18299,True,False,False,False
78,True,False,False,False
1474,True,False,False,False
18719,True,False,False,False
2124,True,False,False,False
5076,True,False,False,False
15512,True,False,False,False
16500,True,False,False,False
9108,True,False,False,False
6863,True,False,False,False
5460,True,False,False,False
5842,True,False,False,False
4128,True,False,False,False
2663,True,False,False,False
7789,True,False,False,False
5507,True,False,False,False
3692,True,False,False,False
89,True,False,False,False
18678,True,False,False,False
9219,True,False,False,False
7178,True,False,False,False
16629,True,False,False,False
6268,True,False,False,False
12051,True,False,False,False
1178,True,False,False,False
826,True,False,False,False
11622,True,False,False,False
6807,True,False,False,False
7114,True,False,False,False
6857,True,False,False,False
12575,True,False,False,False
5879,True,False,False,False
8642,True,False,False,False
12675,True,False,False,False
3265,True,False,False,False
1043,True,False,False,False
6119,True,False,False,False
8959,True,False,False,False
19134,True,False,False,False
11705,True,False,False,False
12452,True,False,False,False
16033,True,False,False,False
192,True,False,False,False
7296,True,False,False,False
4918,True,False,False,False
1329,True,False,False,False
17373,True,False,False,False
1273,True,False,False,False
6210,True,False,False,False
16159,True,False,False,False
69,True,False,False,False
11968,True,False,False,False
1687,False,False,False,False
5273,True,False,False,False
845,True,False,False,False
5484,True,False,False,False
13808,True,False,False,False
17029,True,False,False,False
3699,True,False,False,False
5135,True,False,False,False
10693,True,False,False,False
6349,True,False,False,False
17363,True,False,False,False
1227,True,False,False,False
11428,True,False,False,False
5599,True,False,False,False
16574,True,False,False,False
359,True,False,False,False
6292,True,False,False,False
11792,True,False,False,False
16498,True,False,False,False
13118,True,False,False,False
8702,True,False,False,False
18705,True,False,False,False
17364,True,False,False,False
6369,True,False,False,False
5714,True,False,False,False
7093,True,False,False,False
1784,True,False,False,False
1987,True,False,False,False
10164,True,False,False,False
5283,True,False,False,False
5531,True,False,False,False
13856,True,False,False,False
1663,True,False,False,False
2069,True,False,False,False
223,True,False,False,False
262,True,False,False,False
123,True,False,False,False
9192,True,False,False,False
6595,True,False,False,False
15853,True,False,False,False
5621,True,False,False,False
907,True,False,False,False
5103,True,False,False,False
13216,False,True,False,False
2,True,False,False,False
4834,True,False,False,False
4811,True,False,False,False
12672,True,False,False,False
7983,True,False,False,False
9073,True,False,False,False
11860,True,False,False,False
12803,True,False,False,False
7951,True,False,False,False
13535,True,False,False,False
1840,True,False,False,False
9352,True,False,False,False
4747,True,False,False,False
8700,True,False,False,False
5829,True,False,False,False
9539,True,False,False,False
252,True,False,False,False
4127,True,False,False,False
6814,True,False,False,False
6604,True,False,False,False
168,True,False,False,False
2568,True,False,False,False
17752,True,False,False,False
15113,True,False,False,False
1982,True,False,False,False
17241,True,False,False,False
15678,True,False,False,False
14993,True,False,False,False
2816,True,False,False,False
6420,True,False,False,False
12279,True,False,False,False
12813,True,False,False,False
7947,True,False,False,False
10009,True,False,False,False
13520,True,False,False,False
6608,True,False,False,False
15378,True,False,False,False
17319,True,False,False,False
6168,True,False,False,False
7817,True,False,False,False
6959,True,False,False,False
7719,True,False,False,False
15086,True,False,False,False
9823,True,False,False,False
9730,True,False,False,False
16867,True,False,False,False
14886,True,False,False,False
14889,True,False,False,False
15676,True,False,False,False
8900,False,False,True,False
19142,True,False,False,False
3213,True,False,False,False
7647,True,False,False,False
7149,True,False,False,False
7857,True,False,False,False
1843,True,False,False,False
18717,True,False,False,False
17132,True,False,False,False
6359,False,False,False,False
3883,True,False,False,False
1049,True,False,False,False
15654,True,False,False,False
5064,True,False,False,False
11328,True,False,False,False
1984,True,False,False,False
423,True,False,False,False
12605,True,False,False,False
4125,True,False,False,False
9903,True,False,False,False
13634,True,False,False,False
13509,True,False,False,False
2725,True,False,False,False
13587,True,False,False,False
18504,True,False,False,False
12198,True,False,False,False
6658,True,False,False,False
2433,True,False,False,False
8953,True,False,False,False
981,True,False,False,False
2777,True,False,False,False
14869,True,False,False,False
16010,True,False,False,False
1767,True,False,False,False
4452,True,False,False,False
6822,True,False,False,False
3442,True,False,False,False
10679,True,False,False,False
13718,True,False,False,False
19208,True,False,False,False
8617,True,False,False,False
12223,True,False,False,False
7863,True,False,False,False
17423,True,False,False,False
10805,True,False,False,False
7827,True,False,False,False
14922,True,False,False,False
9683,True,False,False,False
6519,True,False,False,False
6694,True,False,False,False
19053,True,False,False,False
10950,True,False,False,False
17044,True,False,False,False
7537,True,False,False,False
11363,True,False,False,False
8008,True,False,False,False
9159,True,False,False,False
9338,True,False,False,False
18077,True,False,False,False
11772,True,False,False,False
18833,True,False,False,False
14024,True,False,False,False
3039,True,False,False,False
10983,True,False,False,False
10918,True,False,False,False
1616,False,False,False,False
9305,True,False,False,False
4088,True,False,False,False
11844,True,False,False,False
5798,True,False,False,False
4175,True,False,False,False
9447,True,False,False,False
15643,True,False,False,False
3704,True,False,False,False
10199,True,False,False,False
12958,True,False,False,False
4809,True,False,False,False
12243,True,False,False,False
4569,True,False,False,False
384,True,False,False,False
13272,True,False,False,False
13259,True,False,False,False
15033,True,False,False,False
16093,True,False,False,False
5035,True,False,False,False
4085,True,False,False,False
13739,True,False,False,False
16484,True,False,False,False
4180,True,False,False,False
12668,True,False,False,False
3687,True,False,False,False
16063,True,False,False,False
8245,True,False,False,False
5252,True,False,False,False
722,True,False,False,False
3754,True,False,False,False
11793,True,False,False,False
8536,True,False,False,False
8773,True,False,False,False
4124,True,False,False,False
17676,True,False,False,False
3729,True,False,False,False
10813,True,False,False,False
389,True,False,False,False
435,True,False,False,False
10305,True,False,False,False
7074,False,False,False,False
1617,False,False,False,False
11538,True,False,False,False
3183,True,False,False,False
13628,True,False,False,False
3122,True,False,False,False
1913,True,False,False,False
18530,True,False,False,False
983,True,False,False,False
12927,True,False,False,False
7170,True,False,False,False
2739,True,False,False,False
65,True,False,False,False
15015,True,False,False,False
10315,True,False,False,False
6893,True,False,False,False
8053,True,False,False,False
10473,True,False,False,False
18469,True,False,False,False
7429,True,False,False,False
3080,True,False,False,False
9216,True,False,False,False
16648,True,False,False,False
8782,False,True,True,True
12696,True,False,False,False
1549,True,False,False,False
7570,True,False,False,False
260,True,False,False,False
18652,True,False,False,False
12609,True,False,False,False
7223,True,False,False,False
4173,True,False,False,False
15028,True,False,False,False
575,True,False,False,False
17342,True,False,False,False
17563,False,True,False,False
4763,True,False,False,False
12298,True,False,False,False
11030,True,False,False,False
11104,True,False,False,False
8452,True,False,False,False
16145,True,False,False,False
15805,True,False,False,False
9590,False,True,False,False
15393,True,False,False,False
38,True,False,False,False
8713,True,False,False,False
12412,True,False,False,False
5618,True,False,False,False
1684,True,False,False,False
4461,True,False,False,False
8554,True,False,False,False
6778,True,False,False,False
14971,True,False,False,False
4268,False,False,True,False
292,True,False,False,False
17912,True,False,False,False
11468,True,False,False,False
17979,True,False,False,False
16858,True,False,False,False
5070,True,False,False,False
9680,True,False,False,False
10866,True,False,False,False
989,True,False,False,False
1524,True,False,False,False
11009,True,False,False,False
3845,True,False,False,False
3940,True,False,False,False
3784,True,False,False,False
5452,True,False,False,False
17448,True,False,False,False
13108,True,False,False,False
1252,True,False,False,False
9690,True,False,False,False
3950,True,False,False,False
16220,True,False,False,False
6376,True,False,False,False
13622,True,False,False,False
12770,True,False,False,False
10098,True,False,False,False
16691,True,False,False,False
18235,True,False,False,False
5088,True,False,False,False
1548,True,False,False,False
13135,True,False,False,False
1484,True,False,False,False
12405,True,False,False,False
1658,True,False,False,False
18704,True,False,False,False
13284,True,False,False,False
2527,True,False,False,False
1234,True,False,False,False
18718,True,False,False,False
1084,True,False,False,False
9985,True,False,False,False
15703,True,False,False,False
9550,True,False,False,False
13166,True,False,False,False
12448,True,False,False,False
16309,True,False,False,False
15219,True,False,False,False
6598,True,False,False,False
3022,True,False,False,False
11668,True,False,False,False
10875,True,False,False,False
8347,True,False,False,False
13273,True,False,False,False
12996,True,False,False,False
13277,True,False,False,False
11024,True,False,False,False
10292,True,False,False,False
6967,True,False,False,False
9332,True,False,False,False
6978,True,False,False,False
5523,True,False,False,False
596,True,False,False,False
2658,True,False,False,False
10007,True,False,False,False
6859,True,False,False,False
13348,True,False,False,False
5471,True,False,False,False
140,True,False,False,False
13190,True,False,False,False
1061,True,False,False,False
13173,True,False,False,False
5294,True,False,False,False
11575,True,False,False,False
11577,True,False,False,False
10364,True,False,False,False
2279,True,False,False,False
6491,True,False,False,False
11877,True,False,False,False
4887,True,False,False,False
15394,True,False,False,False
1487,True,False,False,False
16169,True,False,False,False
16649,True,False,False,False
12449,True,False,False,False
3655,True,False,False,False
4205,True,False,False,False
5617,True,False,False,False
3568,True,False,False,False
8172,True,False,False,False
5204,True,False,False,False
6818,True,False,False,False
8638,True,False,False,False
10203,True,False,False,False
4283,True,False,False,False
16058,True,False,False,False
4288,True,False,False,False
2834,True,False,False,False
12261,True,False,False,False
15916,True,False,False,False
17754,True,False,False,False
1053,True,False,False,False
6817,True,False,False,False
2353,True,False,False,False
6535,True,False,False,False
13909,True,False,False,False
3001,True,False,False,False
12777,True,False,False,False
17375,True,False,False,False
10243,True,False,False,False
2537,True,False,False,False
91,True,False,False,False
18827,True,False,False,False
16943,True,False,False,False
7075,True,False,False,False
18304,True,False,False,False
3999,True,False,False,False
17225,True,False,False,False
2447,True,False,False,False
40,True,False,False,False
13258,True,False,False,False
7202,True,False,False,False
3530,False,True,True,True
12663,True,False,False,False
6972,True,False,False,False
9037,True,False,False,False
7161,True,False,False,False
9097,True,False,False,False
4207,True,False,False,False
13733,True,False,False,False
11482,True,False,False,False
17894,True,False,False,False
7155,True,False,False,False
15965,True,False,False,False
1334,True,False,False,False
1214,True,False,False,False
4409,True,False,False,False
8815,True,False,False,False
7518,True,False,False,False
16354,True,False,False,False
17773,True,False,False,False
3580,True,False,False,False
1331,True,False,False,False
13098,True,False,False,False
10039,True,False,False,False
3165,True,False,False,False
8987,True,False,False,False
2954,True,False,False,False
1507,True,False,False,False
10359,True,False,False,False
7991,True,False,False,False
18539,True,False,False,False
16612,True,False,False,False
1689,False,False,False,False
4951,True,False,False,False
4607,True,False,False,False
10229,True,False,False,False
857,True,False,False,False
7173,True,False,False,False
10883,True,False,False,False
17885,True,False,False,False
7157,True,False,False,False
7166,True,False,False,False
11435,True,False,False,False
4024,True,False,False,False
13758,True,False,False,False
19206,True,False,False,False
14945,True,False,False,False
980,True,False,False,False
10577,False,False,True,False
12642,True,False,False,False
18866,True,False,False,False
16147,True,False,False,False
4307,True,False,False,False
98,True,False,False,False
15315,True,False,False,False
14872,True,False,False,False
18538,True,False,False,False
6358,False,False,False,False
1103,True,False,False,False
8493,True,False,False,False
1573,True,False,False,False
18687,True,False,False,False
5504,True,False,False,False
13543,True,False,False,False
6987,True,False,False,False
9761,True,False,False,False
1463,False,False,True,False
18782,True,False,False,False
8005,True,False,False,False
4087,True,False,False,False
3374,True,False,False,False
2208,True,False,False,False
3458,True,False,False,False
8096,True,False,False,False
1333,True,False,False,False
3173,True,False,False,False
8485,True,False,False,False
15291,True,False,False,False
11683,True,False,False,False
10974,True,False,False,False
13203,True,False,False,False
3799,True,False,False,False
11560,False,False,False,False
2728,True,False,False,False
12744,True,False,False,False
12129,True,False,False,False
306,True,False,False,False
13178,True,False,False,False
5509,True,False,False,False
8098,True,False,False,False
10688,True,False,False,False
2054,True,False,False,False
7998,True,False,False,False
13042,True,False,False,False
8425,True,False,False,False
5660,True,False,False,False
13127,True,False,False,False
2525,True,False,False,False
14988,True,False,False,False
9725,True,False,False,False
264,True,False,False,False
4869,True,False,False,False
10459,True,False,False,False
17855,True,False,False,False
3727,True,False,False,False
10739,True,False,False,False
16161,True,False,False,False
54,False,False,False,False
6070,True,False,False,False
15689,True,False,False,False
4110,True,False,False,False
17024,True,False,False,False
1218,True,False,False,False
5877,True,False,False,False
11585,True,False,False,False
8080,False,False,False,False
4264,False,False,False,False
8770,True,False,False,False
13590,True,False,False,False
12089,True,False,False,False
18912,False,True,True,True
5040,True,False,False,False
11075,True,False,False,False
15778,True,False,False,False
13698,True,False,False,False
9272,True,False,False,False
11988,True,False,False,False
10192,True,False,False,False
2833,True,False,False,False
10469,True,False,False,False
849,True,False,False,False
1795,True,False,False,False
3857,True,False,False,False
3399,True,False,False,False
16149,True,False,False,False
8079,True,False,False,False
18333,True,False,False,False
17057,True,False,False,False
542,True,False,False,False
6802,True,False,False,False
6065,True,False,False,False
7372,True,False,False,False
15056,True,False,False,False
10003,True,False,False,False
7220,True,False,False,False
5629,True,False,False,False
6492,True,False,False,False
16621,True,False,False,False
1458,True,False,False,False
16482,True,False,False,False
6348,True,False,False,False
15095,True,False,False,False
1116,True,False,False,False
4133,True,False,False,False
5023,True,False,False,False
6941,True,False,False,False
1501,True,False,False,False
12159,True,False,False,False
7653,True,False,False,False
5878,True,False,False,False
4544,True,False,False,False
10442,True,False,False,False
3391,True,False,False,False
877,False,False,False,False
18066,True,False,False,False
9408,True,False,False,False
9383,True,False,False,False
6983,True,False,False,False
1398,True,False,False,False
3698,True,False,False,False
6635,True,False,False,False
2078,True,False,False,False
9626,True,False,False,False
10727,True,False,False,False
9328,True,False,False,False
6620,True,False,False,False
12188,False,True,True,True
5428,True,False,False,False
9568,True,False,False,False
16610,True,False,False,False
13610,True,False,False,False
13304,False,False,False,False
7914,True,False,False,False
8819,True,False,False,False
3460,True,False,False,False
13053,True,False,False,False
1153,True,False,False,False
15717,True,False,False,False
12438,True,False,False,False
11675,True,False,False,False
7750,True,False,False,False
2765,True,False,False,False
5663,True,False,False,False
12135,True,False,False,False
8431,True,False,False,False
7997,True,False,False,False
16345,True,False,False,False
4991,True,False,False,False
12385,True,False,False,False
17597,True,False,False,False
3719,True,False,False,False
1269,True,False,False,False
19008,True,False,False,False
10646,True,False,False,False
1677,True,False,False,False
974,True,False,False,False
5274,True,False,False,False
13002,True,False,False,False
14005,True,False,False,False
13353,True,False,False,False
3447,True,False,False,False
15723,True,False,False,False
8789,False,True,True,True
293,True,False,False,False
10218,True,False,False,False
14949,True,False,False,False
1206,True,False,False,False
17221,True,False,False,False
838,True,False,False,False
12476,True,False,False,False
8007,True,False,False,False
13269,True,False,False,False
3725,True,False,False,False
17644,True,False,False,False
10724,True,False,False,False
8441,True,False,False,False
11661,True,False,False,False
16613,True,False,False,False
7326,True,False,False,False
17302,True,False,False,False
5438,False,False,False,False
11023,True,False,False,False
11754,True,False,False,False
11145,True,False,False,False
17572,True,False,False,False
4453,True,False,False,False
13914,False,False,False,False
1046,True,False,False,False
9409,True,False,False,False
10112,True,False,False,False
297,True,False,False,False
11458,True,False,False,False
19087,True,False,False,False
4155,True,False,False,False
6340,True,False,False,False
11353,True,False,False,False
5624,True,False,False,False
9022,True,False,False,False
11530,True,False,False,False
10579,True,False,False,False
4877,True,False,False,False
406,True,False,False,False
2538,True,False,False,False
19200,True,False,False,False
4460,True,False,False,False
10119,True,False,False,False
15308,False,False,False,False
4084,True,False,False,False
8772,True,False,False,False
6607,True,False,False,False
15132,True,False,False,False
868,False,False,True,False
6629,True,False,False,False
2809,False,False,False,False
17447,True,False,False,False
373,True,False,False,False
14747,True,False,False,False
7852,True,False,False,False
13170,True,False,False,False
689,True,False,False,False
10733,True,False,False,False
12083,True,False,False,False
6319,True,False,False,False
83,True,False,False,False
17770,True,False,False,False
203,True,False,False,False
17804,False,True,False,False
880,True,False,False,False
9848,True,False,False,False
13358,True,False,False,False
2775,True,False,False,False
15484,True,False,False,False
9948,True,False,False,False
828,True,False,False,False
12706,True,False,False,False
15098,True,False,False,False
13812,True,False,False,False
10604,True,False,False,False
4766,True,False,False,False
688,True,False,False,False
11572,True,False,False,False
15775,True,False,False,False
9564,True,False,False,False
7688,True,False,False,False
1603,True,False,False,False
3363,True,False,False,False
12233,True,False,False,False
6943,True,False,False,False
9167,True,False,False,False
8699,True,False,False,False
8327,True,False,False,False
2807,False,False,False,False
12136,True,False,False,False
8019,True,False,False,False
12497,True,False,False,False
9608,True,False,False,False
16837,False,False,False,False
12437,True,False,False,False
5482,True,False,False,False
16014,True,False,False,False
1955,True,False,False,False
18924,True,False,False,False
13511,True,False,False,False
5895,True,False,False,False
13868,True,False,False,False
13283,True,False,False,False
1546,True,False,False,False
3890,True,False,False,False
11892,True,False,False,False
439,True,False,False,False
17715,True,False,False,False
2147,True,False,False,False
8723,True,False,False,False
11942,True,False,False,False
16916,True,False,False,False
808,True,False,False,False
12712,True,False,False,False
10902,True,False,False,False
13056,True,False,False,False
11456,True,False,False,False
3723,True,False,False,False
5413,True,False,False,False
7669,True,False,False,False
7057,True,False,False,False
1457,True,False,False,False
10953,True,False,False,False
8186,True,False,False,False
12207,True,False,False,False
5290,True,False,False,False
16650,True,False,False,False
7483,True,False,False,False
6118,True,False,False,False
314,True,False,False,False
5625,True,False,False,False
8508,True,False,False,False
13869,True,False,False,False
679,True,False,False,False
3979,True,False,False,False
12775,False,True,False,False
13129,True,False,False,False
13329,True,False,False,False
18829,True,False,False,False
10418,False,True,False,False
8928,True,False,False,False
10588,True,False,False,False
4410,True,False,False,False
4599,True,False,False,False
19002,True,False,False,False
10466,True,False,False,False
4480,True,False,False,False
6423,True,False,False,False
5754,True,False,False,False
7557,True,False,False,False
7088,True,False,False,False
8278,True,False,False,False
3664,True,False,False,False
2701,True,False,False,False
4066,True,False,False,False
15005,True,False,False,False
18653,True,False,False,False
8174,True,False,False,False
9310,True,False,False,False
3652,True,False,False,False
19214,True,False,False,False
17629,True,False,False,False
12274,True,False,False,False
2594,True,False,False,False
15684,True,False,False,False
8742,True,False,False,False
6963,True,False,False,False
673,True,False,False,False
12898,True,False,False,False
4425,True,False,False,False
1152,True,False,False,False
17908,True,False,False,False
11800,True,False,False,False
17667,True,False,False,False
10144,True,False,False,False
12764,True,False,False,False
784,True,False,False,False
11688,True,False,False,False
10788,True,False,False,False
1888,True,False,False,False
6493,True,False,False,False
3253,True,False,False,False
2458,True,False,False,False
15975,True,False,False,False
559,True,False,False,False
254,True,False,False,False
1508,True,False,False,False
9152,True,False,False,False
7029,True,False,False,False
8943,True,False,False,False
1909,True,False,False,False
13072,True,False,False,False
3189,True,False,False,False
5443,True,False,False,False
2457,True,False,False,False
16059,True,False,False,False
15967,True,False,False,False
4078,True,False,False,False
14875,True,False,False,False
2556,True,False,False,False
12901,True,False,False,False
7025,True,False,False,False
19118,True,False,False,False
3753,True,False,False,False
12142,True,False,False,False
13889,True,False,False,False
6953,True,False,False,False
16322,True,False,False,False
2806,False,False,False,False
2528,True,False,False,False
2823,True,False,False,False
11604,True,False,False,False
9141,False,False,False,False
4819,True,False,False,False
7509,True,False,False,False
2394,True,False,False,False
7501,True,False,False,False
6989,True,False,False,False
4664,True,False,False,False
9618,True,False,False,False
12816,True,False,False,False
11756,True,False,False,False
18588,True,False,False,False
13867,True,False,False,False
1565,True,False,False,False
11919,True,False,False,False
13879,True,False,False,False
16133,True,False,False,False
3976,True,False,False,False
15039,True,False,False,False
153,True,False,False,False
12349,True,False,False,False
7973,True,False,False,False
13755,True,False,False,False
7713,True,False,False,False
10643,True,False,False,False
16267,True,False,False,False
9720,True,False,False,False
593,True,False,False,False
2680,True,False,False,False
7603,True,False,False,False
4518,True,False,False,False
16192,True,False,False,False
9844,True,False,False,False
19049,True,False,False,False
9988,True,False,False,False
7564,True,False,False,False
15334,True,False,False,False
19173,True,False,False,False
2148,True,False,False,False
1432,True,False,False,False
5284,True,False,False,False
6805,True,False,False,False
872,True,False,False,False
5196,True,False,False,False
7083,True,False,False,False
12848,True,False,False,False
2354,True,False,False,False
13802,True,False,False,False
6839,True,False,False,False
2423,True,False,False,False
11574,True,False,False,False
903,True,False,False,False
8547,True,False,False,False
18368,True,False,False,False
8955,True,False,False,False
15808,True,False,False,False
16843,False,True,True,True
7531,True,False,False,False
8520,True,False,False,False
16985,True,False,False,False
7129,True,False,False,False
4930,True,False,False,False
12782,True,False,False,False
6124,True,False,False,False
10720,True,False,False,False
12063,True,False,False,False
12394,True,False,False,False
14104,True,False,False,False
1407,True,False,False,False
15037,True,False,False,False
8544,True,False,False,False
11659,True,False,False,False
3633,True,False,False,False
623,False,False,True,False
13144,True,False,False,False
17652,True,False,False,False
16654,True,False,False,False
1928,True,False,False,False
2374,True,False,False,False
4917,True,False,False,False
15968,True,False,False,False
6540,True,False,False,False
7819,True,False,False,False
11419,True,False,False,False
9374,True,False,False,False
10587,True,False,False,False
8609,True,False,False,False
6022,True,False,False,False
4867,True,False,False,False
1078,True,False,False,False
4391,True,False,False,False
4279,True,False,False,False
9176,True,False,False,False
16984,True,False,False,False
15713,True,False,False,False
3100,True,False,False,False
7553,True,False,False,False
2935,True,False,False,False
1197,True,False,False,False
18020,True,False,False,False
12023,True,False,False,False
13890,True,False,False,False
2248,True,False,False,False
14134,True,False,False,False
9637,True,False,False,False
681,True,False,False,False
11525,True,False,False,False
16820,True,False,False,False
18303,True,False,False,False
3686,True,False,False,False
253,True,False,False,False
1777,True,False,False,False
12758,True,False,False,False
7868,True,False,False,False
5907,True,False,False,False
7034,True,False,False,False
1113,True,False,False,False
1562,True,False,False,False
17385,True,False,False,False
819,True,False,False,False
3527,True,False,False,False
11310,True,False,False,False
11372,True,False,False,False
1772,True,False,False,False
16678,True,False,False,False
13143,True,False,False,False
683,True,False,False,False
12320,True,False,False,False
11627,True,False,False,False
10685,True,False,False,False
1980,True,False,False,False
5505,True,False,False,False
4568,True,False,False,False
10095,True,False,False,False
17673,True,False,False,False
13299,True,False,False,False
9342,True,False,False,False
19101,True,False,False,False
5699,True,False,False,False
16389,True,False,False,False
12579,True,False,False,False
12493,False,False,False,False
9682,True,False,False,False
6913,True,False,False,False
7929,True,False,False,False
16827,True,False,False,False
1481,True,False,False,False
8085,True,False,False,False
5495,True,False,False,False
6112,True,False,False,False
7548,True,False,False,False
3187,True,False,False,False
8006,True,False,False,False
9279,True,False,False,False
11735,True,False,False,False
19009,True,False,False,False
11295,True,False,False,False
19204,True,False,False,False
12630,True,False,False,False
10337,True,False,False,False
13510,True,False,False,False
15099,True,False,False,False
11077,True,False,False,False
12192,True,False,False,False
1674,True,False,False,False
13829,True,False,False,False
13450,True,False,False,False
17094,True,False,False,False
19119,True,False,False,False
15274,True,False,False,False
9739,True,False,False,False
5580,True,False,False,False
9962,False,True,False,False
4762,True,False,False,False
3680,True,False,False,False
1212,True,False,False,False
3426,True,False,False,False
1653,True,False,False,False
462,True,False,False,False
15368,True,False,False,False
16078,True,False,False,False
8023,True,False,False,False
13347,True,False,False,False
9815,True,False,False,False
18784,True,False,False,False
6958,True,False,False,False
224,True,False,False,False
17064,True,False,False,False
16222,True,False,False,False
8985,True,False,False,False
5362,True,False,False,False
5620,True,False,False,False
5463,True,False,False,False
1688,False,False,False,False
5648,True,False,False,False
3584,True,False,False,False
16304,True,False,False,False
10424,True,False,False,False
4946,True,False,False,False
9473,True,False,False,False
11631,True,False,False,False
1559,True,False,False,False
8776,True,False,False,False
4271,True,False,False,False
1309,True,False,False,False
9926,False,True,False,False
13247,True,False,False,False
9723,True,False,False,False
1125,True,False,False,False
18029,True,False,False,False
10789,True,False,False,False
18609,True,False,False,False
16186,True,False,False,False
16259,True,False,False,False
15034,True,False,False,False
11846,True,False,False,False
1330,True,False,False,False
8514,True,False,False,False
10891,True,False,False,False
18532,True,False,False,False
6926,True,False,False,False
16031,True,False,False,False
15997,True,False,False,False
4136,True,False,False,False
5612,True,False,False,False
12891,True,False,False,False
9908,True,False,False,False
7299,True,False,False,False
12327,True,False,False,False
11463,True,False,False,False
15933,True,False,False,False
12228,True,False,False,False
7767,True,False,False,False
4401,True,False,False,False
2038,False,False,False,False
11460,True,False,False,False
16394,True,False,False,False
16346,True,False,False,False
8926,True,False,False,False
16189,True,False,False,False
4961,True,False,False,False
1598,True,False,False,False
5932,True,False,False,False
13571,True,False,False,False
9369,True,False,False,False
4114,True,False,False,False
7608,True,False,False,False
1915,True,False,False,False
18245,True,False,False,False
10731,True,False,False,False
9784,True,False,False,False
18499,True,False,False,False
13267,True,False,False,False
4174,True,False,False,False
9845,True,False,False,False
10460,False,False,False,False
5583,True,False,False,False
3964,True,False,False,False
4628,True,False,False,False
12859,True,False,False,False
13253,True,False,False,False
8543,True,False,False,False
1448,True,False,False,False
14925,True,False,False,False
6299,True,False,False,False
16351,True,False,False,False
1151,True,False,False,False
3763,True,False,False,False
4129,True,False,False,False
11352,True,False,False,False
10760,True,False,False,False
11915,True,False,False,False
9023,True,False,False,False
5215,True,False,False,False
8991,True,False,False,False
4856,True,False,False,False
10158,True,False,False,False
15105,True,False,False,False
16258,True,False,False,False
15324,True,False,False,False
9242,True,False,False,False
4884,True,False,False,False
16327,True,False,False,False
220,True,False,False,False
6957,True,False,False,False
6262,True,False,False,False
13106,True,False,False,False
16994,False,False,False,False
12039,True,False,False,False
5645,True,False,False,False
12618,True,False,False,False
8587,True,False,False,False
17131,True,False,False,False
7423,True,False,False,False
12362,True,False,False,False
11368,True,False,False,False
1766,True,False,False,False
16969,True,False,False,False
10790,True,False,False,False
11708,True,False,False,False
18372,True,False,False,False
5160,True,False,False,False
4673,True,False,False,False
9933,True,False,False,False
8405,True,False,False,False
3740,True,False,False,False
3581,True,False,False,False
5698,True,False,False,False
16170,True,False,False,False
15057,True,False,False,False
987,True,False,False,False
1063,True,False,False,False
10690,True,False,False,False
11975,True,False,False,False
5489,True,False,False,False
16955,True,False,False,False
7362,True,False,False,False
9644,True,False,False,False
7964,True,False,False,False
1211,True,False,False,False
4646,True,False,False,False
14868,True,False,False,False
12127,True,False,False,False
357,True,False,False,False
2906,True,False,False,False
8388,True,False,False,False
13774,True,False,False,False
16188,True,False,False,False
14169,True,False,False,False
11755,True,False,False,False
5093,True,False,False,False
8604,True,False,False,False
11094,False,False,False,False
9375,True,False,False,False
13408,True,False,False,False
1948,False,False,False,False
12482,True,False,False,False
18323,True,False,False,False
10954,True,False,False,False
7565,True,False,False,False
13902,True,False,False,False
12417,True,False,False,False
12289,True,False,False,False
11044,True,False,False,False
11466,True,False,False,False
7188,True,False,False,False
13725,True,False,False,False
6969,True,False,False,False
2593,True,False,False,False
3703,True,False,False,False
10336,True,False,False,False
18654,True,False,False,False
6803,True,False,False,False
3689,True,False,False,False
8191,True,False,False,False
14970,True,False,False,False
13589,True,False,False,False
15123,True,False,False,False
3880,True,False,False,False
15904,True,False,False,False
5696,True,False,False,False
9688,True,False,False,False
17236,True,False,False,False
8275,True,False,False,False
11437,True,False,False,False
7787,True,False,False,False
9414,True,False,False,False
4188,True,False,False,False
15821,True,False,False,False
1551,True,False,False,False
9635,True,False,False,False
10738,True,False,False,False
15407,True,False,False,False
3767,True,False,False,False
14808,True,False,False,False
1569,True,False,False,False
8929,True,False,False,False
16164,True,False,False,False
8326,True,False,False,False
663,True,False,False,False
12643,False,True,True,True
19004,True,False,False,False
13420,True,False,False,False
5598,True,False,False,False
9103,True,False,False,False
1660,True,False,False,False
7591,True,False,False,False
13142,True,False,False,False
11350,True,False,False,False
12189,False,True,True,True
15294,True,False,False,False
4200,True,False,False,False
68,True,False,False,False
15309,False,False,False,False
8220,True,False,False,False
12002,True,False,False,False
16620,True,False,False,False
16439,True,False,False,False
5199,True,False,False,False
17128,True,False,False,False
12293,True,False,False,False
383,True,False,False,False
12468,True,False,False,False
10280,True,False,False,False
10903,True,False,False,False
5288,True,False,False,False
6059,True,False,False,False
4925,True,False,False,False
5338,True,False,False,False
10982,True,False,False,False
13104,False,False,False,False
5613,True,False,False,False
10617,True,False,False,False
5606,True,False,False,False
4717,True,False,False,False
10188,True,False,False,False
9935,True,False,False,False
4473,True,False,False,False
14870,True,False,False,False
17594,True,False,False,False
16942,True,False,False,False
6838,True,False,False,False
13468,True,False,False,False
14992,True,False,False,False
3804,True,False,False,False
3500,True,False,False,False
8745,True,False,False,False
10428,True,False,False,False
14873,True,False,False,False
6993,True,False,False,False
6470,True,False,False,False
8552,True,False,False,False
13359,True,False,False,False
10006,True,False,False,False
13195,True,False,False,False
4400,True,False,False,False
12253,True,False,False,False
8545,True,False,False,False
16237,True,False,False,False
682,True,False,False,False
10485,True,False,False,False
5467,True,False,False,False
9773,True,False,False,False
7156,True,False,False,False
17400,True,False,False,False
13598,True,False,False,False
10999,False,True,False,False
4629,True,False,False,False
11745,True,False,False,False
11093,False,False,False,False
5198,True,False,False,False
4006,True,False,False,False
9770,True,False,False,False
10241,True,False,False,False
1768,True,False,False,False
14916,False,False,False,False
300,True,False,False,False
7095,True,False,False,False
6928,True,False,False,False
10352,True,False,False,False
15088,True,False,False,False
6858,True,False,False,False
7087,True,False,False,False
18762,True,False,False,False
10602,True,False,False,False
18772,True,False,False,False
15648,True,False,False,False
12947,True,False,False,False
4587,True,False,False,False
13516,True,False,False,False
11308,True,False,False,False
6772,True,False,False,False
1960,True,False,False,False
1327,True,False,False,False
378,True,False,False,False
3864,True,False,False,False
18249,True,False,False,False
4559,True,False,False,False
6024,True,False,False,False
3793,True,False,False,False
12177,True,False,False,False
6347,True,False,False,False
15794,True,False,False,False
2379,True,False,False,False
9088,True,False,False,False
15722,True,False,False,False
1476,True,False,False,False
11752,True,False,False,False
16077,True,False,False,False
1679,True,False,False,False
17107,True,False,False,False
2760,True,False,False,False
14923,True,False,False,False
6233,True,False,False,False
2794,True,False,False,False
8310,True,False,False,False
10672,True,False,False,False
10746,True,False,False,False
309,True,False,False,False
18934,True,False,False,False
3713,True,False,False,False
1664,True,False,False,False
6234,True,False,False,False
10168,True,False,False,False
12584,True,False,False,False
1707,True,False,False,False
13337,True,False,False,False
7118,True,False,False,False
15383,True,False,False,False
6981,True,False,False,False
15061,True,False,False,False
3315,True,False,False,False
9372,True,False,False,False
5060,True,False,False,False
12625,True,False,False,False
6354,True,False,False,False
19250,True,False,False,False
2187,True,False,False,False
12013,False,True,True,True
6333,True,False,False,False
408,True,False,False,False
9989,True,False,False,False
6094,True,False,False,False
14089,True,False,False,False
18349,True,False,False,False
4335,True,False,False,False
18295,True,False,False,False
9105,True,False,False,False
1391,True,False,False,False
4270,True,False,False,False
14057,True,False,False,False
15818,True,False,False,False
2145,True,False,False,False
9721,True,False,False,False
13508,True,False,False,False
3377,True,False,False,False
6783,True,False,False,False
34,True,False,False,False
7143,True,False,False,False
17560,False,True,False,False
16012,True,False,False,False
1683,True,False,False,False
5973,True,False,False,False
3863,True,False,False,False
6334,True,False,False,False
5993,True,False,False,False
18252,True,False,False,False
6167,True,False,False,False
16851,True,False,False,False
6834,True,False,False,False
5773,True,False,False,False
15679,True,False,False,False
12602,True,False,False,False
13611,True,False,False,False
5275,True,False,False,False
3847,True,False,False,False
13647,True,False,False,False
1223,True,False,False,False
17002,True,False,False,False
7150,True,False,False,False
7563,True,False,False,False
7930,True,False,False,False
8906,True,False,False,False
263,True,False,False,False
6843,True,False,False,False
3292,True,False,False,False
7146,True,False,False,False
5474,True,False,False,False
4443,True,False,False,False
8703,True,False,False,False
11690,False,True,False,False
13594,True,False,False,False
6704,True,False,False,False
6784,True,False,False,False
10217,True,False,False,False
1183,True,False,False,False
1177,True,False,False,False
12718,True,False,False,False
1423,True,False,False,False
8787,False,True,True,True
18939,True,False,False,False
5353,True,False,False,False
273,True,False,False,False
210,True,False,False,False
16989,True,False,False,False
16824,True,False,False,False
18254,True,False,False,False
13419,True,False,False,False
1588,True,False,False,False
3094,True,False,False,False
7273,False,False,False,False
9681,True,False,False,False
17782,True,False,False,False
2202,True,False,False,False
9389,True,False,False,False
16829,True,False,False,False
10413,True,False,False,False
13180,True,False,False,False
11579,True,False,False,False
12387,True,False,False,False
2950,True,False,False,False
9207,False,False,False,False
3384,True,False,False,False
12845,True,False,False,False
6827,True,False,False,False
13163,True,False,False,False
190,True,False,False,False
7244,True,False,False,False
16408,True,False,False,False
693,True,False,False,False
12332,True,False,False,False
18378,True,False,False,False
13462,True,False,False,False
10173,True,False,False,False
10134,True,False,False,False
6832,True,False,False,False
1933,True,False,False,False
17678,True,False,False,False
18578,True,False,False,False
11198,True,False,False,False
2793,True,False,False,False
1205,True,False,False,False
11543,False,False,False,False
15109,True,False,False,False
8689,True,False,False,False
12227,True,False,False,False
12690,True,False,False,False
9789,True,False,False,False
12951,False,False,False,False
2328,True,False,False,False
4729,True,False,False,False
11765,True,False,False,False
10189,True,False,False,False
4818,True,False,False,False
7943,True,False,False,False
2203,True,False,False,False
8557,True,False,False,False
5622,True,False,False,False
4616,True,False,False,False
10703,True,False,False,False
6833,True,False,False,False
3728,True,False,False,False
11568,True,False,False,False
5106,True,False,False,False
7524,True,False,False,False
10108,True,False,False,False
10740,True,False,False,False
4497,True,False,False,False
2155,True,False,False,False
10139,True,False,False,False
3445,True,False,False,False
11569,True,False,False,False
4438,True,False,False,False
5384,True,False,False,False
9094,True,False,False,False
1196,True,False,False,False
1264,True,False,False,False
8708,True,False,False,False
16597,True,False,False,False
1361,True,False,False,False
767,True,False,False,False
9144,False,False,False,False
16344,True,False,False,False
9357,True,False,False,False
3063,True,False,False,False
17133,True,False,False,False
179,True,False,False,False
16614,True,False,False,False
15641,True,False,False,False
16424,True,False,False,False
1170,True,False,False,False
2972,True,False,False,False
8068,True,False,False,False
15176,True,False,False,False
5030,True,False,False,False
3437,True,False,False,False
4095,True,False,False,False
1672,True,False,False,False
1937,True,False,False,False
6955,True,False,False,False
9482,True,False,False,False
3184,True,False,False,False
6992,True,False,False,False
7159,True,False,False,False
12940,True,False,False,False
7320,True,False,False,False
5086,True,False,False,False
5183,True,False,False,False
17703,True,False,False,False
17445,True,False,False,False
7539,True,False,False,False
18742,True,False,False,False
11329,True,False,False,False
7785,True,False,False,False
7097,True,False,False,False
12451,True,False,False,False
4098,True,False,False,False
11404,True,False,False,False
15377,True,False,False,False
15092,True,False,False,False
10758,True,False,False,False
8946,True,False,False,False
5399,True,False,False,False
10187,True,False,False,False
7468,True,False,False,False
10484,True,False,False,False
4769,True,False,False,False
4892,False,False,False,False
12430,True,False,False,False
7643,False,False,False,False
4904,True,False,False,False
17553,False,True,True,True
15727,True,False,False,False
7728,True,False,False,False
1104,True,False,False,False
4886,True,False,False,False
15987,True,False,False,False
543,True,False,False,False
12694,True,False,False,False
9135,True,False,False,False
5385,True,False,False,False
5582,True,False,False,False
7402,True,False,False,False
15801,True,False,False,False
17020,True,False,False,False
12488,True,False,False,False
587,True,False,False,False
3953,True,False,False,False
17004,True,False,False,False
8164,True,False,False,False
16348,True,False,False,False
17392,True,False,False,False
18803,True,False,False,False
16677,True,False,False,False
3623,True,False,False,False
5659,True,False,False,False
5480,True,False,False,False
9261,True,False,False,False
11148,True,False,False,False
5166,True,False,False,False
7594,True,False,False,False
5104,True,False,False,False
10275,True,False,False,False
6528,True,False,False,False
1710,True,False,False,False
1661,True,False,False,False
7566,True,False,False,False
10951,True,False,False,False
4836,True,False,False,False
7425,True,False,False,False
17052,True,False,False,False
12012,False,True,True,True
9211,True,False,False,False
11438,True,False,False,False
17230,True,False,False,False
17910,True,False,False,False
2552,True,False,False,False
16324,True,False,False,False
6346,True,False,False,False
15340,True,False,False,False
825,True,False,False,False
12900,True,False,False,False
17109,True,False,False,False
5039,True,False,False,False
4238,True,False,False,False
4803,True,False,False,False
8603,True,False,False,False
6169,True,False,False,False
108,True,False,False,False
9373,True,False,False,False
1908,True,False,False,False
10250,True,False,False,False
8458,True,False,False,False
13495,True,False,False,False
16180,True,False,False,False
16859,True,False,False,False
6515,True,False,False,False
9983,True,False,False,False
15049,True,False,False,False
3556,True,False,False,False
7769,True,False,False,False
9442,True,False,False,False
6466,True,False,False,False
4003,True,False,False,False
4649,True,False,False,False
15960,True,False,False,False
7528,True,False,False,False
8065,True,False,False,False
9268,True,False,False,False
13838,True,False,False,False
3879,True,False,False,False
9504,True,False,False,False
904,True,False,False,False
10545,True,False,False,False
19050,True,False,False,False
15681,True,False,False,False
15527,True,False,False,False
12919,True,False,False,False
18164,True,False,False,False
13583,True,False,False,False
8863,True,False,False,False
11038,True,False,False,False
5608,True,False,False,False
2483,True,False,False,False
7144,True,False,False,False
11384,True,False,False,False
8432,True,False,False,False
18593,True,False,False,False
1817,True,False,False,False
9406,True,False,False,False
6105,True,False,False,False
3903,True,False,False,False
12693,True,False,False,False
11779,True,False,False,False
4239,True,False,False,False
5764,True,False,False,False
2719,True,False,False,False
9902,True,False,False,False
15815,True,False,False,False
4997,True,False,False,False
3853,True,False,False,False
8707,True,False,False,False
2787,True,False,False,False
12309,True,False,False,False
10896,True,False,False,False
1510,True,False,False,False
2164,True,False,False,False
5893,True,False,False,False
17103,True,False,False,False
5278,True,False,False,False
283,True,False,False,False
3190,True,False,False,False
12044,True,False,False,False
9474,True,False,False,False
3758,True,False,False,False
10470,True,False,False,False
10717,True,False,False,False
5581,True,False,False,False
9785,True,False,False,False
8439,True,False,False,False
2664,True,False,False,False
724,True,False,False,False
3304,True,False,False,False
10707,True,False,False,False
211,True,False,False,False
9598,True,False,False,False
4117,True,False,False,False
12763,True,False,False,False
7514,True,False,False,False
18315,True,False,False,False
797,True,False,False,False
1403,True,False,False,False
9629,True,False,False,False
12789,True,False,False,False
9028,True,False,False,False
8548,True,False,False,False
10123,True,False,False,False
3912,True,False,False,False
13168,True,False,False,False
3332,True,False,False,False
14129,True,False,False,False
10263,True,False,False,False
2724,True,False,False,False
7727,True,False,False,False
17343,True,False,False,False
18809,True,False,False,False
6494,True,False,False,False
13342,True,False,False,False
9881,True,False,False,False
2955,True,False,False,False
11127,True,False,False,False
8002,True,False,False,False
13464,True,False,False,False
9384,True,False,False,False
11142,True,False,False,False
753,True,False,False,False
15322,True,False,False,False
15819,True,False,False,False
759,True,False,False,False
18793,True,False,False,False
8095,True,False,False,False
1685,False,False,False,False
9438,True,False,False,False
15235,True,False,False,False
7295,True,False,False,False
9911,True,False,False,False
7440,True,False,False,False
208,True,False,False,False
8429,True,False,False,False
12287,True,False,False,False
9024,True,False,False,False
13524,True,False,False,False
9857,True,False,False,False
1656,True,False,False,False
1188,True,False,False,False
4837,True,False,False,False
18318,True,False,False,False
11479,True,False,False,False
8950,True,False,False,False
10423,True,False,False,False
16130,True,False,False,False
15106,True,False,False,False
18179,True,False,False,False
4315,True,False,False,False
16250,True,False,False,False
5143,True,False,False,False
6506,True,False,False,False
13807,True,False,False,False
16303,True,False,False,False
11465,True,False,False,False
1939,True,False,False,False
7091,True,False,False,False
17772,True,False,False,False
12636,True,False,False,False
5461,True,False,False,False
18475,True,False,False,False
14935,True,False,False,False
4821,True,False,False,False
12397,True,False,False,False
12592,True,False,False,False
7128,True,False,False,False
7777,True,False,False,False
10399,True,False,False,False
10083,True,False,False,False
12143,True,False,False,False
17211,True,False,False,False
15063,True,False,False,False
9202,True,False,False,False
1322,True,False,False,False
5303,True,False,False,False
18369,True,False,False,False
5897,True,False,False,False
12042,True,False,False,False
16956,True,False,False,False
9448,True,False,False,False
12393,True,False,False,False
1725,True,False,False,False
5329,True,False,False,False
6693,True,False,False,False
11501,True,False,False,False
13479,True,False,False,False
13656,True,False,False,False
7499,True,False,False,False
9423,True,False,False,False
6888,True,False,False,False
18044,True,False,False,False
5775,True,False,False,False
12382,True,False,False,False
10548,True,False,False,False
5688,False,False,True,False
15511,True,False,False,False
4464,True,False,False,False
5383,True,False,False,False
8082,False,False,False,False
4822,True,False,False,False
18858,True,False,False,False
4454,True,False,False,False
13653,True,False,False,False
15408,True,False,False,False
1433,True,False,False,False
305,True,False,False,False
13663,True,False,False,False
17074,True,False,False,False
12849,True,False,False,False
10212,True,False,False,False
395,True,False,False,False
4777,True,False,False,False
1587,True,False,False,False
6481,True,False,False,False
16144,True,False,False,False
1568,True,False,False,False
12598,False,False,False,False
5959,True,False,False,False
17653,True,False,False,False
8784,False,True,True,True
4888,True,False,False,False
5506,True,False,False,False
18777,True,False,False,False
11126,True,False,False,False
6634,True,False,False,False
7383,True,False,False,False
5298,False,False,False,False
6964,True,False,False,False
7472,True,False,False,False
1479,True,False,False,False
16239,True,False,False,False
6267,True,False,False,False
2406,True,False,False,False
3553,True,False,False,False
2624,True,False,False,False
9249,True,False,False,False
9380,True,False,False,False
12187,False,True,True,True
12538,True,False,False,False
1048,True,False,False,False
18639,True,False,False,False
4176,True,False,False,False
1020,True,False,False,False
8873,True,False,False,False
2352,True,False,False,False
5508,True,False,False,False
13017,True,False,False,False
17459,True,False,False,False
16412,True,False,False,False
9468,True,False,False,False
16132,True,False,False,False
18296,True,False,False,False
762,True,False,False,False
5167,True,False,False,False
19144,True,False,False,False
3590,True,False,False,False
11065,True,False,False,False
1783,True,False,False,False
15231,True,False,False,False
7158,True,False,False,False
16660,True,False,False,False
10107,True,False,False,False
3525,True,False,False,False
6538,True,False,False,False
7502,True,False,False,False
15058,True,False,False,False
3582,True,False,False,False
16055,True,False,False,False
1225,True,False,False,False
12282,True,False,False,False
16568,True,False,False,False
16507,True,False,False,False
3872,True,False,False,False
11325,True,False,False,False
7055,True,False,False,False
13205,False,True,False,False
15341,True,False,False,False
417,True,False,False,False
7768,True,False,False,False
12659,True,False,False,False
17168,False,False,False,False
10881,True,False,False,False
12139,True,False,False,False
11843,True,False,False,False
43,True,False,False,False
8438,True,False,False,False
6585,True,False,False,False
3038,True,False,False,False
1969,True,False,False,False
18714,True,False,False,False
1024,True,False,False,False
10213,True,False,False,False
5550,True,False,False,False
8917,True,False,False,False
2729,True,False,False,False
2704,True,False,False,False
579,True,False,False,False
287,True,False,False,False
15474,True,False,False,False
7354,True,False,False,False
8823,True,False,False,False
8958,True,False,False,False
76,True,False,False,False
15962,True,False,False,False
2035,False,False,False,False
9855,True,False,False,False
11537,True,False,False,False
18462,True,False,False,False
6351,True,False,False,False
9240,True,False,False,False
12999,True,False,False,False
12811,True,False,False,False
11217,True,False,False,False
3009,True,False,False,False
15494,True,False,False,False
5808,True,False,False,False
12210,True,False,False,False
15859,True,False,False,False
8189,True,False,False,False
10516,True,False,False,False
5664,True,False,False,False
16992,False,False,False,False
1667,True,False,False,False
13387,True,False,False,False
9143,False,False,False,False
3406,True,False,False,False
11207,False,False,False,False
7162,True,False,False,False
13322,True,False,False,False
12581,True,False,False,False
6758,True,False,False,False
18765,True,False,False,False
2017,True,False,False,False
2544,True,False,False,False
9978,True,False,False,False
9932,True,False,False,False
9337,True,False,False,False
6759,True,False,False,False
11562,False,False,False,False
11097,True,False,False,False
972,True,False,False,False
448,True,False,False,False
5810,True,False,False,False
15403,True,False,False,False
9569,True,False,False,False
16318,True,False,False,False
17573,True,False,False,False
11210,True,False,False,False
15686,True,False,False,False
13515,True,False,False,False
1360,True,False,False,False
7152,True,False,False,False
13588,True,False,False,False
12705,True,False,False,False
15325,True,False,False,False
12354,True,False,False,False
1959,True,False,False,False
8635,True,False,False,False
16176,True,False,False,False
18914,True,False,False,False
4269,False,False,True,False
11351,True,False,False,False
8639,True,False,False,False
2008,True,False,False,False
2324,True,False,False,False
1729,True,False,False,False
3909,True,False,False,False
9868,True,False,False,False
6317,True,False,False,False
11377,True,False,False,False
13162,True,False,False,False
15162,True,False,False,False
18598,True,False,False,False
8411,True,False,False,False
15644,True,False,False,False
12671,True,False,False,False
3635,True,False,False,False
13107,True,False,False,False
14547,True,False,False,False
19258,True,False,False,False
2918,True,False,False,False
583,True,False,False,False
11995,True,False,False,False
12398,True,False,False,False
7492,True,False,False,False
1239,True,False,False,False
8160,True,False,False,False
4556,True,False,False,False
103,True,False,False,False
12144,True,False,False,False
101,True,False,False,False
3313,True,False,False,False
8852,True,False,False,False
11022,True,False,False,False
11199,True,False,False,False
2907,True,False,False,False
2707,True,False,False,False
11264,True,False,False,False
2093,True,False,False,False
4134,True,False,False,False
5382,True,False,False,False
9687,True,False,False,False
16353,True,False,False,False
16414,True,False,False,False
4926,True,False,False,False
15062,True,False,False,False
13268,True,False,False,False
17250,True,False,False,False
10675,True,False,False,False
12828,False,False,True,False
1000,True,False,False,False
16622,True,False,False,False
3992,True,False,False,False
15036,True,False,False,False
11043,True,False,False,False
9904,True,False,False,False
908,True,False,False,False
13811,True,False,False,False
18599,True,False,False,False
6988,True,False,False,False
5473,True,False,False,False
10169,True,False,False,False
15129,True,False,False,False
10391,True,False,False,False
11102,True,False,False,False
5990,True,False,False,False
7080,True,False,False,False
14239,True,False,False,False
9832,True,False,False,False
7858,True,False,False,False
4323,True,False,False,False
10952,True,False,False,False
8640,True,False,False,False
15728,True,False,False,False
9471,True,False,False,False
4964,True,False,False,False
7185,True,False,False,False
8771,True,False,False,False
12573,True,False,False,False
4578,True,False,False,False
6443,True,False,False,False
7925,True,False,False,False
8528,True,False,False,False
12370,True,False,False,False
6450,True,False,False,False
11361,True,False,False,False
10755,True,False,False,False
15719,True,False,False,False
7163,True,False,False,False
1324,True,False,False,False
2543,True,False,False,False
4632,True,False,False,False
13738,True,False,False,False
15115,False,False,False,False
18281,True,False,False,False
7760,True,False,False,False
10355,True,False,False,False
1891,True,False,False,False
10807,True,False,False,False
2161,True,False,False,False
10102,True,False,False,False
15044,True,False,False,False
755,True,False,False,False
11789,True,False,False,False
3117,True,False,False,False
10154,True,False,False,False
13063,True,False,False,False
8574,True,False,False,False
4761,True,False,False,False
1072,True,False,False,False
1523,True,False,False,False
704,True,False,False,False
11464,True,False,False,False
138,True,False,False,False
12557,True,False,False,False
563,True,False,False,False
13627,True,False,False,False
4593,True,False,False,False
4602,True,False,False,False
310,True,False,False,False
2900,True,False,False,False
6110,True,False,False,False
18778,True,False,False,False
303,True,False,False,False
74,True,False,False,False
6956,True,False,False,False
15019,True,False,False,False
11845,True,False,False,False
9942,True,False,False,False
4277,True,False,False,False
7010,True,False,False,False
6529,True,False,False,False
12842,True,False,False,False
11901,True,False,False,False
7503,True,False,False,False
577,True,False,False,False
19228,True,False,False,False
1209,True,False,False,False
4793,True,False,False,False
13215,False,True,False,False
10912,True,False,False,False
12939,True,False,False,False
11103,True,False,False,False
3248,True,False,False,False
11586,True,False,False,False
6214,True,False,False,False
2943,True,False,False,False
576,True,False,False,False
17768,True,False,False,False
6378,True,False,False,False
632,False,False,False,False
16315,True,False,False,False
10259,True,False,False,False
4879,True,False,False,False
9728,True,False,False,False
6664,True,False,False,False
17370,True,False,False,False
9419,False,True,False,False
18880,True,False,False,False
12943,True,False,False,False
13714,True,False,False,False
5632,True,False,False,False
5124,True,False,False,False
16954,True,False,False,False
3133,True,False,False,False
1572,True,False,False,False
13538,True,False,False,False
8305,True,False,False,False
5008,True,False,False,False
17119,True,False,False,False
9018,True,False,False,False
678,True,False,False,False
308,True,False,False,False
19020,True,False,False,False
9819,True,False,False,False
11777,True,False,False,False
13477,True,False,False,False
11506,True,False,False,False
17087,True,False,False,False
10711,True,False,False,False
9042,True,False,False,False
976,True,False,False,False
7182,True,False,False,False
2204,True,False,False,False
4118,True,False,False,False
7138,True,False,False,False
7967,True,False,False,False
15284,True,False,False,False
4178,True,False,False,False
5396,True,False,False,False
12582,True,False,False,False
12794,True,False,False,False
4488,True,False,False,False
7928,True,False,False,False
19171,True,False,False,False
11487,True,False,False,False
3995,True,False,False,False
1958,True,False,False,False
8403,True,False,False,False
7278,True,False,False,False
666,True,False,False,False
3358,True,False,False,False
11698,True,False,False,False
9738,True,False,False,False
6103,True,False,False,False
6649,True,False,False,False
16797,True,False,False,False
6213,True,False,False,False
9382,True,False,False,False
8269,True,False,False,False
8031,True,False,False,False
4109,True,False,False,False
9238,True,False,False,False
17592,True,False,False,False
2681,True,False,False,False
10223,True,False,False,False
3249,True,False,False,False
7409,True,False,False,False
15143,True,False,False,False
18958,True,False,False,False
12099,True,False,False,False
8445,False,False,False,False
1950,True,False,False,False
13528,True,False,False,False
10998,False,True,False,False
6020,True,False,False,False
3648,False,False,False,False
18353,True,False,False,False
2694,True,False,False,False
10197,True,False,False,False
16688,True,False,False,False
1776,True,False,False,False
1606,True,False,False,False
1669,True,False,False,False
7165,True,False,False,False
1680,True,False,False,False
7754,True,False,False,False
11578,True,False,False,False
5074,True,False,False,False
6454,True,False,False,False
15073,True,False,False,False
10547,True,False,False,False
13937,True,False,False,False
19151,True,False,False,False
13562,True,False,False,False
9407,True,False,False,False
1195,True,False,False,False
17677,True,False,False,False
6322,True,False,False,False
10734,True,False,False,False
10686,True,False,False,False
1500,True,False,False,False
6410,True,False,False,False
4899,True,False,False,False
1631,True,False,False,False
6587,True,False,False,False
5518,True,False,False,False
32,True,False,False,False
13161,True,False,False,False
948,True,False,False,False
12054,True,False,False,False
5408,True,False,False,False
3957,True,False,False,False
820,True,False,False,False
3589,True,False,False,False
17821,True,False,False,False
104,True,False,False,False
6537,True,False,False,False
9204,True,False,False,False
16933,True,False,False,False
5158,True,False,False,False
13357,True,False,False,False
4764,True,False,False,False
12477,True,False,False,False
3656,True,False,False,False
5619,True,False,False,False
2985,True,False,False,False
5501,True,False,False,False
4575,True,False,False,False
9821,True,False,False,False
2459,True,False,False,False
5643,True,False,False,False
11794,True,False,False,False
10553,True,False,False,False
11439,True,False,False,False
9692,True,False,False,False
17935,True,False,False,False
12606,True,False,False,False
2659,True,False,False,False
8768,True,False,False,False
12248,True,False,False,False
1,True,False,False,False
10997,False,True,False,False
9425,True,False,False,False
8148,True,False,False,False
12918,True,False,False,False
15969,True,False,False,False
10121,True,False,False,False
13839,True,False,False,False
15919,True,False,False,False
11275,True,False,False,False
8468,True,False,False,False
5376,True,False,False,False
12934,True,False,False,False
6588,True,False,False,False
796,True,False,False,False
8637,True,False,False,False
13893,True,False,False,False
11893,True,False,False,False
12819,True,False,False,False
17070,True,False,False,False
17881,True,False,False,False
10500,True,False,False,False
14967,True,False,False,False
4749,True,False,False,False
10687,True,False,False,False
4680,True,False,False,False
3116,True,False,False,False
11129,True,False,False,False
1558,True,False,False,False
7380,True,False,False,False
17593,True,False,False,False
8250,True,False,False,False
8652,True,False,False,False
10099,True,False,False,False
7153,True,False,False,False
10929,True,False,False,False
16798,True,False,False,False
10985,True,False,False,False
1715,True,False,False,False
1577,True,False,False,False
4206,True,False,False,False
12570,True,False,False,False
204,True,False,False,False
2515,True,False,False,False
11737,True,False,False,False
10990,True,False,False,False
16162,True,False,False,False
12119,True,False,False,False
10480,True,False,False,False
198,True,False,False,False
4920,True,False,False,False
313,True,False,False,False
13064,True,False,False,False
7378,True,False,False,False
2975,True,False,False,False
1608,True,False,False,False
1844,True,False,False,False
10756,True,False,False,False
2059,True,False,False,False
10118,True,False,False,False
9689,True,False,False,False
3877,True,False,False,False
4,True,False,False,False
3545,False,True,False,False
5785,True,False,False,False
15068,True,False,False,False
11808,True,False,False,False
8964,True,False,False,False
9934,True,False,False,False
2819,True,False,False,False
5354,True,False,False,False
12502,True,False,False,False
1600,True,False,False,False
2648,True,False,False,False
15053,True,False,False,False
9854,True,False,False,False
3548,False,True,False,False
12329,True,False,False,False
12950,True,False,False,False
16868,True,False,False,False
