problem_id,paper_id,arxiv_id,split,type,license_class,source_license
3429,2508.00409v1,2508.00409,train,fill_blank_100,arxiv-nonexclusive,http://arxiv.org/licenses/nonexclusive-distrib/1.0/
5043,2503.22378v1,2503.22378,train,fill_blank_75,arxiv-nonexclusive,http://arxiv.org/licenses/nonexclusive-distrib/1.0/
8862,2207.04744v1,2207.04744,train,fill_blank_50,cc-by-nc-nd,http://creativecommons.org/licenses/by-nc-nd/4.0/
11774,2402.06306v1,2402.06306,train,fill_blank_100,arxiv-nonexclusive,http://arxiv.org/licenses/nonexclusive-distrib/1.0/
4170,2505.18534v1,2505.18534,train,MCQ,cc-by-nc-nd,http://creativecommons.org/licenses/by-nc-nd/4.0/
12388,1508.00691v1,1508.00691,train,fill_blank_75,arxiv-nonexclusive,http://arxiv.org/licenses/nonexclusive-distrib/1.0/
1602,2503.08986v1,2503.08986,train,fill_blank_50,arxiv-nonexclusive,http://arxiv.org/licenses/nonexclusive-distrib/1.0/
15608,2303.03287v2,2303.03287,train,fill_blank_75,arxiv-nonexclusive,http://arxiv.org/licenses/nonexclusive-distrib/1.0/
8272,2507.10113v1,2507.10113,train,fill_blank_50,arxiv-nonexclusive,http://arxiv.org/licenses/nonexclusive-distrib/1.0/
12614,2412.19071v1,2412.19071,train,fill_blank_100,arxiv-nonexclusive,http://arxiv.org/licenses/nonexclusive-distrib/1.0/
15094,2403.00605v1,2403.00605,train,fill_blank_100,arxiv-nonexclusive,http://arxiv.org/licenses/nonexclusive-distrib/1.0/
16664,1810.09958v1,1810.09958,train,fill_blank_100,arxiv-nonexclusive,http://arxiv.org/licenses/nonexclusive-distrib/1.0/
3693,2505.15403v1,2505.15403,train,fill_blank_75,arxiv-nonexclusive,http://arxiv.org/licenses/nonexclusive-distrib/1.0/
17134,2501.02335v3,2501.02335,train,fill_blank_100,arxiv-nonexclusive,http://arxiv.org/licenses/nonexclusive-distrib/1.0/
8651,2507.09843v1,2507.09843,train,fill_blank_25,arxiv-nonexclusive,http://arxiv.org/licenses/nonexclusive-distrib/1.0/
5047,2503.22378v1,2503.22378,train,fill_blank_50,arxiv-nonexclusive,http://arxiv.org/licenses/nonexclusive-distrib/1.0/
7859,2506.17764v1,2506.17764,train,fill_blank_100,arxiv-nonexclusive,http://arxiv.org/licenses/nonexclusive-distrib/1.0/
15979,2012.01726v1,2012.01726,train,fill_blank_100,arxiv-nonexclusive,http://arxiv.org/licenses/nonexclusive-distrib/1.0/
3053,2505.12902v1,2505.12902,train,fill_blank_75,arxiv-nonexclusive,http://arxiv.org/licenses/nonexclusive-distrib/1.0/
18301,2501.06355v1,2501.06355,train,fill_blank_25,arxiv-nonexclusive,http://arxiv.org/licenses/nonexclusive-distrib/1.0/
4768,2503.10525v1,2503.10525,train,fill_blank_75,arxiv-nonexclusive,http://arxiv.org/licenses/nonexclusive-distrib/1.0/
14136,2302.05439v1,2302.05439,train,fill_blank_25,arxiv-nonexclusive,http://arxiv.org/licenses/nonexclusive-distrib/1.0/
299,2508.04322v1,2508.04322,train,fill_blank_100,arxiv-nonexclusive,http://arxiv.org/licenses/nonexclusive-distrib/1.0/
5395,2308.15696v1,2308.15696,train,MCQ,arxiv-nonexclusive,http://arxiv.org/licenses/nonexclusive-distrib/1.0/
18783,2409.09590v1,2409.09590,train,fill_blank_75,arxiv-nonexclusive,http://arxiv.org/licenses/nonexclusive-distrib/1.0/
4439,2506.01400v1,2506.01400,train,fill_blank_100,arxiv-nonexclusive,http://arxiv.org/licenses/nonexclusive-distrib/1.0/
5044,2503.22378v1,2503.22378,train,fill_blank_100,arxiv-nonexclusive,http://arxiv.org/licenses/nonexclusive-distrib/1.0/
12865,2504.03648v1,2504.03648,train,MCQ,arxiv-nonexclusive,http://arxiv.org/licenses/nonexclusive-distrib/1.0/
8042,2508.12215v1,2508.12215,train,fill_blank_50,arxiv-nonexclusive,http://arxiv.org/licenses/nonexclusive-distrib/1.0/
9428,2203.05152v1,2203.05152,train,fill_blank_75,arxiv-nonexclusive,http://arxiv.org/licenses/nonexclusive-distrib/1.0/
4431,2506.01400v1,2506.01400,train,fill_blank_25,arxiv-nonexclusive,http://arxiv.org/licenses/nonexclusive-distrib/1.0/
10748,2203.10783v1,2203.10783,train,fill_blank_75,arxiv-nonexclusive,http://arxiv.org/licenses/nonexclusive-distrib/1.0/
9420,2203.05152v1,2203.05152,train,MCQ,arxiv-nonexclusive,http://arxiv.org/licenses/nonexclusive-distrib/1.0/
17023,2405.19771v2,2405.19771,train,fill_blank_75,arxiv-nonexclusive,http://arxiv.org/licenses/nonexclusive-distrib/1.0/
13192,2107.03434v2,2107.03434,train,fill_blank_50,arxiv-nonexclusive,http://arxiv.org/licenses/nonexclusive-distrib/1.0/
19032,0507039v1,0507039,train,fill_blank_50,legacy-unlabeled,
2738,2506.08930v1,2506.08930,train,fill_blank_75,arxiv-nonexclusive,http://arxiv.org/licenses/nonexclusive-distrib/1.0/
9093,2010.03413v1,2010.03413,train,fill_blank_75,arxiv-nonexclusive,http://arxiv.org/licenses/nonexclusive-distrib/1.0/
1424,2507.03928v1,2507.03928,train,fill_blank_100,arxiv-nonexclusive,http://arxiv.org/licenses/nonexclusive-distrib/1.0/
4489,2508.09532v1,2508.09532,train,fill_blank_100,arxiv-nonexclusive,http://arxiv.org/licenses/nonexclusive-distrib/1.0/
16064,1706.03721v1,1706.03721,train,fill_blank_100,arxiv-nonexclusive,http://arxiv.org/licenses/nonexclusive-distrib/1.0/
11623,2411.19795v1,2411.19795,train,fill_blank_75,arxiv-nonexclusive,http://arxiv.org/licenses/nonexclusive-distrib/1.0/
9215,2304.14232v4,2304.14232,train,MCQ,arxiv-nonexclusive,http://arxiv.org/licenses/nonexclusive-distrib/1.0/
2284,2502.03450v2,2502.03450,train,fill_blank_100,arxiv-nonexclusive,http://arxiv.org/licenses/nonexclusive-distrib/1.0/
15865,2103.09156v2,2103.09156,train,MCQ,arxiv-nonexclusive,http://arxiv.org/licenses/nonexclusive-distrib/1.0/
4909,2505.19843v1,2505.19843,train,fill_blank_100,arxiv-nonexclusive,http://arxiv.org/licenses/nonexclusive-distrib/1.0/
438,2507.16666v1,2507.16666,train,fill_blank_75,arxiv-nonexclusive,http://arxiv.org/licenses/nonexclusive-distrib/1.0/
966,2507.04067v1,2507.04067,train,fill_blank_25,arxiv-nonexclusive,http://arxiv.org/licenses/nonexclusive-distrib/1.0/
9693,1905.07607v1,1905.07607,train,fill_blank_75,arxiv-nonexclusive,http://arxiv.org/licenses/nonexclusive-distrib/1.0/
9193,2305.16288v2,2305.16288,train,fill_blank_75,cc-by-nc-nd,http://creativecommons.org/licenses/by-nc-nd/4.0/
8729,2504.08811v2,2504.08811,train,fill_blank_100,arxiv-nonexclusive,http://arxiv.org/licenses/nonexclusive-distrib/1.0/
12953,2309.08844v1,2309.08844,train,fill_blank_75,arxiv-nonexclusive,http://arxiv.org/licenses/nonexclusive-distrib/1.0/
9488,2101.04249v2,2101.04249,train,fill_blank_75,cc-by-nc-nd,http://creativecommons.org/licenses/by-nc-nd/4.0/
9208,2304.14232v4,2304.14232,train,fill_blank_75,arxiv-nonexclusive,http://arxiv.org/licenses/nonexclusive-distrib/1.0/
3922,2507.09852v1,2507.09852,train,fill_blank_50,arxiv-nonexclusive,http://arxiv.org/licenses/nonexclusive-distrib/1.0/
11101,2403.17810v1,2403.17810,train,fill_blank_25,arxiv-nonexclusive,http://arxiv.org/licenses/nonexclusive-distrib/1.0/
578,2503.08937v1,2503.08937,train,fill_blank_75,arxiv-nonexclusive,http://arxiv.org/licenses/nonexclusive-distrib/1.0/
11840,2010.13171v1,2010.13171,train,MCQ,arxiv-nonexclusive,http://arxiv.org/licenses/nonexclusive-distrib/1.0/
9334,2406.12596v3,2406.12596,train,fill_blank_100,arxiv-nonexclusive,http://arxiv.org/licenses/nonexclusive-distrib/1.0/
9648,1004.1997v1,1004.1997,train,fill_blank_75,arxiv-nonexclusive,http://arxiv.org/licenses/nonexclusive-distrib/1.0/
15677,2409.17295v1,2409.17295,train,fill_blank_50,arxiv-nonexclusive,http://arxiv.org/licenses/nonexclusive-distrib/1.0/
7818,2507.18864v1,2507.18864,train,fill_blank_75,cc-by-nc-nd,http://creativecommons.org/licenses/by-nc-nd/4.0/
12152,2401.10280v1,2401.10280,train,fill_blank_50,arxiv-nonexclusive,http://arxiv.org/licenses/nonexclusive-distrib/1.0/
3444,2507.20504v1,2507.20504,train,fill_blank_100,arxiv-nonexclusive,http://arxiv.org/licenses/nonexclusive-distrib/1.0/
13642,2502.17472v1,2502.17472,train,fill_blank_50,arxiv-nonexclusive,http://arxiv.org/licenses/nonexclusive-distrib/1.0/
18367,2304.03594v1,2304.03594,train,fill_blank_50,cc-by-nc-nd,http://creativecommons.org/licenses/by-nc-nd/4.0/
3862,2506.11351v1,2506.11351,train,fill_blank_50,arxiv-nonexclusive,http://arxiv.org/licenses/nonexclusive-distrib/1.0/
12995,2409.14521v2,2409.14521,train,MCQ,arxiv-nonexclusive,http://arxiv.org/licenses/nonexclusive-distrib/1.0/
8332,2507.16211v1,2507.16211,train,fill_blank_50,arxiv-nonexclusive,http://arxiv.org/licenses/nonexclusive-distrib/1.0/
6462,2009.12533v1,2009.12533,train,fill_blank_50,arxiv-nonexclusive,http://arxiv.org/licenses/nonexclusive-distrib/1.0/
6448,2502.03117v1,2502.03117,train,fill_blank_75,arxiv-nonexclusive,http://arxiv.org/licenses/nonexclusive-distrib/1.0/
7134,2401.15344v1,2401.15344,train,fill_blank_100,arxiv-nonexclusive,http://arxiv.org/licenses/nonexclusive-distrib/1.0/
8656,2507.09843v1,2507.09843,train,fill_blank_25,arxiv-nonexclusive,http://arxiv.org/licenses/nonexclusive-distrib/1.0/
3047,2505.12902v1,2505.12902,train,fill_blank_50,arxiv-nonexclusive,http://arxiv.org/licenses/nonexclusive-distrib/1.0/
16060,1706.03721v1,1706.03721,train,MCQ,arxiv-nonexclusive,http://arxiv.org/licenses/nonexclusive-distrib/1.0/
9418,1410.5076v2,1410.5076,train,fill_blank_75,arxiv-nonexclusive,http://arxiv.org/licenses/nonexclusive-distrib/1.0/
10732,2111.09413v1,2111.09413,train,fill_blank_50,arxiv-nonexclusive,http://arxiv.org/licenses/nonexclusive-distrib/1.0/
11739,2407.03280v1,2407.03280,train,fill_blank_100,arxiv-nonexclusive,http://arxiv.org/licenses/nonexclusive-distrib/1.0/
14413,2211.11180v2,2211.11180,train,fill_blank_75,arxiv-nonexclusive,http://arxiv.org/licenses/nonexclusive-distrib/1.0/
17939,2207.04847v1,2207.04847,train,fill_blank_100,arxiv-nonexclusive,http://arxiv.org/licenses/nonexclusive-distrib/1.0/
7717,2407.01957v1,2407.01957,train,fill_blank_50,arxiv-nonexclusive,http://arxiv.org/licenses/nonexclusive-distrib/1.0/
4950,2507.03848v1,2507.03848,train,MCQ,arxiv-nonexclusive,http://arxiv.org/licenses/nonexclusive-distrib/1.0/
11947,2011.01920v1,2011.01920,train,fill_blank_50,arxiv-nonexclusive,http://arxiv.org/licenses/nonexclusive-distrib/1.0/
5610,1708.03792v1,1708.03792,train,MCQ,arxiv-nonexclusive,http://arxiv.org/licenses/nonexclusive-distrib/1.0/
13576,2105.11834v1,2105.11834,train,fill_blank_25,arxiv-nonexclusive,http://arxiv.org/licenses/nonexclusive-distrib/1.0/
13240,2402.16591v1,2402.16591,train,MCQ,arxiv-nonexclusive,http://arxiv.org/licenses/nonexclusive-distrib/1.0/
18628,2407.07702v1,2407.07702,train,fill_blank_75,arxiv-nonexclusive,http://arxiv.org/licenses/nonexclusive-distrib/1.0/
6357,2506.22465v1,2506.22465,train,fill_blank_50,arxiv-nonexclusive,http://arxiv.org/licenses/nonexclusive-distrib/1.0/
9798,2310.06604v2,2310.06604,train,fill_blank_75,arxiv-nonexclusive,http://arxiv.org/licenses/nonexclusive-distrib/1.0/
3764,2504.09178v1,2504.09178,train,fill_blank_100,arxiv-nonexclusive,http://arxiv.org/licenses/nonexclusive-distrib/1.0/
6377,2505.05090v1,2505.05090,train,fill_blank_50,arxiv-nonexclusive,http://arxiv.org/licenses/nonexclusive-distrib/1.0/
1118,2506.22844v1,2506.22844,train,fill_blank_75,arxiv-nonexclusive,http://arxiv.org/licenses/nonexclusive-distrib/1.0/
10737,2111.09413v1,2111.09413,train,fill_blank_50,arxiv-nonexclusive,http://arxiv.org/licenses/nonexclusive-distrib/1.0/
10363,2410.03732v1,2410.03732,train,fill_blank_75,arxiv-nonexclusive,http://arxiv.org/licenses/nonexclusive-distrib/1.0/
7757,2504.20425v1,2504.20425,train,fill_blank_50,arxiv-nonexclusive,http://arxiv.org/licenses/nonexclusive-distrib/1.0/
7199,2503.21102v1,2503.21102,train,fill_blank_100,arxiv-nonexclusive,http://arxiv.org/licenses/nonexclusive-distrib/1.0/
77,2505.02964v1,2505.02964,train,fill_blank_50,arxiv-nonexclusive,http://arxiv.org/licenses/nonexclusive-distrib/1.0/
12639,2206.02308v1,2206.02308,train,fill_blank_100,cc-by-nc-nd,http://creativecommons.org/licenses/by-nc-nd/4.0/
5532,2505.12502v1,2505.12502,train,fill_blank_50,arxiv-nonexclusive,http://arxiv.org/licenses/nonexclusive-distrib/1.0/
14972,2406.14107v1,2406.14107,train,fill_blank_50,arxiv-nonexclusive,http://arxiv.org/licenses/nonexclusive-distrib/1.0/
14987,2407.00933v1,2407.00933,train,fill_blank_50,arxiv-nonexclusive,http://arxiv.org/licenses/nonexclusive-distrib/1.0/
5470,2207.08737v2,2207.08737,train,MCQ,arxiv-nonexclusive,http://arxiv.org/licenses/nonexclusive-distrib/1.0/
1912,2507.13037v1,2507.13037,train,fill_blank_50,arxiv-nonexclusive,http://arxiv.org/licenses/nonexclusive-distrib/1.0/
13852,2402.13096v1,2402.13096,train,fill_blank_50,arxiv-nonexclusive,http://arxiv.org/licenses/nonexclusive-distrib/1.0/
18709,2409.17738v1,2409.17738,train,fill_blank_100,cc-by-nc-nd,http://creativecommons.org/licenses/by-nc-nd/4.0/
8907,2306.06404v1,2306.06404,train,fill_blank_50,arxiv-nonexclusive,http://arxiv.org/licenses/nonexclusive-distrib/1.0/
3893,1008.1380v1,1008.1380,train,fill_blank_75,arxiv-nonexclusive,http://arxiv.org/licenses/nonexclusive-distrib/1.0/
568,2503.08937v1,2503.08937,train,fill_blank_75,arxiv-nonexclusive,http://arxiv.org/licenses/nonexclusive-distrib/1.0/
8267,2507.10113v1,2507.10113,train,fill_blank_50,arxiv-nonexclusive,http://arxiv.org/licenses/nonexclusive-distrib/1.0/
4426,2506.01400v1,2506.01400,train,fill_blank_25,arxiv-nonexclusive,http://arxiv.org/licenses/nonexclusive-distrib/1.0/
17699,2205.12073v2,2205.12073,train,fill_blank_100,arxiv-nonexclusive,http://arxiv.org/licenses/nonexclusive-distrib/1.0/
12495,2401.08624v1,2401.08624,train,MCQ,arxiv-nonexclusive,http://arxiv.org/licenses/nonexclusive-distrib/1.0/
16316,2305.02074v2,2305.02074,train,fill_blank_25,arxiv-nonexclusive,http://arxiv.org/licenses/nonexclusive-distrib/1.0/
8417,2505.21691v2,2505.21691,train,fill_blank_50,arxiv-nonexclusive,http://arxiv.org/licenses/nonexclusive-distrib/1.0/
11040,2412.19811v1,2412.19811,train,MCQ,arxiv-nonexclusive,http://arxiv.org/licenses/nonexclusive-distrib/1.0/
11012,2303.14351v1,2303.14351,train,fill_blank_50,arxiv-nonexclusive,http://arxiv.org/licenses/nonexclusive-distrib/1.0/
943,2507.04067v1,2507.04067,train,fill_blank_75,arxiv-nonexclusive,http://arxiv.org/licenses/nonexclusive-distrib/1.0/
2289,2504.00407v2,2504.00407,train,fill_blank_100,arxiv-nonexclusive,http://arxiv.org/licenses/nonexclusive-distrib/1.0/
17492,2502.09405v1,2502.09405,train,fill_blank_50,arxiv-nonexclusive,http://arxiv.org/licenses/nonexclusive-distrib/1.0/
1557,2507.14210v1,2507.14210,train,fill_blank_50,arxiv-nonexclusive,http://arxiv.org/licenses/nonexclusive-distrib/1.0/
9381,2412.14616v1,2412.14616,train,fill_blank_25,arxiv-nonexclusive,http://arxiv.org/licenses/nonexclusive-distrib/1.0/
1532,2203.04032v1,2203.04032,train,fill_blank_50,arxiv-nonexclusive,http://arxiv.org/licenses/nonexclusive-distrib/1.0/
8923,2212.10748v1,2212.10748,train,fill_blank_75,arxiv-nonexclusive,http://arxiv.org/licenses/nonexclusive-distrib/1.0/
16603,2408.08074v3,2408.08074,train,fill_blank_75,arxiv-nonexclusive,http://arxiv.org/licenses/nonexclusive-distrib/1.0/
18218,1901.03641v1,1901.03641,train,fill_blank_75,arxiv-nonexclusive,http://arxiv.org/licenses/nonexclusive-distrib/1.0/
5567,2504.09743v1,2504.09743,train,fill_blank_50,arxiv-nonexclusive,http://arxiv.org/licenses/nonexclusive-distrib/1.0/
14605,2202.10635v1,2202.10635,train,MCQ,arxiv-nonexclusive,http://arxiv.org/licenses/nonexclusive-distrib/1.0/
18021,2411.00374v3,2411.00374,train,fill_blank_25,arxiv-nonexclusive,http://arxiv.org/licenses/nonexclusive-distrib/1.0/
3907,2507.15515v1,2507.15515,train,fill_blank_50,arxiv-nonexclusive,http://arxiv.org/licenses/nonexclusive-distrib/1.0/
14997,2407.00933v1,2407.00933,train,fill_blank_50,arxiv-nonexclusive,http://arxiv.org/licenses/nonexclusive-distrib/1.0/
18366,2304.03594v1,2304.03594,train,fill_blank_25,cc-by-nc-nd,http://creativecommons.org/licenses/by-nc-nd/4.0/
3526,2202.01946v1,2202.01946,train,fill_blank_25,arxiv-nonexclusive,http://arxiv.org/licenses/nonexclusive-distrib/1.0/
13823,2206.03250v1,2206.03250,train,fill_blank_75,arxiv-nonexclusive,http://arxiv.org/licenses/nonexclusive-distrib/1.0/
14990,2407.00933v1,2407.00933,train,MCQ,arxiv-nonexclusive,http://arxiv.org/licenses/nonexclusive-distrib/1.0/
6789,2508.08232v1,2508.08232,train,fill_blank_100,arxiv-nonexclusive,http://arxiv.org/licenses/nonexclusive-distrib/1.0/
6485,2505.08079v3,2505.08079,train,MCQ,arxiv-nonexclusive,http://arxiv.org/licenses/nonexclusive-distrib/1.0/
2068,2508.05884v1,2508.05884,train,fill_blank_75,arxiv-nonexclusive,http://arxiv.org/licenses/nonexclusive-distrib/1.0/
17936,2207.04847v1,2207.04847,train,fill_blank_25,arxiv-nonexclusive,http://arxiv.org/licenses/nonexclusive-distrib/1.0/
16810,2211.09599v1,2211.09599,train,MCQ,arxiv-nonexclusive,http://arxiv.org/licenses/nonexclusive-distrib/1.0/
12945,2309.08844v1,2309.08844,train,MCQ,arxiv-nonexclusive,http://arxiv.org/licenses/nonexclusive-distrib/1.0/
5843,2507.17695v1,2507.17695,train,fill_blank_75,arxiv-nonexclusive,http://arxiv.org/licenses/nonexclusive-distrib/1.0/
7890,2508.02122v1,2508.02122,train,MCQ,arxiv-nonexclusive,http://arxiv.org/licenses/nonexclusive-distrib/1.0/
6923,2411.07485v1,2411.07485,train,fill_blank_75,arxiv-nonexclusive,http://arxiv.org/licenses/nonexclusive-distrib/1.0/
9639,1004.1997v1,1004.1997,train,fill_blank_100,arxiv-nonexclusive,http://arxiv.org/licenses/nonexclusive-distrib/1.0/
6672,2507.04662v1,2507.04662,train,fill_blank_50,arxiv-nonexclusive,http://arxiv.org/licenses/nonexclusive-distrib/1.0/
6808,2505.08298v1,2505.08298,train,fill_blank_75,arxiv-nonexclusive,http://arxiv.org/licenses/nonexclusive-distrib/1.0/
11685,2108.10414v1,2108.10414,train,MCQ,arxiv-nonexclusive,http://arxiv.org/licenses/nonexclusive-distrib/1.0/
2805,2507.05829v1,2507.05829,train,MCQ,arxiv-nonexclusive,http://arxiv.org/licenses/nonexclusive-distrib/1.0/
18771,2409.09590v1,2409.09590,train,fill_blank_25,arxiv-nonexclusive,http://arxiv.org/licenses/nonexclusive-distrib/1.0/
16329,2309.11917v2,2309.11917,train,fill_blank_100,arxiv-nonexclusive,http://arxiv.org/licenses/nonexclusive-distrib/1.0/
12844,2501.06726v2,2501.06726,train,fill_blank_100,arxiv-nonexclusive,http://arxiv.org/licenses/nonexclusive-distrib/1.0/
7544,2507.05042v1,2507.05042,train,fill_blank_100,arxiv-nonexclusive,http://arxiv.org/licenses/nonexclusive-distrib/1.0/
4988,2507.03848v1,2507.03848,train,fill_blank_75,arxiv-nonexclusive,http://arxiv.org/licenses/nonexclusive-distrib/1.0/
13669,2306.00544v3,2306.00544,train,fill_blank_100,arxiv-nonexclusive,http://arxiv.org/licenses/nonexclusive-distrib/1.0/
11783,2402.06306v1,2402.06306,train,fill_blank_75,arxiv-nonexclusive,http://arxiv.org/licenses/nonexclusive-distrib/1.0/
5812,2506.17870v1,2506.17870,train,fill_blank_50,cc-by-nc-nd,http://creativecommons.org/licenses/by-nc-nd/4.0/
6219,2506.04433v1,2506.04433,train,fill_blank_100,arxiv-nonexclusive,http://arxiv.org/licenses/nonexclusive-distrib/1.0/
11917,1611.08938v1,1611.08938,train,fill_blank_50,arxiv-nonexclusive,http://arxiv.org/licenses/nonexclusive-distrib/1.0/
5221,2508.00234v1,2508.00234,train,fill_blank_25,arxiv-nonexclusive,http://arxiv.org/licenses/nonexclusive-distrib/1.0/
17704,2205.12073v2,2205.12073,train,fill_blank_100,arxiv-nonexclusive,http://arxiv.org/licenses/nonexclusive-distrib/1.0/
13374,2304.08789v3,2304.08789,train,fill_blank_100,cc-by-nc-nd,http://creativecommons.org/licenses/by-nc-nd/4.0/
6350,2506.22465v1,2506.22465,train,MCQ,arxiv-nonexclusive,http://arxiv.org/licenses/nonexclusive-distrib/1.0/
16084,2402.01665v1,2402.01665,train,fill_blank_100,arxiv-nonexclusive,http://arxiv.org/licenses/nonexclusive-distrib/1.0/
18297,2501.06355v1,2501.06355,train,fill_blank_50,arxiv-nonexclusive,http://arxiv.org/licenses/nonexclusive-distrib/1.0/
8584,2507.08507v1,2507.08507,train,fill_blank_100,arxiv-nonexclusive,http://arxiv.org/licenses/nonexclusive-distrib/1.0/
10895,2204.07037v2,2204.07037,train,MCQ,cc-by-nc-nd,http://creativecommons.org/licenses/by-nc-nd/4.0/
1918,2507.13037v1,2507.13037,train,fill_blank_75,arxiv-nonexclusive,http://arxiv.org/licenses/nonexclusive-distrib/1.0/
1447,2507.03928v1,2507.03928,train,fill_blank_50,arxiv-nonexclusive,http://arxiv.org/licenses/nonexclusive-distrib/1.0/
9636,1004.1997v1,1004.1997,train,fill_blank_25,arxiv-nonexclusive,http://arxiv.org/licenses/nonexclusive-distrib/1.0/
9511,2306.15590v2,2306.15590,train,fill_blank_25,arxiv-nonexclusive,http://arxiv.org/licenses/nonexclusive-distrib/1.0/
11105,2403.17810v1,2403.17810,train,MCQ,arxiv-nonexclusive,http://arxiv.org/licenses/nonexclusive-distrib/1.0/
5787,1410.0956v1,1410.0956,train,fill_blank_50,arxiv-nonexclusive,http://arxiv.org/licenses/nonexclusive-distrib/1.0/
16644,2502.17875v1,2502.17875,train,fill_blank_100,arxiv-nonexclusive,http://arxiv.org/licenses/nonexclusive-distrib/1.0/
8585,2507.08507v1,2507.08507,train,MCQ,arxiv-nonexclusive,http://arxiv.org/licenses/nonexclusive-distrib/1.0/
8285,2307.07201v1,2307.07201,train,MCQ,cc-by-nc-nd,http://creativecommons.org/licenses/by-nc-nd/4.0/
4184,2505.18534v1,2505.18534,train,fill_blank_100,cc-by-nc-nd,http://creativecommons.org/licenses/by-nc-nd/4.0/
3802,2506.19376v1,2506.19376,train,fill_blank_50,arxiv-nonexclusive,http://arxiv.org/licenses/nonexclusive-distrib/1.0/
3798,2506.19376v1,2506.19376,train,fill_blank_75,arxiv-nonexclusive,http://arxiv.org/licenses/nonexclusive-distrib/1.0/
278,2312.08599v1,2312.08599,train,fill_blank_75,arxiv-nonexclusive,http://arxiv.org/licenses/nonexclusive-distrib/1.0/
16624,2110.14585v2,2110.14585,train,fill_blank_100,cc-by-nc-nd,http://creativecommons.org/licenses/by-nc-nd/4.0/
11689,2108.10414v1,2108.10414,train,fill_blank_100,arxiv-nonexclusive,http://arxiv.org/licenses/nonexclusive-distrib/1.0/
4513,2508.09532v1,2508.09532,train,fill_blank_75,arxiv-nonexclusive,http://arxiv.org/licenses/nonexclusive-distrib/1.0/
12658,2103.15733v1,2103.15733,train,fill_blank_75,arxiv-nonexclusive,http://arxiv.org/licenses/nonexclusive-distrib/1.0/
9931,2104.15132v3,2104.15132,train,fill_blank_25,cc-by-nc-nd,http://creativecommons.org/licenses/by-nc-nd/4.0/
18319,2405.14046v2,2405.14046,train,fill_blank_100,arxiv-nonexclusive,http://arxiv.org/licenses/nonexclusive-distrib/1.0/
1421,2507.03928v1,2507.03928,train,fill_blank_25,arxiv-nonexclusive,http://arxiv.org/licenses/nonexclusive-distrib/1.0/
12957,2309.08844v1,2309.08844,train,fill_blank_50,arxiv-nonexclusive,http://arxiv.org/licenses/nonexclusive-distrib/1.0/
10980,2404.15643v1,2404.15643,train,MCQ,arxiv-nonexclusive,http://arxiv.org/licenses/nonexclusive-distrib/1.0/
1022,2507.16550v1,2507.16550,train,fill_blank_50,cc-by-nc-nd,http://creativecommons.org/licenses/by-nc-nd/4.0/
3825,2503.13478v1,2503.13478,train,MCQ,arxiv-nonexclusive,http://arxiv.org/licenses/nonexclusive-distrib/1.0/
14064,2405.06368v4,2405.06368,train,fill_blank_100,cc-by-nc-nd,http://creativecommons.org/licenses/by-nc-nd/4.0/
12094,2310.06532v1,2310.06532,train,fill_blank_100,cc-by-nc-nd,http://creativecommons.org/licenses/by-nc-nd/4.0/
11457,2410.04681v1,2410.04681,train,fill_blank_50,arxiv-nonexclusive,http://arxiv.org/licenses/nonexclusive-distrib/1.0/
358,2504.01676v1,2504.01676,train,fill_blank_75,arxiv-nonexclusive,http://arxiv.org/licenses/nonexclusive-distrib/1.0/
1401,2401.15756v1,2401.15756,train,fill_blank_25,arxiv-nonexclusive,http://arxiv.org/licenses/nonexclusive-distrib/1.0/
12653,2103.15733v1,2103.15733,train,fill_blank_75,arxiv-nonexclusive,http://arxiv.org/licenses/nonexclusive-distrib/1.0/
3861,2506.11351v1,2506.11351,train,fill_blank_25,arxiv-nonexclusive,http://arxiv.org/licenses/nonexclusive-distrib/1.0/
4099,2508.02950v1,2508.02950,train,fill_blank_100,arxiv-nonexclusive,http://arxiv.org/licenses/nonexclusive-distrib/1.0/
8409,2505.21691v2,2505.21691,train,fill_blank_100,arxiv-nonexclusive,http://arxiv.org/licenses/nonexclusive-distrib/1.0/
10185,2401.10396v1,2401.10396,train,MCQ,cc-by-nc-nd,http://creativecommons.org/licenses/by-nc-nd/4.0/
12774,2108.11123v1,2108.11123,train,fill_blank_100,arxiv-nonexclusive,http://arxiv.org/licenses/nonexclusive-distrib/1.0/
13457,2206.13007v1,2206.13007,train,fill_blank_50,arxiv-nonexclusive,http://arxiv.org/licenses/nonexclusive-distrib/1.0/
4885,2507.12019v1,2507.12019,train,MCQ,arxiv-nonexclusive,http://arxiv.org/licenses/nonexclusive-distrib/1.0/
5644,2405.00141v1,2405.00141,train,fill_blank_100,cc-by-nc-nd,http://creativecommons.org/licenses/by-nc-nd/4.0/
13137,2203.13621v2,2203.13621,train,fill_blank_50,arxiv-nonexclusive,http://arxiv.org/licenses/nonexclusive-distrib/1.0/
6925,2411.07485v1,2411.07485,train,MCQ,arxiv-nonexclusive,http://arxiv.org/licenses/nonexclusive-distrib/1.0/
10054,1006.3919v1,1006.3919,train,fill_blank_100,arxiv-nonexclusive,http://arxiv.org/licenses/nonexclusive-distrib/1.0/
284,2312.08599v1,2312.08599,train,fill_blank_100,arxiv-nonexclusive,http://arxiv.org/licenses/nonexclusive-distrib/1.0/
1798,2501.16306v1,2501.16306,train,fill_blank_75,arxiv-nonexclusive,http://arxiv.org/licenses/nonexclusive-distrib/1.0/
4462,2506.22445v1,2506.22445,train,fill_blank_50,arxiv-nonexclusive,http://arxiv.org/licenses/nonexclusive-distrib/1.0/
7933,2506.12599v3,2506.12599,train,fill_blank_75,arxiv-nonexclusive,http://arxiv.org/licenses/nonexclusive-distrib/1.0/
17341,2403.02942v2,2403.02942,train,fill_blank_25,arxiv-nonexclusive,http://arxiv.org/licenses/nonexclusive-distrib/1.0/
4187,2505.18534v1,2505.18534,train,fill_blank_50,cc-by-nc-nd,http://creativecommons.org/licenses/by-nc-nd/4.0/
8957,2403.03675v1,2403.03675,train,fill_blank_50,arxiv-nonexclusive,http://arxiv.org/licenses/nonexclusive-distrib/1.0/
7390,2010.07052v3,2010.07052,train,MCQ,arxiv-nonexclusive,http://arxiv.org/licenses/nonexclusive-distrib/1.0/
3638,2301.03857v3,2301.03857,train,fill_blank_75,arxiv-nonexclusive,http://arxiv.org/licenses/nonexclusive-distrib/1.0/
11864,1112.3972v1,1112.3972,train,fill_blank_100,arxiv-nonexclusive,http://arxiv.org/licenses/nonexclusive-distrib/1.0/
13019,2409.14521v2,2409.14521,train,fill_blank_100,arxiv-nonexclusive,http://arxiv.org/licenses/nonexclusive-distrib/1.0/
16088,2402.01665v1,2402.01665,train,fill_blank_75,arxiv-nonexclusive,http://arxiv.org/licenses/nonexclusive-distrib/1.0/
16293,2201.09228v2,2201.09228,train,fill_blank_75,arxiv-nonexclusive,http://arxiv.org/licenses/nonexclusive-distrib/1.0/
7265,2504.10798v1,2504.10798,train,MCQ,arxiv-nonexclusive,http://arxiv.org/licenses/nonexclusive-distrib/1.0/
3583,2506.13003v1,2506.13003,train,fill_blank_75,arxiv-nonexclusive,http://arxiv.org/licenses/nonexclusive-distrib/1.0/
8908,2306.06404v1,2306.06404,train,fill_blank_75,arxiv-nonexclusive,http://arxiv.org/licenses/nonexclusive-distrib/1.0/
1359,2108.07165v1,2108.07165,train,fill_blank_100,arxiv-nonexclusive,http://arxiv.org/licenses/nonexclusive-distrib/1.0/
11527,2411.15995v2,2411.15995,train,fill_blank_50,cc-by-nc-nd,http://creativecommons.org/licenses/by-nc-nd/4.0/
6003,2506.10925v1,2506.10925,train,fill_blank_75,cc-by-nc-nd,http://creativecommons.org/licenses/by-nc-nd/4.0/
9379,2412.14616v1,2412.14616,train,fill_blank_100,arxiv-nonexclusive,http://arxiv.org/licenses/nonexclusive-distrib/1.0/
4898,2505.19843v1,2505.19843,train,fill_blank_75,arxiv-nonexclusive,http://arxiv.org/licenses/nonexclusive-distrib/1.0/
5089,2505.09028v1,2505.09028,train,fill_blank_100,arxiv-nonexclusive,http://arxiv.org/licenses/nonexclusive-distrib/1.0/
8522,2503.11226v1,2503.11226,train,fill_blank_50,arxiv-nonexclusive,http://arxiv.org/licenses/nonexclusive-distrib/1.0/
16608,2408.08074v3,2408.08074,train,fill_blank_75,arxiv-nonexclusive,http://arxiv.org/licenses/nonexclusive-distrib/1.0/
13818,2206.03250v1,2206.03250,train,fill_blank_75,arxiv-nonexclusive,http://arxiv.org/licenses/nonexclusive-distrib/1.0/
4172,2505.18534v1,2505.18534,train,fill_blank_50,cc-by-nc-nd,http://creativecommons.org/licenses/by-nc-nd/4.0/
6663,2507.04662v1,2507.04662,train,fill_blank_75,arxiv-nonexclusive,http://arxiv.org/licenses/nonexclusive-distrib/1.0/
6804,2505.08298v1,2505.08298,train,fill_blank_100,arxiv-nonexclusive,http://arxiv.org/licenses/nonexclusive-distrib/1.0/
2010,2508.11791v1,2508.11791,train,MCQ,arxiv-nonexclusive,http://arxiv.org/licenses/nonexclusive-distrib/1.0/
10759,2203.10783v1,2203.10783,train,fill_blank_100,arxiv-nonexclusive,http://arxiv.org/licenses/nonexclusive-distrib/1.0/
5869,2507.16210v1,2507.16210,train,fill_blank_100,arxiv-nonexclusive,http://arxiv.org/licenses/nonexclusive-distrib/1.0/
16413,2010.11840v1,2010.11840,train,fill_blank_75,arxiv-nonexclusive,http://arxiv.org/licenses/nonexclusive-distrib/1.0/
7513,2507.05042v1,2507.05042,train,fill_blank_75,arxiv-nonexclusive,http://arxiv.org/licenses/nonexclusive-distrib/1.0/
8389,2505.08221v2,2505.08221,train,fill_blank_100,arxiv-nonexclusive,http://arxiv.org/licenses/nonexclusive-distrib/1.0/
17955,2412.07269v2,2412.07269,train,MCQ,arxiv-nonexclusive,http://arxiv.org/licenses/nonexclusive-distrib/1.0/
7443,2506.11729v1,2506.11729,train,fill_blank_75,arxiv-nonexclusive,http://arxiv.org/licenses/nonexclusive-distrib/1.0/
18250,1006.3537v1,1006.3537,train,MCQ,arxiv-nonexclusive,http://arxiv.org/licenses/nonexclusive-distrib/1.0/
9995,2402.06814v1,2402.06814,train,MCQ,arxiv-nonexclusive,http://arxiv.org/licenses/nonexclusive-distrib/1.0/
5406,2308.15696v1,2308.15696,train,fill_blank_25,arxiv-nonexclusive,http://arxiv.org/licenses/nonexclusive-distrib/1.0/
17643,2310.18180v1,2310.18180,train,fill_blank_75,arxiv-nonexclusive,http://arxiv.org/licenses/nonexclusive-distrib/1.0/
1306,2505.07555v1,2505.07555,train,fill_blank_25,arxiv-nonexclusive,http://arxiv.org/licenses/nonexclusive-distrib/1.0/
6345,2506.22465v1,2506.22465,train,MCQ,arxiv-nonexclusive,http://arxiv.org/licenses/nonexclusive-distrib/1.0/
4433,2506.01400v1,2506.01400,train,fill_blank_75,arxiv-nonexclusive,http://arxiv.org/licenses/nonexclusive-distrib/1.0/
12415,2502.01482v1,2502.01482,train,MCQ,arxiv-nonexclusive,http://arxiv.org/licenses/nonexclusive-distrib/1.0/
12183,2412.06861v2,2412.06861,train,fill_blank_75,arxiv-nonexclusive,http://arxiv.org/licenses/nonexclusive-distrib/1.0/
8171,2110.12224v2,2110.12224,train,fill_blank_25,arxiv-nonexclusive,http://arxiv.org/licenses/nonexclusive-distrib/1.0/
10476,2410.08726v1,2410.08726,train,fill_blank_25,arxiv-nonexclusive,http://arxiv.org/licenses/nonexclusive-distrib/1.0/
5998,2506.16808v1,2506.16808,train,fill_blank_75,arxiv-nonexclusive,http://arxiv.org/licenses/nonexclusive-distrib/1.0/
6117,2507.09244v1,2507.09244,train,fill_blank_50,arxiv-nonexclusive,http://arxiv.org/licenses/nonexclusive-distrib/1.0/
7813,2507.18864v1,2507.18864,train,fill_blank_75,cc-by-nc-nd,http://creativecommons.org/licenses/by-nc-nd/4.0/
16177,1107.0234v1,1107.0234,train,fill_blank_50,arxiv-nonexclusive,http://arxiv.org/licenses/nonexclusive-distrib/1.0/
1925,2507.03950v1,2507.03950,train,MCQ,arxiv-nonexclusive,http://arxiv.org/licenses/nonexclusive-distrib/1.0/
8025,2507.16132v1,2507.16132,train,MCQ,arxiv-nonexclusive,http://arxiv.org/licenses/nonexclusive-distrib/1.0/
8825,2307.08474v1,2307.08474,train,MCQ,arxiv-nonexclusive,http://arxiv.org/licenses/nonexclusive-distrib/1.0/
13828,2206.03250v1,2206.03250,train,fill_blank_75,arxiv-nonexclusive,http://arxiv.org/licenses/nonexclusive-distrib/1.0/
392,2506.23045v2,2506.23045,train,fill_blank_50,arxiv-nonexclusive,http://arxiv.org/licenses/nonexclusive-distrib/1.0/
11992,2108.11697v1,2108.11697,train,fill_blank_50,arxiv-nonexclusive,http://arxiv.org/licenses/nonexclusive-distrib/1.0/
18768,2409.09590v1,2409.09590,train,fill_blank_75,arxiv-nonexclusive,http://arxiv.org/licenses/nonexclusive-distrib/1.0/
16802,2106.16144v1,2106.16144,train,fill_blank_50,arxiv-nonexclusive,http://arxiv.org/licenses/nonexclusive-distrib/1.0/
11134,2312.09467v1,2312.09467,train,fill_blank_100,cc-by-nc-nd,http://creativecommons.org/licenses/by-nc-nd/4.0/
5219,2508.00234v1,2508.00234,train,fill_blank_100,arxiv-nonexclusive,http://arxiv.org/licenses/nonexclusive-distrib/1.0/
5472,2207.08737v2,2207.08737,train,fill_blank_50,arxiv-nonexclusive,http://arxiv.org/licenses/nonexclusive-distrib/1.0/
9849,2502.06128v2,2502.06128,train,fill_blank_100,arxiv-nonexclusive,http://arxiv.org/licenses/nonexclusive-distrib/1.0/
15988,2012.01726v1,2012.01726,train,fill_blank_75,arxiv-nonexclusive,http://arxiv.org/licenses/nonexclusive-distrib/1.0/
15366,2208.10653v1,2208.10653,train,fill_blank_25,arxiv-nonexclusive,http://arxiv.org/licenses/nonexclusive-distrib/1.0/
7427,2508.08225v1,2508.08225,train,fill_blank_50,arxiv-nonexclusive,http://arxiv.org/licenses/nonexclusive-distrib/1.0/
5552,2504.09743v1,2504.09743,train,fill_blank_50,arxiv-nonexclusive,http://arxiv.org/licenses/nonexclusive-distrib/1.0/
5486,2507.20657v1,2507.20657,train,fill_blank_25,arxiv-nonexclusive,http://arxiv.org/licenses/nonexclusive-distrib/1.0/
6425,2312.03255v1,2312.03255,train,MCQ,cc-by-nc-nd,http://creativecommons.org/licenses/by-nc-nd/4.0/
12011,2112.08861v2,2112.08861,train,fill_blank_25,cc-by-nc-nd,http://creativecommons.org/licenses/by-nc-nd/4.0/
12111,2310.07853v1,2310.07853,train,fill_blank_25,arxiv-nonexclusive,http://arxiv.org/licenses/nonexclusive-distrib/1.0/
15382,2208.10653v1,2208.10653,train,fill_blank_50,arxiv-nonexclusive,http://arxiv.org/licenses/nonexclusive-distrib/1.0/
9076,2405.02818v1,2405.02818,train,fill_blank_25,arxiv-nonexclusive,http://arxiv.org/licenses/nonexclusive-distrib/1.0/
18070,2102.00990v2,2102.00990,train,MCQ,arxiv-nonexclusive,http://arxiv.org/licenses/nonexclusive-distrib/1.0/
14921,2101.06016v1,2101.06016,train,fill_blank_25,arxiv-nonexclusive,http://arxiv.org/licenses/nonexclusive-distrib/1.0/
12302,2104.01402v1,2104.01402,train,fill_blank_50,cc-by-nc-nd,http://creativecommons.org/licenses/by-nc-nd/4.0/
8830,2307.08474v1,2307.08474,train,MCQ,arxiv-nonexclusive,http://arxiv.org/licenses/nonexclusive-distrib/1.0/
16193,2107.01582v1,2107.01582,train,fill_blank_75,arxiv-nonexclusive,http://arxiv.org/licenses/nonexclusive-distrib/1.0/
6421,2312.03255v1,2312.03255,train,fill_blank_25,cc-by-nc-nd,http://creativecommons.org/licenses/by-nc-nd/4.0/
2723,2506.08930v1,2506.08930,train,fill_blank_75,arxiv-nonexclusive,http://arxiv.org/licenses/nonexclusive-distrib/1.0/
6385,2505.05090v1,2505.05090,train,MCQ,arxiv-nonexclusive,http://arxiv.org/licenses/nonexclusive-distrib/1.0/
4908,2505.19843v1,2505.19843,train,fill_blank_75,arxiv-nonexclusive,http://arxiv.org/licenses/nonexclusive-distrib/1.0/
9274,2309.04161v2,2309.04161,train,fill_blank_100,arxiv-nonexclusive,http://arxiv.org/licenses/nonexclusive-distrib/1.0/
13264,2306.08532v1,2306.08532,train,fill_blank_100,arxiv-nonexclusive,http://arxiv.org/licenses/nonexclusive-distrib/1.0/
3809,2503.13478v1,2503.13478,train,fill_blank_100,arxiv-nonexclusive,http://arxiv.org/licenses/nonexclusive-distrib/1.0/
628,2508.08206v1,2508.08206,train,fill_blank_75,arxiv-nonexclusive,http://arxiv.org/licenses/nonexclusive-distrib/1.0/
5530,2505.12502v1,2505.12502,train,MCQ,arxiv-nonexclusive,http://arxiv.org/licenses/nonexclusive-distrib/1.0/
7183,2507.01641v2,2507.01641,train,fill_blank_75,arxiv-nonexclusive,http://arxiv.org/licenses/nonexclusive-distrib/1.0/
4430,2506.01400v1,2506.01400,train,MCQ,arxiv-nonexclusive,http://arxiv.org/licenses/nonexclusive-distrib/1.0/
1555,2507.14210v1,2507.14210,train,MCQ,arxiv-nonexclusive,http://arxiv.org/licenses/nonexclusive-distrib/1.0/
4882,2507.12019v1,2507.12019,train,fill_blank_50,arxiv-nonexclusive,http://arxiv.org/licenses/nonexclusive-distrib/1.0/
7379,2507.17494v1,2507.17494,train,fill_blank_100,arxiv-nonexclusive,http://arxiv.org/licenses/nonexclusive-distrib/1.0/
12793,2108.11123v1,2108.11123,train,fill_blank_75,arxiv-nonexclusive,http://arxiv.org/licenses/nonexclusive-distrib/1.0/
19088,2501.01038v2,2501.01038,train,fill_blank_75,arxiv-nonexclusive,http://arxiv.org/licenses/nonexclusive-distrib/1.0/
11923,1611.08938v1,1611.08938,train,fill_blank_75,arxiv-nonexclusive,http://arxiv.org/licenses/nonexclusive-distrib/1.0/
15249,2412.18876v1,2412.18876,train,fill_blank_100,arxiv-nonexclusive,http://arxiv.org/licenses/nonexclusive-distrib/1.0/
15078,2403.00605v1,2403.00605,train,fill_blank_75,arxiv-nonexclusive,http://arxiv.org/licenses/nonexclusive-distrib/1.0/
7949,2506.12599v3,2506.12599,train,fill_blank_100,arxiv-nonexclusive,http://arxiv.org/licenses/nonexclusive-distrib/1.0/
17117,2501.02335v3,2501.02335,train,fill_blank_50,arxiv-nonexclusive,http://arxiv.org/licenses/nonexclusive-distrib/1.0/
6352,2506.22465v1,2506.22465,train,fill_blank_50,arxiv-nonexclusive,http://arxiv.org/licenses/nonexclusive-distrib/1.0/
12310,2104.01402v1,2104.01402,train,MCQ,cc-by-nc-nd,http://creativecommons.org/licenses/by-nc-nd/4.0/
94,2507.22317v1,2507.22317,train,fill_blank_100,arxiv-nonexclusive,http://arxiv.org/licenses/nonexclusive-distrib/1.0/
3599,2506.13003v1,2506.13003,train,fill_blank_100,arxiv-nonexclusive,http://arxiv.org/licenses/nonexclusive-distrib/1.0/
4778,2504.02211v2,2504.02211,train,fill_blank_75,arxiv-nonexclusive,http://arxiv.org/licenses/nonexclusive-distrib/1.0/
16066,1706.03721v1,1706.03721,train,fill_blank_25,arxiv-nonexclusive,http://arxiv.org/licenses/nonexclusive-distrib/1.0/
15773,2410.15357v2,2410.15357,train,fill_blank_75,arxiv-nonexclusive,http://arxiv.org/licenses/nonexclusive-distrib/1.0/
17025,2010.14825v1,2010.14825,train,MCQ,arxiv-nonexclusive,http://arxiv.org/licenses/nonexclusive-distrib/1.0/
1778,2506.07532v1,2506.07532,train,fill_blank_75,arxiv-nonexclusive,http://arxiv.org/licenses/nonexclusive-distrib/1.0/
16959,2104.03131v1,2104.03131,train,fill_blank_100,arxiv-nonexclusive,http://arxiv.org/licenses/nonexclusive-distrib/1.0/
2182,2505.23154v1,2505.23154,train,fill_blank_50,cc-by-nc-nd,http://creativecommons.org/licenses/by-nc-nd/4.0/
7175,2507.01641v2,2507.01641,train,MCQ,arxiv-nonexclusive,http://arxiv.org/licenses/nonexclusive-distrib/1.0/
5616,1708.03792v1,1708.03792,train,fill_blank_25,arxiv-nonexclusive,http://arxiv.org/licenses/nonexclusive-distrib/1.0/
15018,2209.02021v5,2209.02021,train,fill_blank_75,arxiv-nonexclusive,http://arxiv.org/licenses/nonexclusive-distrib/1.0/
5129,2210.17530v1,2210.17530,train,fill_blank_100,arxiv-nonexclusive,http://arxiv.org/licenses/nonexclusive-distrib/1.0/
10811,2501.16805v1,2501.16805,train,fill_blank_25,arxiv-nonexclusive,http://arxiv.org/licenses/nonexclusive-distrib/1.0/
8763,1611.03226v1,1611.03226,train,fill_blank_75,arxiv-nonexclusive,http://arxiv.org/licenses/nonexclusive-distrib/1.0/
8419,2505.21691v2,2505.21691,train,fill_blank_100,arxiv-nonexclusive,http://arxiv.org/licenses/nonexclusive-distrib/1.0/
422,2507.16666v1,2507.16666,train,fill_blank_50,arxiv-nonexclusive,http://arxiv.org/licenses/nonexclusive-distrib/1.0/
19272,2312.13045v1,2312.13045,train,fill_blank_50,arxiv-nonexclusive,http://arxiv.org/licenses/nonexclusive-distrib/1.0/
12411,2412.16779v1,2412.16779,train,fill_blank_25,arxiv-nonexclusive,http://arxiv.org/licenses/nonexclusive-distrib/1.0/
3894,1008.1380v1,1008.1380,train,fill_blank_100,arxiv-nonexclusive,http://arxiv.org/licenses/nonexclusive-distrib/1.0/
15392,2208.10653v1,2208.10653,train,fill_blank_50,arxiv-nonexclusive,http://arxiv.org/licenses/nonexclusive-distrib/1.0/
15365,2208.10653v1,2208.10653,train,MCQ,arxiv-nonexclusive,http://arxiv.org/licenses/nonexclusive-distrib/1.0/
7404,2411.10960v1,2411.10960,train,fill_blank_100,arxiv-nonexclusive,http://arxiv.org/licenses/nonexclusive-distrib/1.0/
16320,2309.11917v2,2309.11917,train,MCQ,arxiv-nonexclusive,http://arxiv.org/licenses/nonexclusive-distrib/1.0/
1405,2401.15756v1,2401.15756,train,MCQ,arxiv-nonexclusive,http://arxiv.org/licenses/nonexclusive-distrib/1.0/
9339,2406.12596v3,2406.12596,train,fill_blank_100,arxiv-nonexclusive,http://arxiv.org/licenses/nonexclusive-distrib/1.0/
8204,1003.5309v1,1003.5309,train,fill_blank_100,arxiv-nonexclusive,http://arxiv.org/licenses/nonexclusive-distrib/1.0/
11849,2010.13171v1,2010.13171,train,fill_blank_100,arxiv-nonexclusive,http://arxiv.org/licenses/nonexclusive-distrib/1.0/
4835,2207.03001v1,2207.03001,train,MCQ,arxiv-nonexclusive,http://arxiv.org/licenses/nonexclusive-distrib/1.0/
1356,2108.07165v1,2108.07165,train,fill_blank_25,arxiv-nonexclusive,http://arxiv.org/licenses/nonexclusive-distrib/1.0/
18792,2409.09590v1,2409.09590,train,fill_blank_50,arxiv-nonexclusive,http://arxiv.org/licenses/nonexclusive-distrib/1.0/
4722,2507.12593v2,2507.12593,train,fill_blank_50,arxiv-nonexclusive,http://arxiv.org/licenses/nonexclusive-distrib/1.0/
10749,2203.10783v1,2203.10783,train,fill_blank_100,arxiv-nonexclusive,http://arxiv.org/licenses/nonexclusive-distrib/1.0/
8004,2206.03108v1,2206.03108,train,fill_blank_100,arxiv-nonexclusive,http://arxiv.org/licenses/nonexclusive-distrib/1.0/
12644,2206.02308v1,2206.02308,train,fill_blank_100,cc-by-nc-nd,http://creativecommons.org/licenses/by-nc-nd/4.0/
12112,2310.07853v1,2310.07853,train,fill_blank_50,arxiv-nonexclusive,http://arxiv.org/licenses/nonexclusive-distrib/1.0/
10901,2204.07037v2,2204.07037,train,fill_blank_25,cc-by-nc-nd,http://creativecommons.org/licenses/by-nc-nd/4.0/
1553,2507.14210v1,2507.14210,train,fill_blank_75,arxiv-nonexclusive,http://arxiv.org/licenses/nonexclusive-distrib/1.0/
3534,2202.01946v1,2202.01946,train,fill_blank_100,arxiv-nonexclusive,http://arxiv.org/licenses/nonexclusive-distrib/1.0/
8582,2507.08507v1,2507.08507,train,fill_blank_50,arxiv-nonexclusive,http://arxiv.org/licenses/nonexclusive-distrib/1.0/
17424,2502.03637v1,2502.03637,train,fill_blank_100,arxiv-nonexclusive,http://arxiv.org/licenses/nonexclusive-distrib/1.0/
526,2503.13583v2,2503.13583,train,fill_blank_25,cc-by-nc-nd,http://creativecommons.org/licenses/by-nc-nd/4.0/
15043,2502.01137v1,2502.01137,train,fill_blank_75,arxiv-nonexclusive,http://arxiv.org/licenses/nonexclusive-distrib/1.0/
15290,2508.08002v1,2508.08002,train,MCQ,arxiv-nonexclusive,http://arxiv.org/licenses/nonexclusive-distrib/1.0/
3608,2507.02013v1,2507.02013,train,fill_blank_75,arxiv-nonexclusive,http://arxiv.org/licenses/nonexclusive-distrib/1.0/
1414,2507.03928v1,2507.03928,train,fill_blank_100,arxiv-nonexclusive,http://arxiv.org/licenses/nonexclusive-distrib/1.0/
6800,2505.08298v1,2505.08298,train,MCQ,arxiv-nonexclusive,http://arxiv.org/licenses/nonexclusive-distrib/1.0/
15125,2502.12642v1,2502.12642,train,MCQ,arxiv-nonexclusive,http://arxiv.org/licenses/nonexclusive-distrib/1.0/
2734,2506.08930v1,2506.08930,train,fill_blank_100,arxiv-nonexclusive,http://arxiv.org/licenses/nonexclusive-distrib/1.0/
7306,2407.16483v2,2407.16483,train,fill_blank_25,arxiv-nonexclusive,http://arxiv.org/licenses/nonexclusive-distrib/1.0/
10691,2508.04171v1,2508.04171,train,fill_blank_25,arxiv-nonexclusive,http://arxiv.org/licenses/nonexclusive-distrib/1.0/
17071,2405.18919v2,2405.18919,train,fill_blank_25,arxiv-nonexclusive,http://arxiv.org/licenses/nonexclusive-distrib/1.0/
9625,2202.11696v1,2202.11696,train,MCQ,arxiv-nonexclusive,http://arxiv.org/licenses/nonexclusive-distrib/1.0/
11749,2407.03280v1,2407.03280,train,fill_blank_100,arxiv-nonexclusive,http://arxiv.org/licenses/nonexclusive-distrib/1.0/
15082,2403.00605v1,2403.00605,train,fill_blank_50,arxiv-nonexclusive,http://arxiv.org/licenses/nonexclusive-distrib/1.0/
4029,2506.14557v2,2506.14557,train,fill_blank_100,arxiv-nonexclusive,http://arxiv.org/licenses/nonexclusive-distrib/1.0/
5462,2207.08737v2,2207.08737,train,fill_blank_50,arxiv-nonexclusive,http://arxiv.org/licenses/nonexclusive-distrib/1.0/
5607,2508.15375v1,2508.15375,train,fill_blank_50,arxiv-nonexclusive,http://arxiv.org/licenses/nonexclusive-distrib/1.0/
9920,2210.08829v1,2210.08829,train,MCQ,arxiv-nonexclusive,http://arxiv.org/licenses/nonexclusive-distrib/1.0/
3570,2505.01712v2,2505.01712,train,MCQ,arxiv-nonexclusive,http://arxiv.org/licenses/nonexclusive-distrib/1.0/
5328,2503.07471v1,2503.07471,train,fill_blank_75,cc-by-nc-nd,http://creativecommons.org/licenses/by-nc-nd/4.0/
10680,2508.04171v1,2508.04171,train,MCQ,arxiv-nonexclusive,http://arxiv.org/licenses/nonexclusive-distrib/1.0/
5615,1708.03792v1,1708.03792,train,MCQ,arxiv-nonexclusive,http://arxiv.org/licenses/nonexclusive-distrib/1.0/
9975,2402.06814v1,2402.06814,train,MCQ,arxiv-nonexclusive,http://arxiv.org/licenses/nonexclusive-distrib/1.0/
1694,2508.14753v1,2508.14753,train,fill_blank_100,cc-by-nc-nd,http://creativecommons.org/licenses/by-nc-nd/4.0/
9214,2304.14232v4,2304.14232,train,fill_blank_100,arxiv-nonexclusive,http://arxiv.org/licenses/nonexclusive-distrib/1.0/
7763,2504.20425v1,2504.20425,train,fill_blank_75,arxiv-nonexclusive,http://arxiv.org/licenses/nonexclusive-distrib/1.0/
7733,2407.01957v1,2407.01957,train,fill_blank_75,arxiv-nonexclusive,http://arxiv.org/licenses/nonexclusive-distrib/1.0/
16619,2110.14585v2,2110.14585,train,fill_blank_100,cc-by-nc-nd,http://creativecommons.org/licenses/by-nc-nd/4.0/
5397,2308.15696v1,2308.15696,train,fill_blank_50,arxiv-nonexclusive,http://arxiv.org/licenses/nonexclusive-distrib/1.0/
18374,2304.03594v1,2304.03594,train,fill_blank_100,cc-by-nc-nd,http://creativecommons.org/licenses/by-nc-nd/4.0/
11956,2011.01920v1,2011.01920,train,fill_blank_25,arxiv-nonexclusive,http://arxiv.org/licenses/nonexclusive-distrib/1.0/
5195,2203.04090v3,2203.04090,train,MCQ,cc-by-nc-nd,http://creativecommons.org/licenses/by-nc-nd/4.0/
7147,2401.15344v1,2401.15344,train,fill_blank_50,arxiv-nonexclusive,http://arxiv.org/licenses/nonexclusive-distrib/1.0/
1547,2507.14210v1,2507.14210,train,fill_blank_50,arxiv-nonexclusive,http://arxiv.org/licenses/nonexclusive-distrib/1.0/
11847,2010.13171v1,2010.13171,train,fill_blank_50,arxiv-nonexclusive,http://arxiv.org/licenses/nonexclusive-distrib/1.0/
8750,2508.12248v2,2508.12248,train,MCQ,arxiv-nonexclusive,http://arxiv.org/licenses/nonexclusive-distrib/1.0/
13260,2306.08532v1,2306.08532,train,MCQ,arxiv-nonexclusive,http://arxiv.org/licenses/nonexclusive-distrib/1.0/
597,2505.22783v1,2505.22783,train,fill_blank_50,arxiv-nonexclusive,http://arxiv.org/licenses/nonexclusive-distrib/1.0/
11971,2106.16079v1,2106.16079,train,fill_blank_25,arxiv-nonexclusive,http://arxiv.org/licenses/nonexclusive-distrib/1.0/
7421,2508.08225v1,2508.08225,train,fill_blank_25,arxiv-nonexclusive,http://arxiv.org/licenses/nonexclusive-distrib/1.0/
8434,2506.22094v1,2506.22094,train,fill_blank_100,cc-by-nc-nd,http://creativecommons.org/licenses/by-nc-nd/4.0/
6622,2507.20587v1,2507.20587,train,fill_blank_50,arxiv-nonexclusive,http://arxiv.org/licenses/nonexclusive-distrib/1.0/
5398,2308.15696v1,2308.15696,train,fill_blank_75,arxiv-nonexclusive,http://arxiv.org/licenses/nonexclusive-distrib/1.0/
3378,2507.13130v1,2507.13130,train,fill_blank_75,arxiv-nonexclusive,http://arxiv.org/licenses/nonexclusive-distrib/1.0/
830,2504.09799v1,2504.09799,train,MCQ,arxiv-nonexclusive,http://arxiv.org/licenses/nonexclusive-distrib/1.0/
18766,2409.09590v1,2409.09590,train,fill_blank_25,arxiv-nonexclusive,http://arxiv.org/licenses/nonexclusive-distrib/1.0/
6068,2203.12715v1,2203.12715,train,fill_blank_75,arxiv-nonexclusive,http://arxiv.org/licenses/nonexclusive-distrib/1.0/
8064,2508.12215v1,2508.12215,train,fill_blank_100,arxiv-nonexclusive,http://arxiv.org/licenses/nonexclusive-distrib/1.0/
9748,2311.02884v1,2311.02884,train,fill_blank_75,arxiv-nonexclusive,http://arxiv.org/licenses/nonexclusive-distrib/1.0/
4275,2504.18155v1,2504.18155,train,MCQ,cc-by-nc-nd,http://creativecommons.org/licenses/by-nc-nd/4.0/
16266,2209.01108v1,2209.01108,train,fill_blank_25,arxiv-nonexclusive,http://arxiv.org/licenses/nonexclusive-distrib/1.0/
12021,2305.03704v1,2305.03704,train,fill_blank_25,arxiv-nonexclusive,http://arxiv.org/licenses/nonexclusive-distrib/1.0/
5999,2506.16808v1,2506.16808,train,fill_blank_100,arxiv-nonexclusive,http://arxiv.org/licenses/nonexclusive-distrib/1.0/
17753,2405.07255v1,2405.07255,train,fill_blank_75,cc-by-nc-nd,http://creativecommons.org/licenses/by-nc-nd/4.0/
13109,2411.07086v1,2411.07086,train,fill_blank_100,arxiv-nonexclusive,http://arxiv.org/licenses/nonexclusive-distrib/1.0/
13263,2306.08532v1,2306.08532,train,fill_blank_75,arxiv-nonexclusive,http://arxiv.org/licenses/nonexclusive-distrib/1.0/
3198,2505.06256v1,2505.06256,train,fill_blank_75,arxiv-nonexclusive,http://arxiv.org/licenses/nonexclusive-distrib/1.0/
12422,2502.01482v1,2502.01482,train,fill_blank_50,arxiv-nonexclusive,http://arxiv.org/licenses/nonexclusive-distrib/1.0/
15305,2312.16918v3,2312.16918,train,MCQ,arxiv-nonexclusive,http://arxiv.org/licenses/nonexclusive-distrib/1.0/
8764,1611.03226v1,1611.03226,train,fill_blank_100,arxiv-nonexclusive,http://arxiv.org/licenses/nonexclusive-distrib/1.0/
11963,2011.01920v1,2011.01920,train,fill_blank_75,arxiv-nonexclusive,http://arxiv.org/licenses/nonexclusive-distrib/1.0/
6109,2506.23488v1,2506.23488,train,fill_blank_100,arxiv-nonexclusive,http://arxiv.org/licenses/nonexclusive-distrib/1.0/
19153,2508.14457v1,2508.14457,train,fill_blank_75,arxiv-nonexclusive,http://arxiv.org/licenses/nonexclusive-distrib/1.0/
9597,2404.05477v2,2404.05477,train,fill_blank_50,arxiv-nonexclusive,http://arxiv.org/licenses/nonexclusive-distrib/1.0/
10683,2508.04171v1,2508.04171,train,fill_blank_75,arxiv-nonexclusive,http://arxiv.org/licenses/nonexclusive-distrib/1.0/
8568,2506.04952v1,2506.04952,train,fill_blank_75,arxiv-nonexclusive,http://arxiv.org/licenses/nonexclusive-distrib/1.0/
6603,2508.11295v1,2508.11295,train,fill_blank_75,arxiv-nonexclusive,http://arxiv.org/licenses/nonexclusive-distrib/1.0/
7422,2508.08225v1,2508.08225,train,fill_blank_50,arxiv-nonexclusive,http://arxiv.org/licenses/nonexclusive-distrib/1.0/
2572,2507.02613v1,2507.02613,train,fill_blank_50,arxiv-nonexclusive,http://arxiv.org/licenses/nonexclusive-distrib/1.0/
8965,2403.03675v1,2403.03675,train,MCQ,arxiv-nonexclusive,http://arxiv.org/licenses/nonexclusive-distrib/1.0/
6288,2501.01837v1,2501.01837,train,fill_blank_75,arxiv-nonexclusive,http://arxiv.org/licenses/nonexclusive-distrib/1.0/
8698,2506.03813v1,2506.03813,train,fill_blank_75,arxiv-nonexclusive,http://arxiv.org/licenses/nonexclusive-distrib/1.0/
12275,2507.14035v1,2507.14035,train,MCQ,arxiv-nonexclusive,http://arxiv.org/licenses/nonexclusive-distrib/1.0/
17112,2501.02335v3,2501.02335,train,fill_blank_50,arxiv-nonexclusive,http://arxiv.org/licenses/nonexclusive-distrib/1.0/
10730,2111.09413v1,2111.09413,train,MCQ,arxiv-nonexclusive,http://arxiv.org/licenses/nonexclusive-distrib/1.0/
294,2508.04322v1,2508.04322,train,fill_blank_100,arxiv-nonexclusive,http://arxiv.org/licenses/nonexclusive-distrib/1.0/
17123,2501.02335v3,2501.02335,train,fill_blank_75,arxiv-nonexclusive,http://arxiv.org/licenses/nonexclusive-distrib/1.0/
16298,2201.09228v2,2201.09228,train,fill_blank_75,arxiv-nonexclusive,http://arxiv.org/licenses/nonexclusive-distrib/1.0/
14895,2309.13545v1,2309.13545,train,MCQ,arxiv-nonexclusive,http://arxiv.org/licenses/nonexclusive-distrib/1.0/
11410,2305.17575v1,2305.17575,train,MCQ,cc-by-nc-nd,http://creativecommons.org/licenses/by-nc-nd/4.0/
3407,2508.00409v1,2508.00409,train,fill_blank_50,arxiv-nonexclusive,http://arxiv.org/licenses/nonexclusive-distrib/1.0/
3154,2505.21866v1,2505.21866,train,fill_blank_100,cc-by-nc-nd,http://creativecommons.org/licenses/by-nc-nd/4.0/
13278,2306.08532v1,2306.08532,train,fill_blank_75,arxiv-nonexclusive,http://arxiv.org/licenses/nonexclusive-distrib/1.0/
9778,2202.08448v1,2202.08448,train,fill_blank_75,arxiv-nonexclusive,http://arxiv.org/licenses/nonexclusive-distrib/1.0/
12087,2310.06532v1,2310.06532,train,fill_blank_50,cc-by-nc-nd,http://creativecommons.org/licenses/by-nc-nd/4.0/
16350,2010.01002v1,2010.01002,train,MCQ,arxiv-nonexclusive,http://arxiv.org/licenses/nonexclusive-distrib/1.0/
11462,2410.04681v1,2410.04681,train,fill_blank_50,arxiv-nonexclusive,http://arxiv.org/licenses/nonexclusive-distrib/1.0/
11507,2405.14691v1,2405.14691,train,fill_blank_50,arxiv-nonexclusive,http://arxiv.org/licenses/nonexclusive-distrib/1.0/
7714,2407.01957v1,2407.01957,train,fill_blank_100,arxiv-nonexclusive,http://arxiv.org/licenses/nonexclusive-distrib/1.0/
5464,2207.08737v2,2207.08737,train,fill_blank_100,arxiv-nonexclusive,http://arxiv.org/licenses/nonexclusive-distrib/1.0/
846,2503.18078v1,2503.18078,train,fill_blank_25,arxiv-nonexclusive,http://arxiv.org/licenses/nonexclusive-distrib/1.0/
9977,2402.06814v1,2402.06814,train,fill_blank_50,arxiv-nonexclusive,http://arxiv.org/licenses/nonexclusive-distrib/1.0/
6812,2505.08298v1,2505.08298,train,fill_blank_50,arxiv-nonexclusive,http://arxiv.org/licenses/nonexclusive-distrib/1.0/
2368,2508.14445v1,2508.14445,train,fill_blank_75,arxiv-nonexclusive,http://arxiv.org/licenses/nonexclusive-distrib/1.0/
8193,1003.5309v1,1003.5309,train,fill_blank_75,arxiv-nonexclusive,http://arxiv.org/licenses/nonexclusive-distrib/1.0/
16044,2401.01007v1,2401.01007,train,fill_blank_100,arxiv-nonexclusive,http://arxiv.org/licenses/nonexclusive-distrib/1.0/
5037,2503.22378v1,2503.22378,train,fill_blank_50,arxiv-nonexclusive,http://arxiv.org/licenses/nonexclusive-distrib/1.0/
1983,2504.07436v1,2504.07436,train,fill_blank_75,arxiv-nonexclusive,http://arxiv.org/licenses/nonexclusive-distrib/1.0/
16082,2402.01665v1,2402.01665,train,fill_blank_50,arxiv-nonexclusive,http://arxiv.org/licenses/nonexclusive-distrib/1.0/
11987,2108.11697v1,2108.11697,train,fill_blank_50,arxiv-nonexclusive,http://arxiv.org/licenses/nonexclusive-distrib/1.0/
380,2506.23045v2,2506.23045,train,MCQ,arxiv-nonexclusive,http://arxiv.org/licenses/nonexclusive-distrib/1.0/
7382,2507.17494v1,2507.17494,train,fill_blank_50,arxiv-nonexclusive,http://arxiv.org/licenses/nonexclusive-distrib/1.0/
16409,2010.11840v1,2010.11840,train,fill_blank_100,arxiv-nonexclusive,http://arxiv.org/licenses/nonexclusive-distrib/1.0/
5477,2207.08737v2,2207.08737,train,fill_blank_50,arxiv-nonexclusive,http://arxiv.org/licenses/nonexclusive-distrib/1.0/
5213,2508.00234v1,2508.00234,train,fill_blank_75,arxiv-nonexclusive,http://arxiv.org/licenses/nonexclusive-distrib/1.0/
16277,2209.01108v1,2209.01108,train,fill_blank_50,arxiv-nonexclusive,http://arxiv.org/licenses/nonexclusive-distrib/1.0/
2184,2505.23154v1,2505.23154,train,fill_blank_100,cc-by-nc-nd,http://creativecommons.org/licenses/by-nc-nd/4.0/
7082,2508.12141v1,2508.12141,train,fill_blank_50,cc-by-nc-nd,http://creativecommons.org/licenses/by-nc-nd/4.0/
7952,2506.12599v3,2506.12599,train,fill_blank_50,arxiv-nonexclusive,http://arxiv.org/licenses/nonexclusive-distrib/1.0/
6260,2501.01837v1,2501.01837,train,MCQ,arxiv-nonexclusive,http://arxiv.org/licenses/nonexclusive-distrib/1.0/
13636,2502.17472v1,2502.17472,train,fill_blank_25,arxiv-nonexclusive,http://arxiv.org/licenses/nonexclusive-distrib/1.0/
4028,2506.14557v2,2506.14557,train,fill_blank_75,arxiv-nonexclusive,http://arxiv.org/licenses/nonexclusive-distrib/1.0/
7856,2506.17764v1,2506.17764,train,fill_blank_25,arxiv-nonexclusive,http://arxiv.org/licenses/nonexclusive-distrib/1.0/
8645,2507.09843v1,2507.09843,train,MCQ,arxiv-nonexclusive,http://arxiv.org/licenses/nonexclusive-distrib/1.0/
15230,2408.16464v1,2408.16464,train,MCQ,arxiv-nonexclusive,http://arxiv.org/licenses/nonexclusive-distrib/1.0/
7322,2407.16483v2,2407.16483,train,fill_blank_50,arxiv-nonexclusive,http://arxiv.org/licenses/nonexclusive-distrib/1.0/
18415,2109.00154v3,2109.00154,train,MCQ,arxiv-nonexclusive,http://arxiv.org/licenses/nonexclusive-distrib/1.0/
18022,2411.00374v3,2411.00374,train,fill_blank_50,arxiv-nonexclusive,http://arxiv.org/licenses/nonexclusive-distrib/1.0/
10592,2501.08100v1,2501.08100,train,fill_blank_50,arxiv-nonexclusive,http://arxiv.org/licenses/nonexclusive-distrib/1.0/
3254,2504.12794v1,2504.12794,train,fill_blank_100,arxiv-nonexclusive,http://arxiv.org/licenses/nonexclusive-distrib/1.0/
6568,2507.05121v1,2507.05121,train,fill_blank_75,arxiv-nonexclusive,http://arxiv.org/licenses/nonexclusive-distrib/1.0/
17226,2412.00442v1,2412.00442,train,fill_blank_25,cc-by-nc-nd,http://creativecommons.org/licenses/by-nc-nd/4.0/
621,2508.08206v1,2508.08206,train,fill_blank_25,arxiv-nonexclusive,http://arxiv.org/licenses/nonexclusive-distrib/1.0/
11848,2010.13171v1,2010.13171,train,fill_blank_75,arxiv-nonexclusive,http://arxiv.org/licenses/nonexclusive-distrib/1.0/
16057,1706.03721v1,1706.03721,train,fill_blank_50,arxiv-nonexclusive,http://arxiv.org/licenses/nonexclusive-distrib/1.0/
5793,2506.17870v1,2506.17870,train,fill_blank_75,cc-by-nc-nd,http://creativecommons.org/licenses/by-nc-nd/4.0/
15054,2502.01137v1,2502.01137,train,fill_blank_100,arxiv-nonexclusive,http://arxiv.org/licenses/nonexclusive-distrib/1.0/
17028,2010.14825v1,2010.14825,train,fill_blank_75,arxiv-nonexclusive,http://arxiv.org/licenses/nonexclusive-distrib/1.0/
8253,2506.01382v1,2506.01382,train,fill_blank_75,arxiv-nonexclusive,http://arxiv.org/licenses/nonexclusive-distrib/1.0/
2789,2506.04804v1,2506.04804,train,fill_blank_100,arxiv-nonexclusive,http://arxiv.org/licenses/nonexclusive-distrib/1.0/
11563,2410.09588v1,2410.09588,train,fill_blank_75,arxiv-nonexclusive,http://arxiv.org/licenses/nonexclusive-distrib/1.0/
1062,2505.03556v1,2505.03556,train,fill_blank_50,arxiv-nonexclusive,http://arxiv.org/licenses/nonexclusive-distrib/1.0/
7059,2508.08022v1,2508.08022,train,fill_blank_100,arxiv-nonexclusive,http://arxiv.org/licenses/nonexclusive-distrib/1.0/
1782,2506.07532v1,2506.07532,train,fill_blank_50,arxiv-nonexclusive,http://arxiv.org/licenses/nonexclusive-distrib/1.0/
635,2508.08206v1,2508.08206,train,MCQ,arxiv-nonexclusive,http://arxiv.org/licenses/nonexclusive-distrib/1.0/
3537,2202.01946v1,2202.01946,train,fill_blank_50,arxiv-nonexclusive,http://arxiv.org/licenses/nonexclusive-distrib/1.0/
12413,2412.16779v1,2412.16779,train,fill_blank_75,arxiv-nonexclusive,http://arxiv.org/licenses/nonexclusive-distrib/1.0/
9638,1004.1997v1,1004.1997,train,fill_blank_75,arxiv-nonexclusive,http://arxiv.org/licenses/nonexclusive-distrib/1.0/
12392,1508.00691v1,1508.00691,train,fill_blank_50,arxiv-nonexclusive,http://arxiv.org/licenses/nonexclusive-distrib/1.0/
18650,2411.17056v2,2411.17056,train,MCQ,arxiv-nonexclusive,http://arxiv.org/licenses/nonexclusive-distrib/1.0/
606,2505.22783v1,2505.22783,train,fill_blank_25,arxiv-nonexclusive,http://arxiv.org/licenses/nonexclusive-distrib/1.0/
15498,2403.13314v1,2403.13314,train,fill_blank_75,arxiv-nonexclusive,http://arxiv.org/licenses/nonexclusive-distrib/1.0/
3815,2503.13478v1,2503.13478,train,MCQ,arxiv-nonexclusive,http://arxiv.org/licenses/nonexclusive-distrib/1.0/
8523,2503.11226v1,2503.11226,train,fill_blank_75,arxiv-nonexclusive,http://arxiv.org/licenses/nonexclusive-distrib/1.0/
18247,1006.3537v1,1006.3537,train,fill_blank_50,arxiv-nonexclusive,http://arxiv.org/licenses/nonexclusive-distrib/1.0/
795,2501.02271v1,2501.02271,train,MCQ,arxiv-nonexclusive,http://arxiv.org/licenses/nonexclusive-distrib/1.0/
7120,2401.15344v1,2401.15344,train,MCQ,arxiv-nonexclusive,http://arxiv.org/licenses/nonexclusive-distrib/1.0/
14410,2211.11180v2,2211.11180,train,MCQ,arxiv-nonexclusive,http://arxiv.org/licenses/nonexclusive-distrib/1.0/
3918,2507.15515v1,2507.15515,train,fill_blank_75,arxiv-nonexclusive,http://arxiv.org/licenses/nonexclusive-distrib/1.0/
2575,2507.02613v1,2507.02613,train,MCQ,arxiv-nonexclusive,http://arxiv.org/licenses/nonexclusive-distrib/1.0/
11138,2312.09467v1,2312.09467,train,fill_blank_75,cc-by-nc-nd,http://creativecommons.org/licenses/by-nc-nd/4.0/
7104,2508.01635v1,2508.01635,train,fill_blank_100,arxiv-nonexclusive,http://arxiv.org/licenses/nonexclusive-distrib/1.0/
15369,2208.10653v1,2208.10653,train,fill_blank_100,arxiv-nonexclusive,http://arxiv.org/licenses/nonexclusive-distrib/1.0/
9296,2501.02001v1,2501.02001,train,fill_blank_25,arxiv-nonexclusive,http://arxiv.org/licenses/nonexclusive-distrib/1.0/
70,2505.02964v1,2505.02964,train,MCQ,arxiv-nonexclusive,http://arxiv.org/licenses/nonexclusive-distrib/1.0/
9248,2407.19299v3,2407.19299,train,fill_blank_75,cc-by-nc-nd,http://creativecommons.org/licenses/by-nc-nd/4.0/
2577,2507.02613v1,2507.02613,train,fill_blank_50,arxiv-nonexclusive,http://arxiv.org/licenses/nonexclusive-distrib/1.0/
2792,2506.04804v1,2506.04804,train,fill_blank_50,arxiv-nonexclusive,http://arxiv.org/licenses/nonexclusive-distrib/1.0/
15087,2403.00605v1,2403.00605,train,fill_blank_50,arxiv-nonexclusive,http://arxiv.org/licenses/nonexclusive-distrib/1.0/
7297,2407.16483v2,2407.16483,train,fill_blank_50,arxiv-nonexclusive,http://arxiv.org/licenses/nonexclusive-distrib/1.0/
4333,2506.04833v1,2506.04833,train,fill_blank_75,arxiv-nonexclusive,http://arxiv.org/licenses/nonexclusive-distrib/1.0/
7142,2401.15344v1,2401.15344,train,fill_blank_50,arxiv-nonexclusive,http://arxiv.org/licenses/nonexclusive-distrib/1.0/
7198,2503.21102v1,2503.21102,train,fill_blank_75,arxiv-nonexclusive,http://arxiv.org/licenses/nonexclusive-distrib/1.0/
6178,2209.12253v3,2209.12253,train,fill_blank_75,arxiv-nonexclusive,http://arxiv.org/licenses/nonexclusive-distrib/1.0/
9077,2405.02818v1,2405.02818,train,fill_blank_50,arxiv-nonexclusive,http://arxiv.org/licenses/nonexclusive-distrib/1.0/
5634,1708.03792v1,1708.03792,train,fill_blank_100,arxiv-nonexclusive,http://arxiv.org/licenses/nonexclusive-distrib/1.0/
18409,2312.04805v1,2312.04805,train,fill_blank_100,arxiv-nonexclusive,http://arxiv.org/licenses/nonexclusive-distrib/1.0/
15083,2403.00605v1,2403.00605,train,fill_blank_75,arxiv-nonexclusive,http://arxiv.org/licenses/nonexclusive-distrib/1.0/
11461,2410.04681v1,2410.04681,train,fill_blank_25,arxiv-nonexclusive,http://arxiv.org/licenses/nonexclusive-distrib/1.0/
7070,2508.12141v1,2508.12141,train,MCQ,cc-by-nc-nd,http://creativecommons.org/licenses/by-nc-nd/4.0/
4731,2507.12593v2,2507.12593,train,fill_blank_25,arxiv-nonexclusive,http://arxiv.org/licenses/nonexclusive-distrib/1.0/
12709,2403.08900v1,2403.08900,train,fill_blank_100,arxiv-nonexclusive,http://arxiv.org/licenses/nonexclusive-distrib/1.0/
11519,2405.14691v1,2405.14691,train,fill_blank_100,arxiv-nonexclusive,http://arxiv.org/licenses/nonexclusive-distrib/1.0/
9101,2010.03413v1,2010.03413,train,fill_blank_25,arxiv-nonexclusive,http://arxiv.org/licenses/nonexclusive-distrib/1.0/
4298,2504.18155v1,2504.18155,train,fill_blank_75,cc-by-nc-nd,http://creativecommons.org/licenses/by-nc-nd/4.0/
15633,2405.12432v1,2405.12432,train,fill_blank_75,arxiv-nonexclusive,http://arxiv.org/licenses/nonexclusive-distrib/1.0/
7996,2206.03108v1,2206.03108,train,fill_blank_25,arxiv-nonexclusive,http://arxiv.org/licenses/nonexclusive-distrib/1.0/
3132,2506.22000v1,2506.22000,train,fill_blank_50,cc-by-nc-nd,http://creativecommons.org/licenses/by-nc-nd/4.0/
13318,2111.11650v2,2111.11650,train,fill_blank_75,arxiv-nonexclusive,http://arxiv.org/licenses/nonexclusive-distrib/1.0/
3004,2507.12240v1,2507.12240,train,fill_blank_100,arxiv-nonexclusive,http://arxiv.org/licenses/nonexclusive-distrib/1.0/
227,2508.04570v1,2508.04570,train,fill_blank_50,cc-by-nc-nd,http://creativecommons.org/licenses/by-nc-nd/4.0/
16069,1706.03721v1,1706.03721,train,fill_blank_100,arxiv-nonexclusive,http://arxiv.org/licenses/nonexclusive-distrib/1.0/
2893,2506.23937v1,2506.23937,train,fill_blank_75,cc-by-nc-nd,http://creativecommons.org/licenses/by-nc-nd/4.0/
3694,2505.15403v1,2505.15403,train,fill_blank_100,arxiv-nonexclusive,http://arxiv.org/licenses/nonexclusive-distrib/1.0/
9445,2101.04249v2,2101.04249,train,MCQ,cc-by-nc-nd,http://creativecommons.org/licenses/by-nc-nd/4.0/
4097,2508.02950v1,2508.02950,train,fill_blank_50,arxiv-nonexclusive,http://arxiv.org/licenses/nonexclusive-distrib/1.0/
18773,2409.09590v1,2409.09590,train,fill_blank_75,arxiv-nonexclusive,http://arxiv.org/licenses/nonexclusive-distrib/1.0/
18633,2407.07702v1,2407.07702,train,fill_blank_75,arxiv-nonexclusive,http://arxiv.org/licenses/nonexclusive-distrib/1.0/
16957,2104.03131v1,2104.03131,train,fill_blank_50,arxiv-nonexclusive,http://arxiv.org/licenses/nonexclusive-distrib/1.0/
12942,2309.08844v1,2309.08844,train,fill_blank_50,arxiv-nonexclusive,http://arxiv.org/licenses/nonexclusive-distrib/1.0/
7117,2508.01635v1,2508.01635,train,fill_blank_50,arxiv-nonexclusive,http://arxiv.org/licenses/nonexclusive-distrib/1.0/
6353,2506.22465v1,2506.22465,train,fill_blank_75,arxiv-nonexclusive,http://arxiv.org/licenses/nonexclusive-distrib/1.0/
10996,2303.14351v1,2303.14351,train,fill_blank_25,arxiv-nonexclusive,http://arxiv.org/licenses/nonexclusive-distrib/1.0/
12179,2412.06861v2,2412.06861,train,fill_blank_100,arxiv-nonexclusive,http://arxiv.org/licenses/nonexclusive-distrib/1.0/
5296,2508.03391v1,2508.03391,train,fill_blank_25,arxiv-nonexclusive,http://arxiv.org/licenses/nonexclusive-distrib/1.0/
4235,2312.13683v1,2312.13683,train,MCQ,arxiv-nonexclusive,http://arxiv.org/licenses/nonexclusive-distrib/1.0/
9949,2006.12238v1,2006.12238,train,fill_blank_100,arxiv-nonexclusive,http://arxiv.org/licenses/nonexclusive-distrib/1.0/
8978,2403.03675v1,2403.03675,train,fill_blank_75,arxiv-nonexclusive,http://arxiv.org/licenses/nonexclusive-distrib/1.0/
16187,2107.01582v1,2107.01582,train,fill_blank_50,arxiv-nonexclusive,http://arxiv.org/licenses/nonexclusive-distrib/1.0/
13439,2206.13007v1,2206.13007,train,fill_blank_100,arxiv-nonexclusive,http://arxiv.org/licenses/nonexclusive-distrib/1.0/
7257,2504.08078v1,2504.08078,train,fill_blank_50,cc-by-nc-nd,http://creativecommons.org/licenses/by-nc-nd/4.0/
16085,2402.01665v1,2402.01665,train,MCQ,arxiv-nonexclusive,http://arxiv.org/licenses/nonexclusive-distrib/1.0/
6625,2507.20587v1,2507.20587,train,MCQ,arxiv-nonexclusive,http://arxiv.org/licenses/nonexclusive-distrib/1.0/
17818,1509.02664v1,1509.02664,train,fill_blank_75,arxiv-nonexclusive,http://arxiv.org/licenses/nonexclusive-distrib/1.0/
13674,2306.00544v3,2306.00544,train,fill_blank_100,arxiv-nonexclusive,http://arxiv.org/licenses/nonexclusive-distrib/1.0/
12638,2206.02308v1,2206.02308,train,fill_blank_75,cc-by-nc-nd,http://creativecommons.org/licenses/by-nc-nd/4.0/
18045,2201.05524v1,2201.05524,train,MCQ,arxiv-nonexclusive,http://arxiv.org/licenses/nonexclusive-distrib/1.0/
18224,1901.03641v1,1901.03641,train,fill_blank_100,arxiv-nonexclusive,http://arxiv.org/licenses/nonexclusive-distrib/1.0/
8569,2506.04952v1,2506.04952,train,fill_blank_100,arxiv-nonexclusive,http://arxiv.org/licenses/nonexclusive-distrib/1.0/
3643,2301.03857v3,2301.03857,train,fill_blank_75,arxiv-nonexclusive,http://arxiv.org/licenses/nonexclusive-distrib/1.0/
17871,2309.04998v3,2309.04998,train,fill_blank_25,arxiv-nonexclusive,http://arxiv.org/licenses/nonexclusive-distrib/1.0/
8050,2508.12215v1,2508.12215,train,MCQ,arxiv-nonexclusive,http://arxiv.org/licenses/nonexclusive-distrib/1.0/
3849,2506.11351v1,2506.11351,train,fill_blank_100,arxiv-nonexclusive,http://arxiv.org/licenses/nonexclusive-distrib/1.0/
7356,2507.19657v1,2507.19657,train,fill_blank_25,arxiv-nonexclusive,http://arxiv.org/licenses/nonexclusive-distrib/1.0/
11125,2405.10553v1,2405.10553,train,MCQ,arxiv-nonexclusive,http://arxiv.org/licenses/nonexclusive-distrib/1.0/
5323,2501.10676v2,2501.10676,train,fill_blank_75,arxiv-nonexclusive,http://arxiv.org/licenses/nonexclusive-distrib/1.0/
17022,2405.19771v2,2405.19771,train,fill_blank_50,arxiv-nonexclusive,http://arxiv.org/licenses/nonexclusive-distrib/1.0/
17030,2010.14825v1,2010.14825,train,MCQ,arxiv-nonexclusive,http://arxiv.org/licenses/nonexclusive-distrib/1.0/
4182,2505.18534v1,2505.18534,train,fill_blank_50,cc-by-nc-nd,http://creativecommons.org/licenses/by-nc-nd/4.0/
9484,2101.04249v2,2101.04249,train,fill_blank_100,cc-by-nc-nd,http://creativecommons.org/licenses/by-nc-nd/4.0/
6523,2505.11321v1,2505.11321,train,fill_blank_75,arxiv-nonexclusive,http://arxiv.org/licenses/nonexclusive-distrib/1.0/
2625,2508.00274v1,2508.00274,train,MCQ,arxiv-nonexclusive,http://arxiv.org/licenses/nonexclusive-distrib/1.0/
6527,2505.11321v1,2505.11321,train,fill_blank_50,arxiv-nonexclusive,http://arxiv.org/licenses/nonexclusive-distrib/1.0/
10163,2406.16280v1,2406.16280,train,fill_blank_75,arxiv-nonexclusive,http://arxiv.org/licenses/nonexclusive-distrib/1.0/
5813,2506.17870v1,2506.17870,train,fill_blank_75,cc-by-nc-nd,http://creativecommons.org/licenses/by-nc-nd/4.0/
10452,2211.10014v1,2211.10014,train,fill_blank_50,cc-by-nc-nd,http://creativecommons.org/licenses/by-nc-nd/4.0/
5277,2508.03391v1,2508.03391,train,fill_blank_50,arxiv-nonexclusive,http://arxiv.org/licenses/nonexclusive-distrib/1.0/
13833,2206.03250v1,2206.03250,train,fill_blank_75,arxiv-nonexclusive,http://arxiv.org/licenses/nonexclusive-distrib/1.0/
8387,2505.08221v2,2505.08221,train,fill_blank_50,arxiv-nonexclusive,http://arxiv.org/licenses/nonexclusive-distrib/1.0/
622,2508.08206v1,2508.08206,train,fill_blank_50,arxiv-nonexclusive,http://arxiv.org/licenses/nonexclusive-distrib/1.0/
10558,2009.08346v2,2009.08346,train,fill_blank_75,arxiv-nonexclusive,http://arxiv.org/licenses/nonexclusive-distrib/1.0/
8054,2508.12215v1,2508.12215,train,fill_blank_100,arxiv-nonexclusive,http://arxiv.org/licenses/nonexclusive-distrib/1.0/
6564,2505.00747v1,2505.00747,train,fill_blank_100,cc-by-nc-nd,http://creativecommons.org/licenses/by-nc-nd/4.0/
9271,2309.04161v2,2309.04161,train,fill_blank_25,arxiv-nonexclusive,http://arxiv.org/licenses/nonexclusive-distrib/1.0/
10193,2401.10396v1,2401.10396,train,fill_blank_75,cc-by-nc-nd,http://creativecommons.org/licenses/by-nc-nd/4.0/
4276,2504.18155v1,2504.18155,train,fill_blank_25,cc-by-nc-nd,http://creativecommons.org/licenses/by-nc-nd/4.0/
3921,2507.09852v1,2507.09852,train,fill_blank_25,arxiv-nonexclusive,http://arxiv.org/licenses/nonexclusive-distrib/1.0/
1779,2506.07532v1,2506.07532,train,fill_blank_100,arxiv-nonexclusive,http://arxiv.org/licenses/nonexclusive-distrib/1.0/
4945,2507.03848v1,2507.03848,train,MCQ,arxiv-nonexclusive,http://arxiv.org/licenses/nonexclusive-distrib/1.0/
5358,2505.00549v1,2505.00549,train,fill_blank_75,arxiv-nonexclusive,http://arxiv.org/licenses/nonexclusive-distrib/1.0/
8045,2508.12215v1,2508.12215,train,MCQ,arxiv-nonexclusive,http://arxiv.org/licenses/nonexclusive-distrib/1.0/
4183,2505.18534v1,2505.18534,train,fill_blank_75,cc-by-nc-nd,http://creativecommons.org/licenses/by-nc-nd/4.0/
1765,2506.07532v1,2506.07532,train,MCQ,arxiv-nonexclusive,http://arxiv.org/licenses/nonexclusive-distrib/1.0/
16972,2104.03131v1,2104.03131,train,fill_blank_50,arxiv-nonexclusive,http://arxiv.org/licenses/nonexclusive-distrib/1.0/
7721,2407.01957v1,2407.01957,train,fill_blank_25,arxiv-nonexclusive,http://arxiv.org/licenses/nonexclusive-distrib/1.0/
5032,2407.07434v1,2407.07434,train,fill_blank_50,arxiv-nonexclusive,http://arxiv.org/licenses/nonexclusive-distrib/1.0/
8960,2403.03675v1,2403.03675,train,MCQ,arxiv-nonexclusive,http://arxiv.org/licenses/nonexclusive-distrib/1.0/
9299,2501.02001v1,2501.02001,train,fill_blank_100,arxiv-nonexclusive,http://arxiv.org/licenses/nonexclusive-distrib/1.0/
10678,1301.1215v1,1301.1215,train,fill_blank_75,arxiv-nonexclusive,http://arxiv.org/licenses/nonexclusive-distrib/1.0/
4179,2505.18534v1,2505.18534,train,fill_blank_100,cc-by-nc-nd,http://creativecommons.org/licenses/by-nc-nd/4.0/
1105,2506.22844v1,2506.22844,train,MCQ,arxiv-nonexclusive,http://arxiv.org/licenses/nonexclusive-distrib/1.0/
7955,2506.12599v3,2506.12599,train,MCQ,arxiv-nonexclusive,http://arxiv.org/licenses/nonexclusive-distrib/1.0/
10648,2408.16280v1,2408.16280,train,fill_blank_75,arxiv-nonexclusive,http://arxiv.org/licenses/nonexclusive-distrib/1.0/
5331,2503.07471v1,2503.07471,train,fill_blank_25,cc-by-nc-nd,http://creativecommons.org/licenses/by-nc-nd/4.0/
18767,2409.09590v1,2409.09590,train,fill_blank_50,arxiv-nonexclusive,http://arxiv.org/licenses/nonexclusive-distrib/1.0/
10809,2009.00669v3,2009.00669,train,fill_blank_100,arxiv-nonexclusive,http://arxiv.org/licenses/nonexclusive-distrib/1.0/
9512,2306.15590v2,2306.15590,train,fill_blank_50,arxiv-nonexclusive,http://arxiv.org/licenses/nonexclusive-distrib/1.0/
8878,2206.07987v2,2206.07987,train,fill_blank_75,arxiv-nonexclusive,http://arxiv.org/licenses/nonexclusive-distrib/1.0/
16317,2305.02074v2,2305.02074,train,fill_blank_50,arxiv-nonexclusive,http://arxiv.org/licenses/nonexclusive-distrib/1.0/
7052,2508.08022v1,2508.08022,train,fill_blank_50,arxiv-nonexclusive,http://arxiv.org/licenses/nonexclusive-distrib/1.0/
7758,2504.20425v1,2504.20425,train,fill_blank_75,arxiv-nonexclusive,http://arxiv.org/licenses/nonexclusive-distrib/1.0/
2375,2508.14445v1,2508.14445,train,MCQ,arxiv-nonexclusive,http://arxiv.org/licenses/nonexclusive-distrib/1.0/
7965,2505.04453v1,2505.04453,train,MCQ,arxiv-nonexclusive,http://arxiv.org/licenses/nonexclusive-distrib/1.0/
15994,2106.04636v1,2106.04636,train,fill_blank_100,arxiv-nonexclusive,http://arxiv.org/licenses/nonexclusive-distrib/1.0/
18292,2501.06355v1,2501.06355,train,fill_blank_50,arxiv-nonexclusive,http://arxiv.org/licenses/nonexclusive-distrib/1.0/
18375,2304.03594v1,2304.03594,train,MCQ,cc-by-nc-nd,http://creativecommons.org/licenses/by-nc-nd/4.0/
9652,1004.1997v1,1004.1997,train,fill_blank_50,arxiv-nonexclusive,http://arxiv.org/licenses/nonexclusive-distrib/1.0/
8266,2507.10113v1,2507.10113,train,fill_blank_25,arxiv-nonexclusive,http://arxiv.org/licenses/nonexclusive-distrib/1.0/
18478,2403.00229v1,2403.00229,train,fill_blank_75,arxiv-nonexclusive,http://arxiv.org/licenses/nonexclusive-distrib/1.0/
7867,2506.17764v1,2506.17764,train,fill_blank_50,arxiv-nonexclusive,http://arxiv.org/licenses/nonexclusive-distrib/1.0/
13888,2407.14890v1,2407.14890,train,fill_blank_75,arxiv-nonexclusive,http://arxiv.org/licenses/nonexclusive-distrib/1.0/
9834,2209.02633v3,2209.02633,train,fill_blank_100,arxiv-nonexclusive,http://arxiv.org/licenses/nonexclusive-distrib/1.0/
6586,2507.22013v1,2507.22013,train,fill_blank_25,arxiv-nonexclusive,http://arxiv.org/licenses/nonexclusive-distrib/1.0/
11107,2403.17810v1,2403.17810,train,fill_blank_50,arxiv-nonexclusive,http://arxiv.org/licenses/nonexclusive-distrib/1.0/
13661,2306.00544v3,2306.00544,train,fill_blank_25,arxiv-nonexclusive,http://arxiv.org/licenses/nonexclusive-distrib/1.0/
18024,2411.00374v3,2411.00374,train,fill_blank_100,arxiv-nonexclusive,http://arxiv.org/licenses/nonexclusive-distrib/1.0/
16068,1706.03721v1,1706.03721,train,fill_blank_75,arxiv-nonexclusive,http://arxiv.org/licenses/nonexclusive-distrib/1.0/
12954,2309.08844v1,2309.08844,train,fill_blank_100,arxiv-nonexclusive,http://arxiv.org/licenses/nonexclusive-distrib/1.0/
12923,2010.07216v1,2010.07216,train,fill_blank_75,arxiv-nonexclusive,http://arxiv.org/licenses/nonexclusive-distrib/1.0/
8533,2503.11226v1,2503.11226,train,fill_blank_75,arxiv-nonexclusive,http://arxiv.org/licenses/nonexclusive-distrib/1.0/
16927,2307.06442v2,2307.06442,train,fill_blank_50,cc-by-nc-nd,http://creativecommons.org/licenses/by-nc-nd/4.0/
1384,2506.03063v1,2506.03063,train,fill_blank_100,arxiv-nonexclusive,http://arxiv.org/licenses/nonexclusive-distrib/1.0/
8938,2305.10184v1,2305.10184,train,fill_blank_75,arxiv-nonexclusive,http://arxiv.org/licenses/nonexclusive-distrib/1.0/
13243,2402.16591v1,2402.16591,train,fill_blank_75,arxiv-nonexclusive,http://arxiv.org/licenses/nonexclusive-distrib/1.0/
10603,2501.08100v1,2501.08100,train,fill_blank_75,arxiv-nonexclusive,http://arxiv.org/licenses/nonexclusive-distrib/1.0/
2828,2507.05829v1,2507.05829,train,fill_blank_75,arxiv-nonexclusive,http://arxiv.org/licenses/nonexclusive-distrib/1.0/
9842,2502.06128v2,2502.06128,train,fill_blank_50,arxiv-nonexclusive,http://arxiv.org/licenses/nonexclusive-distrib/1.0/
12278,2507.14035v1,2507.14035,train,fill_blank_75,arxiv-nonexclusive,http://arxiv.org/licenses/nonexclusive-distrib/1.0/
9837,2209.02633v3,2209.02633,train,fill_blank_50,arxiv-nonexclusive,http://arxiv.org/licenses/nonexclusive-distrib/1.0/
15675,2409.17295v1,2409.17295,train,MCQ,arxiv-nonexclusive,http://arxiv.org/licenses/nonexclusive-distrib/1.0/
3690,2505.15403v1,2505.15403,train,MCQ,arxiv-nonexclusive,http://arxiv.org/licenses/nonexclusive-distrib/1.0/
1107,2506.22844v1,2506.22844,train,fill_blank_50,arxiv-nonexclusive,http://arxiv.org/licenses/nonexclusive-distrib/1.0/
3104,2503.17912v1,2503.17912,train,fill_blank_100,arxiv-nonexclusive,http://arxiv.org/licenses/nonexclusive-distrib/1.0/
13928,2502.11053v2,2502.11053,train,fill_blank_75,arxiv-nonexclusive,http://arxiv.org/licenses/nonexclusive-distrib/1.0/
15307,2312.16918v3,2312.16918,train,fill_blank_50,arxiv-nonexclusive,http://arxiv.org/licenses/nonexclusive-distrib/1.0/
16043,2401.01007v1,2401.01007,train,fill_blank_75,arxiv-nonexclusive,http://arxiv.org/licenses/nonexclusive-distrib/1.0/
12114,2310.07853v1,2310.07853,train,fill_blank_100,arxiv-nonexclusive,http://arxiv.org/licenses/nonexclusive-distrib/1.0/
16087,2402.01665v1,2402.01665,train,fill_blank_50,arxiv-nonexclusive,http://arxiv.org/licenses/nonexclusive-distrib/1.0/
9772,2202.08448v1,2202.08448,train,fill_blank_50,arxiv-nonexclusive,http://arxiv.org/licenses/nonexclusive-distrib/1.0/
17604,2109.12711v1,2109.12711,train,fill_blank_100,arxiv-nonexclusive,http://arxiv.org/licenses/nonexclusive-distrib/1.0/
18863,2209.06566v2,2209.06566,train,fill_blank_75,arxiv-nonexclusive,http://arxiv.org/licenses/nonexclusive-distrib/1.0/
19280,2312.13045v1,2312.13045,train,MCQ,arxiv-nonexclusive,http://arxiv.org/licenses/nonexclusive-distrib/1.0/
10736,2111.09413v1,2111.09413,train,fill_blank_25,arxiv-nonexclusive,http://arxiv.org/licenses/nonexclusive-distrib/1.0/
10398,2502.09857v1,2502.09857,train,fill_blank_75,arxiv-nonexclusive,http://arxiv.org/licenses/nonexclusive-distrib/1.0/
7666,2506.22082v1,2506.22082,train,fill_blank_25,cc-by-nc-nd,http://creativecommons.org/licenses/by-nc-nd/4.0/
1305,2505.07555v1,2505.07555,train,MCQ,arxiv-nonexclusive,http://arxiv.org/licenses/nonexclusive-distrib/1.0/
15233,2408.16464v1,2408.16464,train,fill_blank_75,arxiv-nonexclusive,http://arxiv.org/licenses/nonexclusive-distrib/1.0/
9378,2412.14616v1,2412.14616,train,fill_blank_75,arxiv-nonexclusive,http://arxiv.org/licenses/nonexclusive-distrib/1.0/
10454,2211.10014v1,2211.10014,train,fill_blank_100,cc-by-nc-nd,http://creativecommons.org/licenses/by-nc-nd/4.0/
12619,2412.19071v1,2412.19071,train,fill_blank_100,arxiv-nonexclusive,http://arxiv.org/licenses/nonexclusive-distrib/1.0/
7186,2503.21102v1,2503.21102,train,fill_blank_25,arxiv-nonexclusive,http://arxiv.org/licenses/nonexclusive-distrib/1.0/
154,2507.03915v1,2507.03915,train,fill_blank_100,arxiv-nonexclusive,http://arxiv.org/licenses/nonexclusive-distrib/1.0/
16178,1107.0234v1,1107.0234,train,fill_blank_75,arxiv-nonexclusive,http://arxiv.org/licenses/nonexclusive-distrib/1.0/
18298,2501.06355v1,2501.06355,train,fill_blank_75,arxiv-nonexclusive,http://arxiv.org/licenses/nonexclusive-distrib/1.0/
7946,2506.12599v3,2506.12599,train,fill_blank_25,arxiv-nonexclusive,http://arxiv.org/licenses/nonexclusive-distrib/1.0/
2889,2506.23937v1,2506.23937,train,fill_blank_100,cc-by-nc-nd,http://creativecommons.org/licenses/by-nc-nd/4.0/
17628,2310.18180v1,2310.18180,train,fill_blank_75,arxiv-nonexclusive,http://arxiv.org/licenses/nonexclusive-distrib/1.0/
9427,2203.05152v1,2203.05152,train,fill_blank_50,arxiv-nonexclusive,http://arxiv.org/licenses/nonexclusive-distrib/1.0/
608,2505.22783v1,2505.22783,train,fill_blank_75,arxiv-nonexclusive,http://arxiv.org/licenses/nonexclusive-distrib/1.0/
17116,2501.02335v3,2501.02335,train,fill_blank_25,arxiv-nonexclusive,http://arxiv.org/licenses/nonexclusive-distrib/1.0/
4902,2505.19843v1,2505.19843,train,fill_blank_50,arxiv-nonexclusive,http://arxiv.org/licenses/nonexclusive-distrib/1.0/
9764,2202.08448v1,2202.08448,train,fill_blank_100,arxiv-nonexclusive,http://arxiv.org/licenses/nonexclusive-distrib/1.0/
14545,2407.10382v3,2407.10382,train,MCQ,arxiv-nonexclusive,http://arxiv.org/licenses/nonexclusive-distrib/1.0/
19007,2502.16267v1,2502.16267,train,fill_blank_50,arxiv-nonexclusive,http://arxiv.org/licenses/nonexclusive-distrib/1.0/
15683,2409.17295v1,2409.17295,train,fill_blank_75,arxiv-nonexclusive,http://arxiv.org/licenses/nonexclusive-distrib/1.0/
7124,2401.15344v1,2401.15344,train,fill_blank_100,arxiv-nonexclusive,http://arxiv.org/licenses/nonexclusive-distrib/1.0/
3859,2506.11351v1,2506.11351,train,fill_blank_100,arxiv-nonexclusive,http://arxiv.org/licenses/nonexclusive-distrib/1.0/
2783,2507.20524v1,2507.20524,train,fill_blank_75,arxiv-nonexclusive,http://arxiv.org/licenses/nonexclusive-distrib/1.0/
6570,2507.05121v1,2507.05121,train,MCQ,arxiv-nonexclusive,http://arxiv.org/licenses/nonexclusive-distrib/1.0/
7871,2506.17764v1,2506.17764,train,fill_blank_25,arxiv-nonexclusive,http://arxiv.org/licenses/nonexclusive-distrib/1.0/
4009,2508.04075v1,2508.04075,train,fill_blank_100,arxiv-nonexclusive,http://arxiv.org/licenses/nonexclusive-distrib/1.0/
8657,2507.09843v1,2507.09843,train,fill_blank_50,arxiv-nonexclusive,http://arxiv.org/licenses/nonexclusive-distrib/1.0/
15989,2012.01726v1,2012.01726,train,fill_blank_100,arxiv-nonexclusive,http://arxiv.org/licenses/nonexclusive-distrib/1.0/
2249,2508.15294v1,2508.15294,train,fill_blank_100,arxiv-nonexclusive,http://arxiv.org/licenses/nonexclusive-distrib/1.0/
13332,2411.06015v1,2411.06015,train,fill_blank_50,arxiv-nonexclusive,http://arxiv.org/licenses/nonexclusive-distrib/1.0/
10689,2508.04171v1,2508.04171,train,fill_blank_100,arxiv-nonexclusive,http://arxiv.org/licenses/nonexclusive-distrib/1.0/
10289,2507.12917v2,2507.12917,train,fill_blank_100,arxiv-nonexclusive,http://arxiv.org/licenses/nonexclusive-distrib/1.0/
15253,2412.18876v1,2412.18876,train,fill_blank_75,arxiv-nonexclusive,http://arxiv.org/licenses/nonexclusive-distrib/1.0/
7519,2507.05042v1,2507.05042,train,fill_blank_100,arxiv-nonexclusive,http://arxiv.org/licenses/nonexclusive-distrib/1.0/
11042,2412.19811v1,2412.19811,train,fill_blank_50,arxiv-nonexclusive,http://arxiv.org/licenses/nonexclusive-distrib/1.0/
6984,2504.18168v1,2504.18168,train,fill_blank_100,arxiv-nonexclusive,http://arxiv.org/licenses/nonexclusive-distrib/1.0/
7752,2504.20425v1,2504.20425,train,fill_blank_50,arxiv-nonexclusive,http://arxiv.org/licenses/nonexclusive-distrib/1.0/
15267,2508.08002v1,2508.08002,train,fill_blank_50,arxiv-nonexclusive,http://arxiv.org/licenses/nonexclusive-distrib/1.0/
6990,2504.18168v1,2504.18168,train,MCQ,arxiv-nonexclusive,http://arxiv.org/licenses/nonexclusive-distrib/1.0/
7071,2508.12141v1,2508.12141,train,fill_blank_25,cc-by-nc-nd,http://creativecommons.org/licenses/by-nc-nd/4.0/
5623,1708.03792v1,1708.03792,train,fill_blank_75,arxiv-nonexclusive,http://arxiv.org/licenses/nonexclusive-distrib/1.0/
8905,2306.06404v1,2306.06404,train,MCQ,arxiv-nonexclusive,http://arxiv.org/licenses/nonexclusive-distrib/1.0/
11693,2108.10414v1,2108.10414,train,fill_blank_75,arxiv-nonexclusive,http://arxiv.org/licenses/nonexclusive-distrib/1.0/
8418,2505.21691v2,2505.21691,train,fill_blank_75,arxiv-nonexclusive,http://arxiv.org/licenses/nonexclusive-distrib/1.0/
12288,2507.14035v1,2507.14035,train,fill_blank_75,arxiv-nonexclusive,http://arxiv.org/licenses/nonexclusive-distrib/1.0/
13768,2407.11265v1,2407.11265,train,fill_blank_75,arxiv-nonexclusive,http://arxiv.org/licenses/nonexclusive-distrib/1.0/
18634,2407.07702v1,2407.07702,train,fill_blank_100,arxiv-nonexclusive,http://arxiv.org/licenses/nonexclusive-distrib/1.0/
9109,2010.03413v1,2010.03413,train,fill_blank_100,arxiv-nonexclusive,http://arxiv.org/licenses/nonexclusive-distrib/1.0/
11489,2405.14691v1,2405.14691,train,fill_blank_100,arxiv-nonexclusive,http://arxiv.org/licenses/nonexclusive-distrib/1.0/
9943,2104.15132v3,2104.15132,train,fill_blank_75,cc-by-nc-nd,http://creativecommons.org/licenses/by-nc-nd/4.0/
1697,2508.14753v1,2508.14753,train,fill_blank_50,cc-by-nc-nd,http://creativecommons.org/licenses/by-nc-nd/4.0/
867,2508.09882v1,2508.09882,train,fill_blank_50,arxiv-nonexclusive,http://arxiv.org/licenses/nonexclusive-distrib/1.0/
2434,2505.23259v1,2505.23259,train,fill_blank_100,cc-by-nc-nd,http://creativecommons.org/licenses/by-nc-nd/4.0/
10773,2501.10182v1,2501.10182,train,fill_blank_75,arxiv-nonexclusive,http://arxiv.org/licenses/nonexclusive-distrib/1.0/
3383,2507.13130v1,2507.13130,train,fill_blank_75,arxiv-nonexclusive,http://arxiv.org/licenses/nonexclusive-distrib/1.0/
13655,2306.00544v3,2306.00544,train,MCQ,arxiv-nonexclusive,http://arxiv.org/licenses/nonexclusive-distrib/1.0/
11411,2305.17575v1,2305.17575,train,fill_blank_25,cc-by-nc-nd,http://creativecommons.org/licenses/by-nc-nd/4.0/
2032,2505.07893v1,2505.07893,train,fill_blank_50,cc-by-nc-nd,http://creativecommons.org/licenses/by-nc-nd/4.0/
3755,2504.09178v1,2504.09178,train,MCQ,arxiv-nonexclusive,http://arxiv.org/licenses/nonexclusive-distrib/1.0/
10824,2501.16805v1,2501.16805,train,fill_blank_100,arxiv-nonexclusive,http://arxiv.org/licenses/nonexclusive-distrib/1.0/
887,2508.09882v1,2508.09882,train,fill_blank_50,arxiv-nonexclusive,http://arxiv.org/licenses/nonexclusive-distrib/1.0/
1025,2507.16550v1,2507.16550,train,MCQ,cc-by-nc-nd,http://creativecommons.org/licenses/by-nc-nd/4.0/
11414,2305.17575v1,2305.17575,train,fill_blank_100,cc-by-nc-nd,http://creativecommons.org/licenses/by-nc-nd/4.0/
10248,2405.20168v1,2405.20168,train,fill_blank_75,arxiv-nonexclusive,http://arxiv.org/licenses/nonexclusive-distrib/1.0/
13822,2206.03250v1,2206.03250,train,fill_blank_50,arxiv-nonexclusive,http://arxiv.org/licenses/nonexclusive-distrib/1.0/
10899,2204.07037v2,2204.07037,train,fill_blank_100,cc-by-nc-nd,http://creativecommons.org/licenses/by-nc-nd/4.0/
1387,2506.03063v1,2506.03063,train,fill_blank_50,arxiv-nonexclusive,http://arxiv.org/licenses/nonexclusive-distrib/1.0/
14919,2309.13545v1,2309.13545,train,fill_blank_100,arxiv-nonexclusive,http://arxiv.org/licenses/nonexclusive-distrib/1.0/
10104,2009.09380v1,2009.09380,train,fill_blank_100,arxiv-nonexclusive,http://arxiv.org/licenses/nonexclusive-distrib/1.0/
17859,2309.04998v3,2309.04998,train,fill_blank_100,arxiv-nonexclusive,http://arxiv.org/licenses/nonexclusive-distrib/1.0/
7119,2508.01635v1,2508.01635,train,fill_blank_100,arxiv-nonexclusive,http://arxiv.org/licenses/nonexclusive-distrib/1.0/
390,2506.23045v2,2506.23045,train,MCQ,arxiv-nonexclusive,http://arxiv.org/licenses/nonexclusive-distrib/1.0/
12503,2405.02873v2,2405.02873,train,fill_blank_75,arxiv-nonexclusive,http://arxiv.org/licenses/nonexclusive-distrib/1.0/
6929,2411.07485v1,2411.07485,train,fill_blank_100,arxiv-nonexclusive,http://arxiv.org/licenses/nonexclusive-distrib/1.0/
8565,2506.04952v1,2506.04952,train,MCQ,arxiv-nonexclusive,http://arxiv.org/licenses/nonexclusive-distrib/1.0/
1973,2504.07436v1,2504.07436,train,fill_blank_75,arxiv-nonexclusive,http://arxiv.org/licenses/nonexclusive-distrib/1.0/
9833,2209.02633v3,2209.02633,train,fill_blank_75,arxiv-nonexclusive,http://arxiv.org/licenses/nonexclusive-distrib/1.0/
8760,1611.03226v1,1611.03226,train,MCQ,arxiv-nonexclusive,http://arxiv.org/licenses/nonexclusive-distrib/1.0/
4659,2506.07880v1,2506.07880,train,fill_blank_100,cc-by-nc-nd,http://creativecommons.org/licenses/by-nc-nd/4.0/
2883,2506.23937v1,2506.23937,train,fill_blank_75,cc-by-nc-nd,http://creativecommons.org/licenses/by-nc-nd/4.0/
8407,2505.21691v2,2505.21691,train,fill_blank_50,arxiv-nonexclusive,http://arxiv.org/licenses/nonexclusive-distrib/1.0/
5920,2504.20608v1,2504.20608,train,MCQ,cc-by-nc-nd,http://creativecommons.org/licenses/by-nc-nd/4.0/
9709,1905.07607v1,1905.07607,train,fill_blank_100,arxiv-nonexclusive,http://arxiv.org/licenses/nonexclusive-distrib/1.0/
13305,2111.11650v2,2111.11650,train,MCQ,arxiv-nonexclusive,http://arxiv.org/licenses/nonexclusive-distrib/1.0/
7407,2411.10960v1,2411.10960,train,fill_blank_50,arxiv-nonexclusive,http://arxiv.org/licenses/nonexclusive-distrib/1.0/
3370,2507.13130v1,2507.13130,train,MCQ,arxiv-nonexclusive,http://arxiv.org/licenses/nonexclusive-distrib/1.0/
6965,2504.00975v3,2504.00975,train,MCQ,arxiv-nonexclusive,http://arxiv.org/licenses/nonexclusive-distrib/1.0/
10103,2009.09380v1,2009.09380,train,fill_blank_75,arxiv-nonexclusive,http://arxiv.org/licenses/nonexclusive-distrib/1.0/
8566,2506.04952v1,2506.04952,train,fill_blank_25,arxiv-nonexclusive,http://arxiv.org/licenses/nonexclusive-distrib/1.0/
10453,2211.10014v1,2211.10014,train,fill_blank_75,cc-by-nc-nd,http://creativecommons.org/licenses/by-nc-nd/4.0/
761,2209.11483v3,2209.11483,train,fill_blank_25,cc-by-nc-nd,http://creativecommons.org/licenses/by-nc-nd/4.0/
2895,2506.23937v1,2506.23937,train,MCQ,cc-by-nc-nd,http://creativecommons.org/licenses/by-nc-nd/4.0/
15632,2405.12432v1,2405.12432,train,fill_blank_50,arxiv-nonexclusive,http://arxiv.org/licenses/nonexclusive-distrib/1.0/
9104,2010.03413v1,2010.03413,train,fill_blank_100,arxiv-nonexclusive,http://arxiv.org/licenses/nonexclusive-distrib/1.0/
9694,1905.07607v1,1905.07607,train,fill_blank_100,arxiv-nonexclusive,http://arxiv.org/licenses/nonexclusive-distrib/1.0/
7810,2507.18864v1,2507.18864,train,MCQ,cc-by-nc-nd,http://creativecommons.org/licenses/by-nc-nd/4.0/
11788,2402.06306v1,2402.06306,train,fill_blank_75,arxiv-nonexclusive,http://arxiv.org/licenses/nonexclusive-distrib/1.0/
7066,2508.12141v1,2508.12141,train,fill_blank_25,cc-by-nc-nd,http://creativecommons.org/licenses/by-nc-nd/4.0/
13282,2407.06227v2,2407.06227,train,fill_blank_50,arxiv-nonexclusive,http://arxiv.org/licenses/nonexclusive-distrib/1.0/
2870,2506.07647v1,2506.07647,train,MCQ,arxiv-nonexclusive,http://arxiv.org/licenses/nonexclusive-distrib/1.0/
4361,2202.02515v1,2202.02515,train,fill_blank_25,arxiv-nonexclusive,http://arxiv.org/licenses/nonexclusive-distrib/1.0/
226,2508.04570v1,2508.04570,train,fill_blank_25,cc-by-nc-nd,http://creativecommons.org/licenses/by-nc-nd/4.0/
13242,2402.16591v1,2402.16591,train,fill_blank_50,arxiv-nonexclusive,http://arxiv.org/licenses/nonexclusive-distrib/1.0/
18377,2304.03594v1,2304.03594,train,fill_blank_50,cc-by-nc-nd,http://creativecommons.org/licenses/by-nc-nd/4.0/
19278,2312.13045v1,2312.13045,train,fill_blank_75,arxiv-nonexclusive,http://arxiv.org/licenses/nonexclusive-distrib/1.0/
10483,2410.08726v1,2410.08726,train,fill_blank_75,arxiv-nonexclusive,http://arxiv.org/licenses/nonexclusive-distrib/1.0/
1456,2507.17153v1,2507.17153,train,fill_blank_25,arxiv-nonexclusive,http://arxiv.org/licenses/nonexclusive-distrib/1.0/
1550,2507.14210v1,2507.14210,train,MCQ,arxiv-nonexclusive,http://arxiv.org/licenses/nonexclusive-distrib/1.0/
9317,2012.08173v1,2012.08173,train,fill_blank_50,arxiv-nonexclusive,http://arxiv.org/licenses/nonexclusive-distrib/1.0/
214,2505.11509v1,2505.11509,train,fill_blank_100,cc-by-nc-nd,http://creativecommons.org/licenses/by-nc-nd/4.0/
17828,1509.02664v1,1509.02664,train,fill_blank_75,arxiv-nonexclusive,http://arxiv.org/licenses/nonexclusive-distrib/1.0/
15682,2409.17295v1,2409.17295,train,fill_blank_50,arxiv-nonexclusive,http://arxiv.org/licenses/nonexclusive-distrib/1.0/
6703,2508.09159v2,2508.09159,train,fill_blank_75,arxiv-nonexclusive,http://arxiv.org/licenses/nonexclusive-distrib/1.0/
2669,2505.07755v1,2505.07755,train,fill_blank_100,arxiv-nonexclusive,http://arxiv.org/licenses/nonexclusive-distrib/1.0/
18348,2508.03417v1,2508.03417,train,fill_blank_75,arxiv-nonexclusive,http://arxiv.org/licenses/nonexclusive-distrib/1.0/
17959,2412.07269v2,2412.07269,train,fill_blank_100,arxiv-nonexclusive,http://arxiv.org/licenses/nonexclusive-distrib/1.0/
7931,2506.12599v3,2506.12599,train,fill_blank_25,arxiv-nonexclusive,http://arxiv.org/licenses/nonexclusive-distrib/1.0/
5496,2507.20657v1,2507.20657,train,fill_blank_25,arxiv-nonexclusive,http://arxiv.org/licenses/nonexclusive-distrib/1.0/
6229,2506.04433v1,2506.04433,train,fill_blank_100,arxiv-nonexclusive,http://arxiv.org/licenses/nonexclusive-distrib/1.0/
7948,2506.12599v3,2506.12599,train,fill_blank_75,arxiv-nonexclusive,http://arxiv.org/licenses/nonexclusive-distrib/1.0/
1449,2507.03928v1,2507.03928,train,fill_blank_100,arxiv-nonexclusive,http://arxiv.org/licenses/nonexclusive-distrib/1.0/
5292,2508.03391v1,2508.03391,train,fill_blank_50,arxiv-nonexclusive,http://arxiv.org/licenses/nonexclusive-distrib/1.0/
9653,1004.1997v1,1004.1997,train,fill_blank_75,arxiv-nonexclusive,http://arxiv.org/licenses/nonexclusive-distrib/1.0/
3457,2402.13804v1,2402.13804,train,fill_blank_50,cc-by-nc-nd,http://creativecommons.org/licenses/by-nc-nd/4.0/
6673,2507.04662v1,2507.04662,train,fill_blank_75,arxiv-nonexclusive,http://arxiv.org/licenses/nonexclusive-distrib/1.0/
4960,2507.03848v1,2507.03848,train,MCQ,arxiv-nonexclusive,http://arxiv.org/licenses/nonexclusive-distrib/1.0/
8338,2507.16211v1,2507.16211,train,fill_blank_75,arxiv-nonexclusive,http://arxiv.org/licenses/nonexclusive-distrib/1.0/
8577,2507.08507v1,2507.08507,train,fill_blank_50,arxiv-nonexclusive,http://arxiv.org/licenses/nonexclusive-distrib/1.0/
1972,2504.07436v1,2504.07436,train,fill_blank_50,arxiv-nonexclusive,http://arxiv.org/licenses/nonexclusive-distrib/1.0/
7115,2508.01635v1,2508.01635,train,MCQ,arxiv-nonexclusive,http://arxiv.org/licenses/nonexclusive-distrib/1.0/
4363,2202.02515v1,2202.02515,train,fill_blank_75,arxiv-nonexclusive,http://arxiv.org/licenses/nonexclusive-distrib/1.0/
7934,2506.12599v3,2506.12599,train,fill_blank_100,arxiv-nonexclusive,http://arxiv.org/licenses/nonexclusive-distrib/1.0/
11459,2410.04681v1,2410.04681,train,fill_blank_100,arxiv-nonexclusive,http://arxiv.org/licenses/nonexclusive-distrib/1.0/
3319,2507.07474v1,2507.07474,train,fill_blank_100,cc-by-nc-nd,http://creativecommons.org/licenses/by-nc-nd/4.0/
10770,2501.10182v1,2501.10182,train,MCQ,arxiv-nonexclusive,http://arxiv.org/licenses/nonexclusive-distrib/1.0/
18133,2501.13552v1,2501.13552,train,fill_blank_75,arxiv-nonexclusive,http://arxiv.org/licenses/nonexclusive-distrib/1.0/
2269,2502.03450v2,2502.03450,train,fill_blank_100,arxiv-nonexclusive,http://arxiv.org/licenses/nonexclusive-distrib/1.0/
963,2507.04067v1,2507.04067,train,fill_blank_75,arxiv-nonexclusive,http://arxiv.org/licenses/nonexclusive-distrib/1.0/
18701,2409.17738v1,2409.17738,train,fill_blank_25,cc-by-nc-nd,http://creativecommons.org/licenses/by-nc-nd/4.0/
18785,2409.09590v1,2409.09590,train,MCQ,arxiv-nonexclusive,http://arxiv.org/licenses/nonexclusive-distrib/1.0/
13437,2206.13007v1,2206.13007,train,fill_blank_50,arxiv-nonexclusive,http://arxiv.org/licenses/nonexclusive-distrib/1.0/
1027,2507.16550v1,2507.16550,train,fill_blank_50,cc-by-nc-nd,http://creativecommons.org/licenses/by-nc-nd/4.0/
18708,2409.17738v1,2409.17738,train,fill_blank_75,cc-by-nc-nd,http://creativecommons.org/licenses/by-nc-nd/4.0/
8393,2505.08221v2,2505.08221,train,fill_blank_75,arxiv-nonexclusive,http://arxiv.org/licenses/nonexclusive-distrib/1.0/
4100,2508.02950v1,2508.02950,train,MCQ,arxiv-nonexclusive,http://arxiv.org/licenses/nonexclusive-distrib/1.0/
4339,2506.04833v1,2506.04833,train,fill_blank_100,arxiv-nonexclusive,http://arxiv.org/licenses/nonexclusive-distrib/1.0/
19222,2405.09663v1,2405.09663,train,fill_blank_50,arxiv-nonexclusive,http://arxiv.org/licenses/nonexclusive-distrib/1.0/
17813,1509.02664v1,1509.02664,train,fill_blank_75,arxiv-nonexclusive,http://arxiv.org/licenses/nonexclusive-distrib/1.0/
3455,2402.13804v1,2402.13804,train,MCQ,cc-by-nc-nd,http://creativecommons.org/licenses/by-nc-nd/4.0/
178,2503.04148v1,2503.04148,train,fill_blank_75,arxiv-nonexclusive,http://arxiv.org/licenses/nonexclusive-distrib/1.0/
13327,2411.06015v1,2411.06015,train,fill_blank_50,arxiv-nonexclusive,http://arxiv.org/licenses/nonexclusive-distrib/1.0/
5784,1410.0956v1,1410.0956,train,fill_blank_100,arxiv-nonexclusive,http://arxiv.org/licenses/nonexclusive-distrib/1.0/
13241,2402.16591v1,2402.16591,train,fill_blank_25,arxiv-nonexclusive,http://arxiv.org/licenses/nonexclusive-distrib/1.0/
7815,2507.18864v1,2507.18864,train,MCQ,cc-by-nc-nd,http://creativecommons.org/licenses/by-nc-nd/4.0/
13312,2111.11650v2,2111.11650,train,fill_blank_50,arxiv-nonexclusive,http://arxiv.org/licenses/nonexclusive-distrib/1.0/
3454,2507.20504v1,2507.20504,train,fill_blank_100,arxiv-nonexclusive,http://arxiv.org/licenses/nonexclusive-distrib/1.0/
17872,2309.04998v3,2309.04998,train,fill_blank_50,arxiv-nonexclusive,http://arxiv.org/licenses/nonexclusive-distrib/1.0/
1353,2108.07165v1,2108.07165,train,fill_blank_75,arxiv-nonexclusive,http://arxiv.org/licenses/nonexclusive-distrib/1.0/
9449,2101.04249v2,2101.04249,train,fill_blank_100,cc-by-nc-nd,http://creativecommons.org/licenses/by-nc-nd/4.0/
6994,2504.18168v1,2504.18168,train,fill_blank_100,arxiv-nonexclusive,http://arxiv.org/licenses/nonexclusive-distrib/1.0/
17234,2412.00442v1,2412.00442,train,fill_blank_100,cc-by-nc-nd,http://creativecommons.org/licenses/by-nc-nd/4.0/
9462,2101.04249v2,2101.04249,train,fill_blank_50,cc-by-nc-nd,http://creativecommons.org/licenses/by-nc-nd/4.0/
17118,2501.02335v3,2501.02335,train,fill_blank_75,arxiv-nonexclusive,http://arxiv.org/licenses/nonexclusive-distrib/1.0/
14285,2108.10535v2,2108.10535,train,MCQ,cc-by-nc-nd,http://creativecommons.org/licenses/by-nc-nd/4.0/
4282,2504.18155v1,2504.18155,train,fill_blank_50,cc-by-nc-nd,http://creativecommons.org/licenses/by-nc-nd/4.0/
5611,1708.03792v1,1708.03792,train,fill_blank_25,arxiv-nonexclusive,http://arxiv.org/licenses/nonexclusive-distrib/1.0/
858,2503.18078v1,2503.18078,train,fill_blank_75,arxiv-nonexclusive,http://arxiv.org/licenses/nonexclusive-distrib/1.0/
1408,2401.15756v1,2401.15756,train,fill_blank_75,arxiv-nonexclusive,http://arxiv.org/licenses/nonexclusive-distrib/1.0/
8198,1003.5309v1,1003.5309,train,fill_blank_75,arxiv-nonexclusive,http://arxiv.org/licenses/nonexclusive-distrib/1.0/
4883,2507.12019v1,2507.12019,train,fill_blank_75,arxiv-nonexclusive,http://arxiv.org/licenses/nonexclusive-distrib/1.0/
15770,2410.15357v2,2410.15357,train,MCQ,arxiv-nonexclusive,http://arxiv.org/licenses/nonexclusive-distrib/1.0/
8648,2507.09843v1,2507.09843,train,fill_blank_75,arxiv-nonexclusive,http://arxiv.org/licenses/nonexclusive-distrib/1.0/
2323,2206.02109v2,2206.02109,train,fill_blank_75,arxiv-nonexclusive,http://arxiv.org/licenses/nonexclusive-distrib/1.0/
7307,2407.16483v2,2407.16483,train,fill_blank_50,arxiv-nonexclusive,http://arxiv.org/licenses/nonexclusive-distrib/1.0/
18244,1006.3537v1,1006.3537,train,fill_blank_100,arxiv-nonexclusive,http://arxiv.org/licenses/nonexclusive-distrib/1.0/
7927,2506.12599v3,2506.12599,train,fill_blank_50,arxiv-nonexclusive,http://arxiv.org/licenses/nonexclusive-distrib/1.0/
150,2507.03915v1,2507.03915,train,MCQ,arxiv-nonexclusive,http://arxiv.org/licenses/nonexclusive-distrib/1.0/
12434,2411.09906v2,2411.09906,train,fill_blank_100,arxiv-nonexclusive,http://arxiv.org/licenses/nonexclusive-distrib/1.0/
10904,2204.07037v2,2204.07037,train,fill_blank_100,cc-by-nc-nd,http://creativecommons.org/licenses/by-nc-nd/4.0/
4905,2505.19843v1,2505.19843,train,MCQ,arxiv-nonexclusive,http://arxiv.org/licenses/nonexclusive-distrib/1.0/
3283,2504.12794v1,2504.12794,train,fill_blank_75,arxiv-nonexclusive,http://arxiv.org/licenses/nonexclusive-distrib/1.0/
6966,2504.00975v3,2504.00975,train,fill_blank_25,arxiv-nonexclusive,http://arxiv.org/licenses/nonexclusive-distrib/1.0/
3948,2508.11792v1,2508.11792,train,fill_blank_75,arxiv-nonexclusive,http://arxiv.org/licenses/nonexclusive-distrib/1.0/
13328,2411.06015v1,2411.06015,train,fill_blank_75,arxiv-nonexclusive,http://arxiv.org/licenses/nonexclusive-distrib/1.0/
13773,2407.11265v1,2407.11265,train,fill_blank_75,arxiv-nonexclusive,http://arxiv.org/licenses/nonexclusive-distrib/1.0/
11518,2405.14691v1,2405.14691,train,fill_blank_75,arxiv-nonexclusive,http://arxiv.org/licenses/nonexclusive-distrib/1.0/
17405,2501.08825v1,2501.08825,train,MCQ,arxiv-nonexclusive,http://arxiv.org/licenses/nonexclusive-distrib/1.0/
8333,2507.16211v1,2507.16211,train,fill_blank_75,arxiv-nonexclusive,http://arxiv.org/licenses/nonexclusive-distrib/1.0/
8227,2507.03918v1,2507.03918,train,fill_blank_50,arxiv-nonexclusive,http://arxiv.org/licenses/nonexclusive-distrib/1.0/
11108,2403.17810v1,2403.17810,train,fill_blank_75,arxiv-nonexclusive,http://arxiv.org/licenses/nonexclusive-distrib/1.0/
6108,2506.23488v1,2506.23488,train,fill_blank_75,arxiv-nonexclusive,http://arxiv.org/licenses/nonexclusive-distrib/1.0/
427,2507.16666v1,2507.16666,train,fill_blank_50,arxiv-nonexclusive,http://arxiv.org/licenses/nonexclusive-distrib/1.0/
13824,2206.03250v1,2206.03250,train,fill_blank_100,arxiv-nonexclusive,http://arxiv.org/licenses/nonexclusive-distrib/1.0/
8490,2503.13043v1,2503.13043,train,MCQ,arxiv-nonexclusive,http://arxiv.org/licenses/nonexclusive-distrib/1.0/
2258,2508.15294v1,2508.15294,train,fill_blank_75,arxiv-nonexclusive,http://arxiv.org/licenses/nonexclusive-distrib/1.0/
16673,1810.09958v1,1810.09958,train,fill_blank_75,arxiv-nonexclusive,http://arxiv.org/licenses/nonexclusive-distrib/1.0/
15607,2303.03287v2,2303.03287,train,fill_blank_50,arxiv-nonexclusive,http://arxiv.org/licenses/nonexclusive-distrib/1.0/
5553,2504.09743v1,2504.09743,train,fill_blank_75,arxiv-nonexclusive,http://arxiv.org/licenses/nonexclusive-distrib/1.0/
12965,2305.16105v1,2305.16105,train,MCQ,arxiv-nonexclusive,http://arxiv.org/licenses/nonexclusive-distrib/1.0/
18519,2101.06948v1,2101.06948,train,fill_blank_100,arxiv-nonexclusive,http://arxiv.org/licenses/nonexclusive-distrib/1.0/
3373,2507.13130v1,2507.13130,train,fill_blank_75,arxiv-nonexclusive,http://arxiv.org/licenses/nonexclusive-distrib/1.0/
16319,2305.02074v2,2305.02074,train,fill_blank_100,arxiv-nonexclusive,http://arxiv.org/licenses/nonexclusive-distrib/1.0/
12317,2006.13087v1,2006.13087,train,fill_blank_50,arxiv-nonexclusive,http://arxiv.org/licenses/nonexclusive-distrib/1.0/
9779,2202.08448v1,2202.08448,train,fill_blank_100,arxiv-nonexclusive,http://arxiv.org/licenses/nonexclusive-distrib/1.0/
1528,2203.04032v1,2203.04032,train,fill_blank_75,arxiv-nonexclusive,http://arxiv.org/licenses/nonexclusive-distrib/1.0/
8435,2506.22094v1,2506.22094,train,MCQ,cc-by-nc-nd,http://creativecommons.org/licenses/by-nc-nd/4.0/
965,2507.04067v1,2507.04067,train,MCQ,arxiv-nonexclusive,http://arxiv.org/licenses/nonexclusive-distrib/1.0/
6212,2506.04433v1,2506.04433,train,fill_blank_50,arxiv-nonexclusive,http://arxiv.org/licenses/nonexclusive-distrib/1.0/
12657,2103.15733v1,2103.15733,train,fill_blank_50,arxiv-nonexclusive,http://arxiv.org/licenses/nonexclusive-distrib/1.0/
8956,2403.03675v1,2403.03675,train,fill_blank_25,arxiv-nonexclusive,http://arxiv.org/licenses/nonexclusive-distrib/1.0/
8265,2507.10113v1,2507.10113,train,MCQ,arxiv-nonexclusive,http://arxiv.org/licenses/nonexclusive-distrib/1.0/
1364,2108.07165v1,2108.07165,train,fill_blank_100,arxiv-nonexclusive,http://arxiv.org/licenses/nonexclusive-distrib/1.0/
4989,2507.03848v1,2507.03848,train,fill_blank_100,arxiv-nonexclusive,http://arxiv.org/licenses/nonexclusive-distrib/1.0/
3888,1008.1380v1,1008.1380,train,fill_blank_75,arxiv-nonexclusive,http://arxiv.org/licenses/nonexclusive-distrib/1.0/
8408,2505.21691v2,2505.21691,train,fill_blank_75,arxiv-nonexclusive,http://arxiv.org/licenses/nonexclusive-distrib/1.0/
8909,2306.06404v1,2306.06404,train,fill_blank_100,arxiv-nonexclusive,http://arxiv.org/licenses/nonexclusive-distrib/1.0/
2565,2507.02613v1,2507.02613,train,MCQ,arxiv-nonexclusive,http://arxiv.org/licenses/nonexclusive-distrib/1.0/
16588,2409.06946v1,2409.06946,train,fill_blank_75,arxiv-nonexclusive,http://arxiv.org/licenses/nonexclusive-distrib/1.0/
7139,2401.15344v1,2401.15344,train,fill_blank_100,arxiv-nonexclusive,http://arxiv.org/licenses/nonexclusive-distrib/1.0/
9080,2405.02818v1,2405.02818,train,MCQ,arxiv-nonexclusive,http://arxiv.org/licenses/nonexclusive-distrib/1.0/
7938,2506.12599v3,2506.12599,train,fill_blank_75,arxiv-nonexclusive,http://arxiv.org/licenses/nonexclusive-distrib/1.0/
13940,2502.11053v2,2502.11053,train,MCQ,arxiv-nonexclusive,http://arxiv.org/licenses/nonexclusive-distrib/1.0/
120,2505.04114v1,2505.04114,train,MCQ,cc-by-nc-nd,http://creativecommons.org/licenses/by-nc-nd/4.0/
9799,2310.06604v2,2310.06604,train,fill_blank_100,arxiv-nonexclusive,http://arxiv.org/licenses/nonexclusive-distrib/1.0/
5125,2210.17530v1,2210.17530,train,MCQ,arxiv-nonexclusive,http://arxiv.org/licenses/nonexclusive-distrib/1.0/
1388,2506.03063v1,2506.03063,train,fill_blank_75,arxiv-nonexclusive,http://arxiv.org/licenses/nonexclusive-distrib/1.0/
8062,2508.12215v1,2508.12215,train,fill_blank_50,arxiv-nonexclusive,http://arxiv.org/licenses/nonexclusive-distrib/1.0/
9495,2306.15590v2,2306.15590,train,MCQ,arxiv-nonexclusive,http://arxiv.org/licenses/nonexclusive-distrib/1.0/
10865,2207.07493v4,2207.07493,train,MCQ,arxiv-nonexclusive,http://arxiv.org/licenses/nonexclusive-distrib/1.0/
2929,2507.13826v1,2507.13826,train,fill_blank_100,arxiv-nonexclusive,http://arxiv.org/licenses/nonexclusive-distrib/1.0/
1556,2507.14210v1,2507.14210,train,fill_blank_25,arxiv-nonexclusive,http://arxiv.org/licenses/nonexclusive-distrib/1.0/
8033,2507.16132v1,2507.16132,train,fill_blank_75,arxiv-nonexclusive,http://arxiv.org/licenses/nonexclusive-distrib/1.0/
1988,2504.07436v1,2504.07436,train,fill_blank_75,arxiv-nonexclusive,http://arxiv.org/licenses/nonexclusive-distrib/1.0/
19227,2405.09663v1,2405.09663,train,fill_blank_50,arxiv-nonexclusive,http://arxiv.org/licenses/nonexclusive-distrib/1.0/
8040,2508.12215v1,2508.12215,train,MCQ,arxiv-nonexclusive,http://arxiv.org/licenses/nonexclusive-distrib/1.0/
5497,2507.20657v1,2507.20657,train,fill_blank_50,arxiv-nonexclusive,http://arxiv.org/licenses/nonexclusive-distrib/1.0/
18362,2508.03417v1,2508.03417,train,fill_blank_50,arxiv-nonexclusive,http://arxiv.org/licenses/nonexclusive-distrib/1.0/
6079,2203.12715v1,2203.12715,train,fill_blank_100,arxiv-nonexclusive,http://arxiv.org/licenses/nonexclusive-distrib/1.0/
6623,2507.20587v1,2507.20587,train,fill_blank_75,arxiv-nonexclusive,http://arxiv.org/licenses/nonexclusive-distrib/1.0/
8268,2507.10113v1,2507.10113,train,fill_blank_75,arxiv-nonexclusive,http://arxiv.org/licenses/nonexclusive-distrib/1.0/
5630,1708.03792v1,1708.03792,train,MCQ,arxiv-nonexclusive,http://arxiv.org/licenses/nonexclusive-distrib/1.0/
18597,2105.04107v3,2105.04107,train,fill_blank_50,arxiv-nonexclusive,http://arxiv.org/licenses/nonexclusive-distrib/1.0/
9273,2309.04161v2,2309.04161,train,fill_blank_75,arxiv-nonexclusive,http://arxiv.org/licenses/nonexclusive-distrib/1.0/
15178,2103.12415v2,2103.12415,train,fill_blank_75,cc-by-nc-nd,http://creativecommons.org/licenses/by-nc-nd/4.0/
9940,2104.15132v3,2104.15132,train,MCQ,cc-by-nc-nd,http://creativecommons.org/licenses/by-nc-nd/4.0/
5197,2203.04090v3,2203.04090,train,fill_blank_50,cc-by-nc-nd,http://creativecommons.org/licenses/by-nc-nd/4.0/
6558,2505.00747v1,2505.00747,train,fill_blank_75,cc-by-nc-nd,http://creativecommons.org/licenses/by-nc-nd/4.0/
5633,1708.03792v1,1708.03792,train,fill_blank_75,arxiv-nonexclusive,http://arxiv.org/licenses/nonexclusive-distrib/1.0/
17654,2310.18180v1,2310.18180,train,fill_blank_100,arxiv-nonexclusive,http://arxiv.org/licenses/nonexclusive-distrib/1.0/
13382,2308.05315v1,2308.05315,train,fill_blank_50,arxiv-nonexclusive,http://arxiv.org/licenses/nonexclusive-distrib/1.0/
7373,2508.07572v2,2508.07572,train,fill_blank_75,arxiv-nonexclusive,http://arxiv.org/licenses/nonexclusive-distrib/1.0/
1929,2507.03950v1,2507.03950,train,fill_blank_100,arxiv-nonexclusive,http://arxiv.org/licenses/nonexclusive-distrib/1.0/
3427,2508.00409v1,2508.00409,train,fill_blank_50,arxiv-nonexclusive,http://arxiv.org/licenses/nonexclusive-distrib/1.0/
5478,2207.08737v2,2207.08737,train,fill_blank_75,arxiv-nonexclusive,http://arxiv.org/licenses/nonexclusive-distrib/1.0/
13210,2107.03434v2,2107.03434,train,MCQ,arxiv-nonexclusive,http://arxiv.org/licenses/nonexclusive-distrib/1.0/
12178,2412.06861v2,2412.06861,train,fill_blank_75,arxiv-nonexclusive,http://arxiv.org/licenses/nonexclusive-distrib/1.0/
15788,2410.15357v2,2410.15357,train,fill_blank_75,arxiv-nonexclusive,http://arxiv.org/licenses/nonexclusive-distrib/1.0/
10808,2009.00669v3,2009.00669,train,fill_blank_75,arxiv-nonexclusive,http://arxiv.org/licenses/nonexclusive-distrib/1.0/
12407,2412.16779v1,2412.16779,train,fill_blank_50,arxiv-nonexclusive,http://arxiv.org/licenses/nonexclusive-distrib/1.0/
18774,2409.09590v1,2409.09590,train,fill_blank_100,arxiv-nonexclusive,http://arxiv.org/licenses/nonexclusive-distrib/1.0/
1773,2506.07532v1,2506.07532,train,fill_blank_75,arxiv-nonexclusive,http://arxiv.org/licenses/nonexclusive-distrib/1.0/
7512,2507.05042v1,2507.05042,train,fill_blank_50,arxiv-nonexclusive,http://arxiv.org/licenses/nonexclusive-distrib/1.0/
2409,2505.01076v2,2505.01076,train,fill_blank_100,arxiv-nonexclusive,http://arxiv.org/licenses/nonexclusive-distrib/1.0/
5777,1410.0956v1,1410.0956,train,fill_blank_50,arxiv-nonexclusive,http://arxiv.org/licenses/nonexclusive-distrib/1.0/
8383,2404.19090v1,2404.19090,train,fill_blank_75,arxiv-nonexclusive,http://arxiv.org/licenses/nonexclusive-distrib/1.0/
7174,2507.01641v2,2507.01641,train,fill_blank_100,arxiv-nonexclusive,http://arxiv.org/licenses/nonexclusive-distrib/1.0/
12383,1508.00691v1,1508.00691,train,fill_blank_75,arxiv-nonexclusive,http://arxiv.org/licenses/nonexclusive-distrib/1.0/
5212,2508.00234v1,2508.00234,train,fill_blank_50,arxiv-nonexclusive,http://arxiv.org/licenses/nonexclusive-distrib/1.0/
16687,2410.11495v3,2410.11495,train,fill_blank_50,cc-by-nc-nd,http://creativecommons.org/licenses/by-nc-nd/4.0/
7755,2504.20425v1,2504.20425,train,MCQ,arxiv-nonexclusive,http://arxiv.org/licenses/nonexclusive-distrib/1.0/
18828,2101.09137v2,2101.09137,train,fill_blank_75,arxiv-nonexclusive,http://arxiv.org/licenses/nonexclusive-distrib/1.0/
2418,2505.01076v2,2505.01076,train,fill_blank_75,arxiv-nonexclusive,http://arxiv.org/licenses/nonexclusive-distrib/1.0/
11741,2407.03280v1,2407.03280,train,fill_blank_25,arxiv-nonexclusive,http://arxiv.org/licenses/nonexclusive-distrib/1.0/
9617,2202.11696v1,2202.11696,train,fill_blank_50,arxiv-nonexclusive,http://arxiv.org/licenses/nonexclusive-distrib/1.0/
12498,2401.08624v1,2401.08624,train,fill_blank_75,arxiv-nonexclusive,http://arxiv.org/licenses/nonexclusive-distrib/1.0/
5498,2507.20657v1,2507.20657,train,fill_blank_75,arxiv-nonexclusive,http://arxiv.org/licenses/nonexclusive-distrib/1.0/
79,2505.02964v1,2505.02964,train,fill_blank_100,arxiv-nonexclusive,http://arxiv.org/licenses/nonexclusive-distrib/1.0/
14888,2404.19646v1,2404.19646,train,fill_blank_75,arxiv-nonexclusive,http://arxiv.org/licenses/nonexclusive-distrib/1.0/
10613,2406.03086v1,2406.03086,train,fill_blank_75,arxiv-nonexclusive,http://arxiv.org/licenses/nonexclusive-distrib/1.0/
4893,2505.19843v1,2505.19843,train,fill_blank_75,arxiv-nonexclusive,http://arxiv.org/licenses/nonexclusive-distrib/1.0/
18832,2101.09137v2,2101.09137,train,fill_blank_50,arxiv-nonexclusive,http://arxiv.org/licenses/nonexclusive-distrib/1.0/
13262,2306.08532v1,2306.08532,train,fill_blank_50,arxiv-nonexclusive,http://arxiv.org/licenses/nonexclusive-distrib/1.0/
760,2209.11483v3,2209.11483,train,MCQ,cc-by-nc-nd,http://creativecommons.org/licenses/by-nc-nd/4.0/
11918,1611.08938v1,1611.08938,train,fill_blank_75,arxiv-nonexclusive,http://arxiv.org/licenses/nonexclusive-distrib/1.0/
6049,2312.08162v1,2312.08162,train,fill_blank_100,arxiv-nonexclusive,http://arxiv.org/licenses/nonexclusive-distrib/1.0/
14973,2406.14107v1,2406.14107,train,fill_blank_75,arxiv-nonexclusive,http://arxiv.org/licenses/nonexclusive-distrib/1.0/
17972,2009.02542v1,2009.02542,train,fill_blank_50,arxiv-nonexclusive,http://arxiv.org/licenses/nonexclusive-distrib/1.0/
3848,2506.11351v1,2506.11351,train,fill_blank_75,arxiv-nonexclusive,http://arxiv.org/licenses/nonexclusive-distrib/1.0/
193,2508.03579v2,2508.03579,train,fill_blank_75,arxiv-nonexclusive,http://arxiv.org/licenses/nonexclusive-distrib/1.0/
9917,2210.08829v1,2210.08829,train,fill_blank_50,arxiv-nonexclusive,http://arxiv.org/licenses/nonexclusive-distrib/1.0/
1526,2203.04032v1,2203.04032,train,fill_blank_25,arxiv-nonexclusive,http://arxiv.org/licenses/nonexclusive-distrib/1.0/
93,2507.22317v1,2507.22317,train,fill_blank_75,arxiv-nonexclusive,http://arxiv.org/licenses/nonexclusive-distrib/1.0/
257,2504.07119v1,2504.07119,train,fill_blank_50,arxiv-nonexclusive,http://arxiv.org/licenses/nonexclusive-distrib/1.0/
3368,2507.13130v1,2507.13130,train,fill_blank_75,arxiv-nonexclusive,http://arxiv.org/licenses/nonexclusive-distrib/1.0/
14354,2501.06744v1,2501.06744,train,fill_blank_100,arxiv-nonexclusive,http://arxiv.org/licenses/nonexclusive-distrib/1.0/
13274,2306.08532v1,2306.08532,train,fill_blank_100,arxiv-nonexclusive,http://arxiv.org/licenses/nonexclusive-distrib/1.0/
1396,2506.03063v1,2506.03063,train,fill_blank_25,arxiv-nonexclusive,http://arxiv.org/licenses/nonexclusive-distrib/1.0/
8916,2212.10748v1,2212.10748,train,fill_blank_25,arxiv-nonexclusive,http://arxiv.org/licenses/nonexclusive-distrib/1.0/
18625,2407.07702v1,2407.07702,train,MCQ,arxiv-nonexclusive,http://arxiv.org/licenses/nonexclusive-distrib/1.0/
10747,2203.10783v1,2203.10783,train,fill_blank_50,arxiv-nonexclusive,http://arxiv.org/licenses/nonexclusive-distrib/1.0/
3908,2507.15515v1,2507.15515,train,fill_blank_75,arxiv-nonexclusive,http://arxiv.org/licenses/nonexclusive-distrib/1.0/
10670,1301.1215v1,1301.1215,train,MCQ,arxiv-nonexclusive,http://arxiv.org/licenses/nonexclusive-distrib/1.0/
6374,2505.05090v1,2505.05090,train,fill_blank_100,arxiv-nonexclusive,http://arxiv.org/licenses/nonexclusive-distrib/1.0/
9365,2305.10302v1,2305.10302,train,MCQ,arxiv-nonexclusive,http://arxiv.org/licenses/nonexclusive-distrib/1.0/
7363,2508.07572v2,2508.07572,train,fill_blank_75,arxiv-nonexclusive,http://arxiv.org/licenses/nonexclusive-distrib/1.0/
3367,2507.13130v1,2507.13130,train,fill_blank_50,arxiv-nonexclusive,http://arxiv.org/licenses/nonexclusive-distrib/1.0/
11982,2106.16079v1,2106.16079,train,fill_blank_50,arxiv-nonexclusive,http://arxiv.org/licenses/nonexclusive-distrib/1.0/
8563,2506.04952v1,2506.04952,train,fill_blank_75,arxiv-nonexclusive,http://arxiv.org/licenses/nonexclusive-distrib/1.0/
11610,2412.11212v1,2412.11212,train,MCQ,cc-by-nc-nd,http://creativecommons.org/licenses/by-nc-nd/4.0/
18667,2411.17056v2,2411.17056,train,fill_blank_50,arxiv-nonexclusive,http://arxiv.org/licenses/nonexclusive-distrib/1.0/
3642,2301.03857v3,2301.03857,train,fill_blank_50,arxiv-nonexclusive,http://arxiv.org/licenses/nonexclusive-distrib/1.0/
6713,2508.09159v2,2508.09159,train,fill_blank_75,arxiv-nonexclusive,http://arxiv.org/licenses/nonexclusive-distrib/1.0/
1434,2507.03928v1,2507.03928,train,fill_blank_100,arxiv-nonexclusive,http://arxiv.org/licenses/nonexclusive-distrib/1.0/
8378,2404.19090v1,2404.19090,train,fill_blank_75,arxiv-nonexclusive,http://arxiv.org/licenses/nonexclusive-distrib/1.0/
8947,2305.10184v1,2305.10184,train,fill_blank_50,arxiv-nonexclusive,http://arxiv.org/licenses/nonexclusive-distrib/1.0/
7381,2507.17494v1,2507.17494,train,fill_blank_25,arxiv-nonexclusive,http://arxiv.org/licenses/nonexclusive-distrib/1.0/
6809,2505.08298v1,2505.08298,train,fill_blank_100,arxiv-nonexclusive,http://arxiv.org/licenses/nonexclusive-distrib/1.0/
9239,2407.19299v3,2407.19299,train,fill_blank_100,cc-by-nc-nd,http://creativecommons.org/licenses/by-nc-nd/4.0/
7058,2508.08022v1,2508.08022,train,fill_blank_75,arxiv-nonexclusive,http://arxiv.org/licenses/nonexclusive-distrib/1.0/
8440,2506.22094v1,2506.22094,train,MCQ,cc-by-nc-nd,http://creativecommons.org/licenses/by-nc-nd/4.0/
4901,2505.19843v1,2505.19843,train,fill_blank_25,arxiv-nonexclusive,http://arxiv.org/licenses/nonexclusive-distrib/1.0/
5378,2505.00549v1,2505.00549,train,fill_blank_75,arxiv-nonexclusive,http://arxiv.org/licenses/nonexclusive-distrib/1.0/
7125,2401.15344v1,2401.15344,train,MCQ,arxiv-nonexclusive,http://arxiv.org/licenses/nonexclusive-distrib/1.0/
3118,2505.08030v1,2505.08030,train,fill_blank_75,arxiv-nonexclusive,http://arxiv.org/licenses/nonexclusive-distrib/1.0/
9990,2402.06814v1,2402.06814,train,MCQ,arxiv-nonexclusive,http://arxiv.org/licenses/nonexclusive-distrib/1.0/
595,2505.22783v1,2505.22783,train,MCQ,arxiv-nonexclusive,http://arxiv.org/licenses/nonexclusive-distrib/1.0/
16065,1706.03721v1,1706.03721,train,MCQ,arxiv-nonexclusive,http://arxiv.org/licenses/nonexclusive-distrib/1.0/
10674,1301.1215v1,1301.1215,train,fill_blank_100,arxiv-nonexclusive,http://arxiv.org/licenses/nonexclusive-distrib/1.0/
13414,2501.17808v1,2501.17808,train,fill_blank_100,cc-by-nc-nd,http://creativecommons.org/licenses/by-nc-nd/4.0/
7050,2508.08022v1,2508.08022,train,MCQ,arxiv-nonexclusive,http://arxiv.org/licenses/nonexclusive-distrib/1.0/
9081,2405.02818v1,2405.02818,train,fill_blank_25,arxiv-nonexclusive,http://arxiv.org/licenses/nonexclusive-distrib/1.0/
4284,2504.18155v1,2504.18155,train,fill_blank_100,cc-by-nc-nd,http://creativecommons.org/licenses/by-nc-nd/4.0/
2448,2506.19688v2,2506.19688,train,fill_blank_75,arxiv-nonexclusive,http://arxiv.org/licenses/nonexclusive-distrib/1.0/
12655,2103.15733v1,2103.15733,train,MCQ,arxiv-nonexclusive,http://arxiv.org/licenses/nonexclusive-distrib/1.0/
2405,2505.01076v2,2505.01076,train,MCQ,arxiv-nonexclusive,http://arxiv.org/licenses/nonexclusive-distrib/1.0/
3860,2506.11351v1,2506.11351,train,MCQ,arxiv-nonexclusive,http://arxiv.org/licenses/nonexclusive-distrib/1.0/
6480,2505.08079v3,2505.08079,train,MCQ,arxiv-nonexclusive,http://arxiv.org/licenses/nonexclusive-distrib/1.0/
8977,2403.03675v1,2403.03675,train,fill_blank_50,arxiv-nonexclusive,http://arxiv.org/licenses/nonexclusive-distrib/1.0/
11778,2402.06306v1,2402.06306,train,fill_blank_75,arxiv-nonexclusive,http://arxiv.org/licenses/nonexclusive-distrib/1.0/
988,2409.08525v1,2409.08525,train,fill_blank_75,arxiv-nonexclusive,http://arxiv.org/licenses/nonexclusive-distrib/1.0/
16269,2209.01108v1,2209.01108,train,fill_blank_100,arxiv-nonexclusive,http://arxiv.org/licenses/nonexclusive-distrib/1.0/
6794,2508.08232v1,2508.08232,train,fill_blank_100,arxiv-nonexclusive,http://arxiv.org/licenses/nonexclusive-distrib/1.0/
6372,2505.05090v1,2505.05090,train,fill_blank_50,arxiv-nonexclusive,http://arxiv.org/licenses/nonexclusive-distrib/1.0/
9298,2501.02001v1,2501.02001,train,fill_blank_75,arxiv-nonexclusive,http://arxiv.org/licenses/nonexclusive-distrib/1.0/
7371,2508.07572v2,2508.07572,train,fill_blank_25,arxiv-nonexclusive,http://arxiv.org/licenses/nonexclusive-distrib/1.0/
1944,2507.03950v1,2507.03950,train,fill_blank_100,arxiv-nonexclusive,http://arxiv.org/licenses/nonexclusive-distrib/1.0/
7762,2504.20425v1,2504.20425,train,fill_blank_50,arxiv-nonexclusive,http://arxiv.org/licenses/nonexclusive-distrib/1.0/
1028,2507.16550v1,2507.16550,train,fill_blank_75,cc-by-nc-nd,http://creativecommons.org/licenses/by-nc-nd/4.0/
12854,1903.04243v1,1903.04243,train,fill_blank_100,arxiv-nonexclusive,http://arxiv.org/licenses/nonexclusive-distrib/1.0/
12549,2404.19182v1,2404.19182,train,fill_blank_100,arxiv-nonexclusive,http://arxiv.org/licenses/nonexclusive-distrib/1.0/
2735,2506.08930v1,2506.08930,train,MCQ,arxiv-nonexclusive,http://arxiv.org/licenses/nonexclusive-distrib/1.0/
12863,2504.03648v1,2504.03648,train,fill_blank_75,arxiv-nonexclusive,http://arxiv.org/licenses/nonexclusive-distrib/1.0/
19273,2312.13045v1,2312.13045,train,fill_blank_75,arxiv-nonexclusive,http://arxiv.org/licenses/nonexclusive-distrib/1.0/
6013,2506.10925v1,2506.10925,train,fill_blank_75,cc-by-nc-nd,http://creativecommons.org/licenses/by-nc-nd/4.0/
82,2507.22317v1,2507.22317,train,fill_blank_50,arxiv-nonexclusive,http://arxiv.org/licenses/nonexclusive-distrib/1.0/
4442,2506.22445v1,2506.22445,train,fill_blank_50,arxiv-nonexclusive,http://arxiv.org/licenses/nonexclusive-distrib/1.0/
3014,2507.12240v1,2507.12240,train,fill_blank_100,arxiv-nonexclusive,http://arxiv.org/licenses/nonexclusive-distrib/1.0/
9768,2202.08448v1,2202.08448,train,fill_blank_75,arxiv-nonexclusive,http://arxiv.org/licenses/nonexclusive-distrib/1.0/
2254,2508.15294v1,2508.15294,train,fill_blank_100,arxiv-nonexclusive,http://arxiv.org/licenses/nonexclusive-distrib/1.0/
7672,2506.22082v1,2506.22082,train,fill_blank_50,cc-by-nc-nd,http://creativecommons.org/licenses/by-nc-nd/4.0/
6093,2505.21408v1,2505.21408,train,fill_blank_75,arxiv-nonexclusive,http://arxiv.org/licenses/nonexclusive-distrib/1.0/
17086,2405.18919v2,2405.18919,train,fill_blank_25,arxiv-nonexclusive,http://arxiv.org/licenses/nonexclusive-distrib/1.0/
1981,2504.07436v1,2504.07436,train,fill_blank_25,arxiv-nonexclusive,http://arxiv.org/licenses/nonexclusive-distrib/1.0/
6991,2504.18168v1,2504.18168,train,fill_blank_25,arxiv-nonexclusive,http://arxiv.org/licenses/nonexclusive-distrib/1.0/
3419,2508.00409v1,2508.00409,train,fill_blank_100,arxiv-nonexclusive,http://arxiv.org/licenses/nonexclusive-distrib/1.0/
12125,2310.07853v1,2310.07853,train,MCQ,arxiv-nonexclusive,http://arxiv.org/licenses/nonexclusive-distrib/1.0/
15854,2205.12207v1,2205.12207,train,fill_blank_100,cc-by-nc-nd,http://creativecommons.org/licenses/by-nc-nd/4.0/
7753,2504.20425v1,2504.20425,train,fill_blank_75,arxiv-nonexclusive,http://arxiv.org/licenses/nonexclusive-distrib/1.0/
11943,2011.01920v1,2011.01920,train,fill_blank_75,arxiv-nonexclusive,http://arxiv.org/licenses/nonexclusive-distrib/1.0/
3135,2506.22000v1,2506.22000,train,MCQ,cc-by-nc-nd,http://creativecommons.org/licenses/by-nc-nd/4.0/
15133,2502.12642v1,2502.12642,train,fill_blank_75,arxiv-nonexclusive,http://arxiv.org/licenses/nonexclusive-distrib/1.0/
16172,1107.0234v1,1107.0234,train,fill_blank_50,arxiv-nonexclusive,http://arxiv.org/licenses/nonexclusive-distrib/1.0/
16679,2410.11495v3,2410.11495,train,fill_blank_100,cc-by-nc-nd,http://creativecommons.org/licenses/by-nc-nd/4.0/
564,2503.08937v1,2503.08937,train,fill_blank_100,arxiv-nonexclusive,http://arxiv.org/licenses/nonexclusive-distrib/1.0/
1106,2506.22844v1,2506.22844,train,fill_blank_25,arxiv-nonexclusive,http://arxiv.org/licenses/nonexclusive-distrib/1.0/
2369,2508.14445v1,2508.14445,train,fill_blank_100,arxiv-nonexclusive,http://arxiv.org/licenses/nonexclusive-distrib/1.0/
5614,1708.03792v1,1708.03792,train,fill_blank_100,arxiv-nonexclusive,http://arxiv.org/licenses/nonexclusive-distrib/1.0/
12128,2310.07853v1,2310.07853,train,fill_blank_75,arxiv-nonexclusive,http://arxiv.org/licenses/nonexclusive-distrib/1.0/
9858,2502.06128v2,2502.06128,train,fill_blank_75,arxiv-nonexclusive,http://arxiv.org/licenses/nonexclusive-distrib/1.0/
9972,2402.06814v1,2402.06814,train,fill_blank_50,arxiv-nonexclusive,http://arxiv.org/licenses/nonexclusive-distrib/1.0/
12829,2501.06726v2,2501.06726,train,fill_blank_100,arxiv-nonexclusive,http://arxiv.org/licenses/nonexclusive-distrib/1.0/
1375,2506.03063v1,2506.03063,train,MCQ,arxiv-nonexclusive,http://arxiv.org/licenses/nonexclusive-distrib/1.0/
16308,2305.02074v2,2305.02074,train,fill_blank_75,arxiv-nonexclusive,http://arxiv.org/licenses/nonexclusive-distrib/1.0/
1521,2203.04032v1,2203.04032,train,fill_blank_25,arxiv-nonexclusive,http://arxiv.org/licenses/nonexclusive-distrib/1.0/
853,2503.18078v1,2503.18078,train,fill_blank_75,arxiv-nonexclusive,http://arxiv.org/licenses/nonexclusive-distrib/1.0/
799,2501.02271v1,2501.02271,train,fill_blank_100,arxiv-nonexclusive,http://arxiv.org/licenses/nonexclusive-distrib/1.0/
18058,2201.05524v1,2201.05524,train,fill_blank_75,arxiv-nonexclusive,http://arxiv.org/licenses/nonexclusive-distrib/1.0/
16194,2107.01582v1,2107.01582,train,fill_blank_100,arxiv-nonexclusive,http://arxiv.org/licenses/nonexclusive-distrib/1.0/
11773,2402.06306v1,2402.06306,train,fill_blank_75,arxiv-nonexclusive,http://arxiv.org/licenses/nonexclusive-distrib/1.0/
4794,2504.02211v2,2504.02211,train,fill_blank_100,arxiv-nonexclusive,http://arxiv.org/licenses/nonexclusive-distrib/1.0/
67,2505.02964v1,2505.02964,train,fill_blank_50,arxiv-nonexclusive,http://arxiv.org/licenses/nonexclusive-distrib/1.0/
2818,2507.05829v1,2507.05829,train,fill_blank_75,arxiv-nonexclusive,http://arxiv.org/licenses/nonexclusive-distrib/1.0/
17598,2109.12711v1,2109.12711,train,fill_blank_75,arxiv-nonexclusive,http://arxiv.org/licenses/nonexclusive-distrib/1.0/
14999,2407.00933v1,2407.00933,train,fill_blank_100,arxiv-nonexclusive,http://arxiv.org/licenses/nonexclusive-distrib/1.0/
5121,2210.17530v1,2210.17530,train,fill_blank_25,arxiv-nonexclusive,http://arxiv.org/licenses/nonexclusive-distrib/1.0/
975,2409.08525v1,2409.08525,train,MCQ,arxiv-nonexclusive,http://arxiv.org/licenses/nonexclusive-distrib/1.0/
8202,1003.5309v1,1003.5309,train,fill_blank_50,arxiv-nonexclusive,http://arxiv.org/licenses/nonexclusive-distrib/1.0/
2443,2505.23259v1,2505.23259,train,fill_blank_75,cc-by-nc-nd,http://creativecommons.org/licenses/by-nc-nd/4.0/
10198,2401.10396v1,2401.10396,train,fill_blank_75,cc-by-nc-nd,http://creativecommons.org/licenses/by-nc-nd/4.0/
2689,2501.05742v1,2501.05742,train,fill_blank_100,arxiv-nonexclusive,http://arxiv.org/licenses/nonexclusive-distrib/1.0/
10451,2211.10014v1,2211.10014,train,fill_blank_25,cc-by-nc-nd,http://creativecommons.org/licenses/by-nc-nd/4.0/
3854,2506.11351v1,2506.11351,train,fill_blank_100,arxiv-nonexclusive,http://arxiv.org/licenses/nonexclusive-distrib/1.0/
8043,2508.12215v1,2508.12215,train,fill_blank_75,arxiv-nonexclusive,http://arxiv.org/licenses/nonexclusive-distrib/1.0/
6922,2411.07485v1,2411.07485,train,fill_blank_50,arxiv-nonexclusive,http://arxiv.org/licenses/nonexclusive-distrib/1.0/
14998,2407.00933v1,2407.00933,train,fill_blank_75,arxiv-nonexclusive,http://arxiv.org/licenses/nonexclusive-distrib/1.0/
9247,2407.19299v3,2407.19299,train,fill_blank_50,cc-by-nc-nd,http://creativecommons.org/licenses/by-nc-nd/4.0/
277,2312.08599v1,2312.08599,train,fill_blank_50,arxiv-nonexclusive,http://arxiv.org/licenses/nonexclusive-distrib/1.0/
9963,2006.12238v1,2006.12238,train,fill_blank_75,arxiv-nonexclusive,http://arxiv.org/licenses/nonexclusive-distrib/1.0/
7953,2506.12599v3,2506.12599,train,fill_blank_75,arxiv-nonexclusive,http://arxiv.org/licenses/nonexclusive-distrib/1.0/
11019,2303.14351v1,2303.14351,train,fill_blank_100,arxiv-nonexclusive,http://arxiv.org/licenses/nonexclusive-distrib/1.0/
12784,2108.11123v1,2108.11123,train,fill_blank_100,arxiv-nonexclusive,http://arxiv.org/licenses/nonexclusive-distrib/1.0/
12053,2501.00732v1,2501.00732,train,fill_blank_75,cc-by-nc-nd,http://creativecommons.org/licenses/by-nc-nd/4.0/
2600,2312.04418v2,2312.04418,train,MCQ,arxiv-nonexclusive,http://arxiv.org/licenses/nonexclusive-distrib/1.0/
13694,2411.05346v1,2411.05346,train,fill_blank_100,arxiv-nonexclusive,http://arxiv.org/licenses/nonexclusive-distrib/1.0/
16340,2010.01002v1,2010.01002,train,MCQ,arxiv-nonexclusive,http://arxiv.org/licenses/nonexclusive-distrib/1.0/
18299,2501.06355v1,2501.06355,train,fill_blank_100,arxiv-nonexclusive,http://arxiv.org/licenses/nonexclusive-distrib/1.0/
78,2505.02964v1,2505.02964,train,fill_blank_75,arxiv-nonexclusive,http://arxiv.org/licenses/nonexclusive-distrib/1.0/
18719,2404.09149v1,2404.09149,train,fill_blank_100,arxiv-nonexclusive,http://arxiv.org/licenses/nonexclusive-distrib/1.0/
15512,2408.15772v1,2408.15772,train,fill_blank_50,arxiv-nonexclusive,http://arxiv.org/licenses/nonexclusive-distrib/1.0/
16500,2407.13123v2,2407.13123,train,MCQ,arxiv-nonexclusive,http://arxiv.org/licenses/nonexclusive-distrib/1.0/
9108,2010.03413v1,2010.03413,train,fill_blank_75,arxiv-nonexclusive,http://arxiv.org/licenses/nonexclusive-distrib/1.0/
5460,2207.08737v2,2207.08737,train,MCQ,arxiv-nonexclusive,http://arxiv.org/licenses/nonexclusive-distrib/1.0/
5842,2507.17695v1,2507.17695,train,fill_blank_50,arxiv-nonexclusive,http://arxiv.org/licenses/nonexclusive-distrib/1.0/
3692,2505.15403v1,2505.15403,train,fill_blank_50,arxiv-nonexclusive,http://arxiv.org/licenses/nonexclusive-distrib/1.0/
89,2507.22317v1,2507.22317,train,fill_blank_100,arxiv-nonexclusive,http://arxiv.org/licenses/nonexclusive-distrib/1.0/
9219,2304.14232v4,2304.14232,train,fill_blank_100,arxiv-nonexclusive,http://arxiv.org/licenses/nonexclusive-distrib/1.0/
7178,2507.01641v2,2507.01641,train,fill_blank_75,arxiv-nonexclusive,http://arxiv.org/licenses/nonexclusive-distrib/1.0/
16629,2110.14585v2,2110.14585,train,fill_blank_100,cc-by-nc-nd,http://creativecommons.org/licenses/by-nc-nd/4.0/
6268,2501.01837v1,2501.01837,train,fill_blank_75,arxiv-nonexclusive,http://arxiv.org/licenses/nonexclusive-distrib/1.0/
12051,2501.00732v1,2501.00732,train,fill_blank_25,cc-by-nc-nd,http://creativecommons.org/licenses/by-nc-nd/4.0/
826,2504.09799v1,2504.09799,train,fill_blank_25,arxiv-nonexclusive,http://arxiv.org/licenses/nonexclusive-distrib/1.0/
11622,2411.19795v1,2411.19795,train,fill_blank_50,arxiv-nonexclusive,http://arxiv.org/licenses/nonexclusive-distrib/1.0/
6807,2505.08298v1,2505.08298,train,fill_blank_50,arxiv-nonexclusive,http://arxiv.org/licenses/nonexclusive-distrib/1.0/
7114,2508.01635v1,2508.01635,train,fill_blank_100,arxiv-nonexclusive,http://arxiv.org/licenses/nonexclusive-distrib/1.0/
8642,2507.09843v1,2507.09843,train,fill_blank_50,arxiv-nonexclusive,http://arxiv.org/licenses/nonexclusive-distrib/1.0/
3265,2504.12794v1,2504.12794,train,MCQ,arxiv-nonexclusive,http://arxiv.org/licenses/nonexclusive-distrib/1.0/
6119,2507.09244v1,2507.09244,train,fill_blank_100,arxiv-nonexclusive,http://arxiv.org/licenses/nonexclusive-distrib/1.0/
8959,2403.03675v1,2403.03675,train,fill_blank_100,arxiv-nonexclusive,http://arxiv.org/licenses/nonexclusive-distrib/1.0/
192,2508.03579v2,2508.03579,train,fill_blank_50,arxiv-nonexclusive,http://arxiv.org/licenses/nonexclusive-distrib/1.0/
7296,2407.16483v2,2407.16483,train,fill_blank_25,arxiv-nonexclusive,http://arxiv.org/licenses/nonexclusive-distrib/1.0/
1329,2507.15914v1,2507.15914,train,fill_blank_100,arxiv-nonexclusive,http://arxiv.org/licenses/nonexclusive-distrib/1.0/
1273,2308.08946v2,2308.08946,train,fill_blank_75,arxiv-nonexclusive,http://arxiv.org/licenses/nonexclusive-distrib/1.0/
6210,2506.04433v1,2506.04433,train,MCQ,arxiv-nonexclusive,http://arxiv.org/licenses/nonexclusive-distrib/1.0/
69,2505.02964v1,2505.02964,train,fill_blank_100,arxiv-nonexclusive,http://arxiv.org/licenses/nonexclusive-distrib/1.0/
11968,2106.16079v1,2106.16079,train,fill_blank_75,arxiv-nonexclusive,http://arxiv.org/licenses/nonexclusive-distrib/1.0/
1687,2508.14753v1,2508.14753,train,fill_blank_50,cc-by-nc-nd,http://creativecommons.org/licenses/by-nc-nd/4.0/
5273,2508.03391v1,2508.03391,train,fill_blank_75,arxiv-nonexclusive,http://arxiv.org/licenses/nonexclusive-distrib/1.0/
845,2503.18078v1,2503.18078,train,MCQ,arxiv-nonexclusive,http://arxiv.org/licenses/nonexclusive-distrib/1.0/
5484,2207.08737v2,2207.08737,train,fill_blank_100,arxiv-nonexclusive,http://arxiv.org/licenses/nonexclusive-distrib/1.0/
17029,2010.14825v1,2010.14825,train,fill_blank_100,arxiv-nonexclusive,http://arxiv.org/licenses/nonexclusive-distrib/1.0/
3699,2505.15403v1,2505.15403,train,fill_blank_100,arxiv-nonexclusive,http://arxiv.org/licenses/nonexclusive-distrib/1.0/
10693,2508.04171v1,2508.04171,train,fill_blank_75,arxiv-nonexclusive,http://arxiv.org/licenses/nonexclusive-distrib/1.0/
6349,2506.22465v1,2506.22465,train,fill_blank_100,arxiv-nonexclusive,http://arxiv.org/licenses/nonexclusive-distrib/1.0/
11428,2405.12236v2,2405.12236,train,fill_blank_75,arxiv-nonexclusive,http://arxiv.org/licenses/nonexclusive-distrib/1.0/
5599,2508.15375v1,2508.15375,train,fill_blank_100,arxiv-nonexclusive,http://arxiv.org/licenses/nonexclusive-distrib/1.0/
359,2504.01676v1,2504.01676,train,fill_blank_100,arxiv-nonexclusive,http://arxiv.org/licenses/nonexclusive-distrib/1.0/
6292,2501.01837v1,2501.01837,train,fill_blank_50,arxiv-nonexclusive,http://arxiv.org/licenses/nonexclusive-distrib/1.0/
11792,2207.07999v1,2207.07999,train,fill_blank_50,arxiv-nonexclusive,http://arxiv.org/licenses/nonexclusive-distrib/1.0/
16498,2407.13123v2,2407.13123,train,fill_blank_75,arxiv-nonexclusive,http://arxiv.org/licenses/nonexclusive-distrib/1.0/
13118,2309.04549v1,2309.04549,train,fill_blank_75,arxiv-nonexclusive,http://arxiv.org/licenses/nonexclusive-distrib/1.0/
8702,2506.03813v1,2506.03813,train,fill_blank_50,arxiv-nonexclusive,http://arxiv.org/licenses/nonexclusive-distrib/1.0/
18705,2409.17738v1,2409.17738,train,MCQ,cc-by-nc-nd,http://creativecommons.org/licenses/by-nc-nd/4.0/
6369,2506.22465v1,2506.22465,train,fill_blank_100,arxiv-nonexclusive,http://arxiv.org/licenses/nonexclusive-distrib/1.0/
1784,2506.07532v1,2506.07532,train,fill_blank_100,arxiv-nonexclusive,http://arxiv.org/licenses/nonexclusive-distrib/1.0/
1987,2504.07436v1,2504.07436,train,fill_blank_50,arxiv-nonexclusive,http://arxiv.org/licenses/nonexclusive-distrib/1.0/
10164,2406.16280v1,2406.16280,train,fill_blank_100,arxiv-nonexclusive,http://arxiv.org/licenses/nonexclusive-distrib/1.0/
5283,2508.03391v1,2508.03391,train,fill_blank_75,arxiv-nonexclusive,http://arxiv.org/licenses/nonexclusive-distrib/1.0/
5531,2505.12502v1,2505.12502,train,fill_blank_25,arxiv-nonexclusive,http://arxiv.org/licenses/nonexclusive-distrib/1.0/
13856,2402.13096v1,2402.13096,train,fill_blank_25,arxiv-nonexclusive,http://arxiv.org/licenses/nonexclusive-distrib/1.0/
2069,2508.05884v1,2508.05884,train,fill_blank_100,arxiv-nonexclusive,http://arxiv.org/licenses/nonexclusive-distrib/1.0/
223,2508.04570v1,2508.04570,train,fill_blank_75,cc-by-nc-nd,http://creativecommons.org/licenses/by-nc-nd/4.0/
262,2504.07119v1,2504.07119,train,fill_blank_50,arxiv-nonexclusive,http://arxiv.org/licenses/nonexclusive-distrib/1.0/
123,2505.04114v1,2505.04114,train,fill_blank_75,cc-by-nc-nd,http://creativecommons.org/licenses/by-nc-nd/4.0/
9192,2305.16288v2,2305.16288,train,fill_blank_50,cc-by-nc-nd,http://creativecommons.org/licenses/by-nc-nd/4.0/
6595,2507.22013v1,2507.22013,train,MCQ,arxiv-nonexclusive,http://arxiv.org/licenses/nonexclusive-distrib/1.0/
15853,2205.12207v1,2205.12207,train,fill_blank_75,cc-by-nc-nd,http://creativecommons.org/licenses/by-nc-nd/4.0/
5621,1708.03792v1,1708.03792,train,fill_blank_25,arxiv-nonexclusive,http://arxiv.org/licenses/nonexclusive-distrib/1.0/
5103,2505.09028v1,2505.09028,train,fill_blank_75,arxiv-nonexclusive,http://arxiv.org/licenses/nonexclusive-distrib/1.0/
13216,2107.03434v2,2107.03434,train,fill_blank_25,arxiv-nonexclusive,http://arxiv.org/licenses/nonexclusive-distrib/1.0/
4834,2207.03001v1,2207.03001,train,fill_blank_100,arxiv-nonexclusive,http://arxiv.org/licenses/nonexclusive-distrib/1.0/
7983,2505.04453v1,2505.04453,train,fill_blank_75,arxiv-nonexclusive,http://arxiv.org/licenses/nonexclusive-distrib/1.0/
9073,2405.02818v1,2405.02818,train,fill_blank_75,arxiv-nonexclusive,http://arxiv.org/licenses/nonexclusive-distrib/1.0/
11860,1112.3972v1,1112.3972,train,MCQ,arxiv-nonexclusive,http://arxiv.org/licenses/nonexclusive-distrib/1.0/
7951,2506.12599v3,2506.12599,train,fill_blank_25,arxiv-nonexclusive,http://arxiv.org/licenses/nonexclusive-distrib/1.0/
13535,2411.09660v1,2411.09660,train,MCQ,arxiv-nonexclusive,http://arxiv.org/licenses/nonexclusive-distrib/1.0/
8700,2506.03813v1,2506.03813,train,MCQ,arxiv-nonexclusive,http://arxiv.org/licenses/nonexclusive-distrib/1.0/
5829,2507.17695v1,2507.17695,train,fill_blank_100,arxiv-nonexclusive,http://arxiv.org/licenses/nonexclusive-distrib/1.0/
252,2504.07119v1,2504.07119,train,fill_blank_50,arxiv-nonexclusive,http://arxiv.org/licenses/nonexclusive-distrib/1.0/
6814,2505.08298v1,2505.08298,train,fill_blank_100,arxiv-nonexclusive,http://arxiv.org/licenses/nonexclusive-distrib/1.0/
6604,2508.11295v1,2508.11295,train,fill_blank_100,arxiv-nonexclusive,http://arxiv.org/licenses/nonexclusive-distrib/1.0/
168,2503.04148v1,2503.04148,train,fill_blank_75,arxiv-nonexclusive,http://arxiv.org/licenses/nonexclusive-distrib/1.0/
2568,2507.02613v1,2507.02613,train,fill_blank_75,arxiv-nonexclusive,http://arxiv.org/licenses/nonexclusive-distrib/1.0/
17752,2405.07255v1,2405.07255,train,fill_blank_50,cc-by-nc-nd,http://creativecommons.org/licenses/by-nc-nd/4.0/
1982,2504.07436v1,2504.07436,train,fill_blank_50,arxiv-nonexclusive,http://arxiv.org/licenses/nonexclusive-distrib/1.0/
17241,2412.00442v1,2412.00442,train,fill_blank_25,cc-by-nc-nd,http://creativecommons.org/licenses/by-nc-nd/4.0/
15678,2409.17295v1,2409.17295,train,fill_blank_75,arxiv-nonexclusive,http://arxiv.org/licenses/nonexclusive-distrib/1.0/
14993,2407.00933v1,2407.00933,train,fill_blank_75,arxiv-nonexclusive,http://arxiv.org/licenses/nonexclusive-distrib/1.0/
2816,2507.05829v1,2507.05829,train,fill_blank_25,arxiv-nonexclusive,http://arxiv.org/licenses/nonexclusive-distrib/1.0/
6420,2312.03255v1,2312.03255,train,MCQ,cc-by-nc-nd,http://creativecommons.org/licenses/by-nc-nd/4.0/
12279,2507.14035v1,2507.14035,train,fill_blank_100,arxiv-nonexclusive,http://arxiv.org/licenses/nonexclusive-distrib/1.0/
7947,2506.12599v3,2506.12599,train,fill_blank_50,arxiv-nonexclusive,http://arxiv.org/licenses/nonexclusive-distrib/1.0/
6608,2508.11295v1,2508.11295,train,fill_blank_75,arxiv-nonexclusive,http://arxiv.org/licenses/nonexclusive-distrib/1.0/
15378,2208.10653v1,2208.10653,train,fill_blank_75,arxiv-nonexclusive,http://arxiv.org/licenses/nonexclusive-distrib/1.0/
6168,2209.12253v3,2209.12253,train,fill_blank_75,arxiv-nonexclusive,http://arxiv.org/licenses/nonexclusive-distrib/1.0/
7817,2507.18864v1,2507.18864,train,fill_blank_50,cc-by-nc-nd,http://creativecommons.org/licenses/by-nc-nd/4.0/
7719,2407.01957v1,2407.01957,train,fill_blank_100,arxiv-nonexclusive,http://arxiv.org/licenses/nonexclusive-distrib/1.0/
15086,2403.00605v1,2403.00605,train,fill_blank_25,arxiv-nonexclusive,http://arxiv.org/licenses/nonexclusive-distrib/1.0/
16867,2411.11998v1,2411.11998,train,fill_blank_50,arxiv-nonexclusive,http://arxiv.org/licenses/nonexclusive-distrib/1.0/
14886,2404.19646v1,2404.19646,train,fill_blank_25,arxiv-nonexclusive,http://arxiv.org/licenses/nonexclusive-distrib/1.0/
14889,2404.19646v1,2404.19646,train,fill_blank_100,arxiv-nonexclusive,http://arxiv.org/licenses/nonexclusive-distrib/1.0/
15676,2409.17295v1,2409.17295,train,fill_blank_25,arxiv-nonexclusive,http://arxiv.org/licenses/nonexclusive-distrib/1.0/
8900,2306.06404v1,2306.06404,train,MCQ,arxiv-nonexclusive,http://arxiv.org/licenses/nonexclusive-distrib/1.0/
3213,2206.13882v1,2206.13882,train,fill_blank_75,arxiv-nonexclusive,http://arxiv.org/licenses/nonexclusive-distrib/1.0/
7149,2401.15344v1,2401.15344,train,fill_blank_100,arxiv-nonexclusive,http://arxiv.org/licenses/nonexclusive-distrib/1.0/
7857,2506.17764v1,2506.17764,train,fill_blank_50,arxiv-nonexclusive,http://arxiv.org/licenses/nonexclusive-distrib/1.0/
18717,2404.09149v1,2404.09149,train,fill_blank_50,arxiv-nonexclusive,http://arxiv.org/licenses/nonexclusive-distrib/1.0/
17132,2501.02335v3,2501.02335,train,fill_blank_50,arxiv-nonexclusive,http://arxiv.org/licenses/nonexclusive-distrib/1.0/
6359,2506.22465v1,2506.22465,train,fill_blank_100,arxiv-nonexclusive,http://arxiv.org/licenses/nonexclusive-distrib/1.0/
1984,2504.07436v1,2504.07436,train,fill_blank_100,arxiv-nonexclusive,http://arxiv.org/licenses/nonexclusive-distrib/1.0/
423,2507.16666v1,2507.16666,train,fill_blank_75,arxiv-nonexclusive,http://arxiv.org/licenses/nonexclusive-distrib/1.0/
13634,2502.17472v1,2502.17472,train,fill_blank_100,arxiv-nonexclusive,http://arxiv.org/licenses/nonexclusive-distrib/1.0/
2725,2506.08930v1,2506.08930,train,MCQ,arxiv-nonexclusive,http://arxiv.org/licenses/nonexclusive-distrib/1.0/
13587,2105.11834v1,2105.11834,train,fill_blank_50,arxiv-nonexclusive,http://arxiv.org/licenses/nonexclusive-distrib/1.0/
18504,2101.06948v1,2101.06948,train,fill_blank_100,arxiv-nonexclusive,http://arxiv.org/licenses/nonexclusive-distrib/1.0/
6658,2507.04662v1,2507.04662,train,fill_blank_75,arxiv-nonexclusive,http://arxiv.org/licenses/nonexclusive-distrib/1.0/
2433,2505.23259v1,2505.23259,train,fill_blank_75,cc-by-nc-nd,http://creativecommons.org/licenses/by-nc-nd/4.0/
8953,2403.03675v1,2403.03675,train,fill_blank_75,arxiv-nonexclusive,http://arxiv.org/licenses/nonexclusive-distrib/1.0/
981,2409.08525v1,2409.08525,train,fill_blank_25,arxiv-nonexclusive,http://arxiv.org/licenses/nonexclusive-distrib/1.0/
2777,2507.20524v1,2507.20524,train,fill_blank_50,arxiv-nonexclusive,http://arxiv.org/licenses/nonexclusive-distrib/1.0/
14869,0901.1123v1,0901.1123,train,fill_blank_100,arxiv-nonexclusive,http://arxiv.org/licenses/nonexclusive-distrib/1.0/
1767,2506.07532v1,2506.07532,train,fill_blank_50,arxiv-nonexclusive,http://arxiv.org/licenses/nonexclusive-distrib/1.0/
4452,2506.22445v1,2506.22445,train,fill_blank_50,arxiv-nonexclusive,http://arxiv.org/licenses/nonexclusive-distrib/1.0/
3442,2507.20504v1,2507.20504,train,fill_blank_50,arxiv-nonexclusive,http://arxiv.org/licenses/nonexclusive-distrib/1.0/
10679,1301.1215v1,1301.1215,train,fill_blank_100,arxiv-nonexclusive,http://arxiv.org/licenses/nonexclusive-distrib/1.0/
7863,2506.17764v1,2506.17764,train,fill_blank_75,arxiv-nonexclusive,http://arxiv.org/licenses/nonexclusive-distrib/1.0/
17423,2502.03637v1,2502.03637,train,fill_blank_75,arxiv-nonexclusive,http://arxiv.org/licenses/nonexclusive-distrib/1.0/
10805,2009.00669v3,2009.00669,train,MCQ,arxiv-nonexclusive,http://arxiv.org/licenses/nonexclusive-distrib/1.0/
7827,2507.18864v1,2507.18864,train,fill_blank_50,cc-by-nc-nd,http://creativecommons.org/licenses/by-nc-nd/4.0/
14922,2101.06016v1,2101.06016,train,fill_blank_50,arxiv-nonexclusive,http://arxiv.org/licenses/nonexclusive-distrib/1.0/
19053,2407.13749v3,2407.13749,train,fill_blank_75,arxiv-nonexclusive,http://arxiv.org/licenses/nonexclusive-distrib/1.0/
7537,2507.05042v1,2507.05042,train,fill_blank_50,arxiv-nonexclusive,http://arxiv.org/licenses/nonexclusive-distrib/1.0/
9338,2406.12596v3,2406.12596,train,fill_blank_75,arxiv-nonexclusive,http://arxiv.org/licenses/nonexclusive-distrib/1.0/
18077,2102.00990v2,2102.00990,train,fill_blank_50,arxiv-nonexclusive,http://arxiv.org/licenses/nonexclusive-distrib/1.0/
11772,2402.06306v1,2402.06306,train,fill_blank_50,arxiv-nonexclusive,http://arxiv.org/licenses/nonexclusive-distrib/1.0/
18833,2101.09137v2,2101.09137,train,fill_blank_75,arxiv-nonexclusive,http://arxiv.org/licenses/nonexclusive-distrib/1.0/
3039,2505.12902v1,2505.12902,train,fill_blank_100,arxiv-nonexclusive,http://arxiv.org/licenses/nonexclusive-distrib/1.0/
10983,2404.15643v1,2404.15643,train,fill_blank_75,arxiv-nonexclusive,http://arxiv.org/licenses/nonexclusive-distrib/1.0/
1616,2503.08986v1,2503.08986,train,fill_blank_25,arxiv-nonexclusive,http://arxiv.org/licenses/nonexclusive-distrib/1.0/
9305,2501.02001v1,2501.02001,train,MCQ,arxiv-nonexclusive,http://arxiv.org/licenses/nonexclusive-distrib/1.0/
11844,2010.13171v1,2010.13171,train,fill_blank_100,arxiv-nonexclusive,http://arxiv.org/licenses/nonexclusive-distrib/1.0/
5798,2506.17870v1,2506.17870,train,fill_blank_75,cc-by-nc-nd,http://creativecommons.org/licenses/by-nc-nd/4.0/
4175,2505.18534v1,2505.18534,train,MCQ,cc-by-nc-nd,http://creativecommons.org/licenses/by-nc-nd/4.0/
9447,2101.04249v2,2101.04249,train,fill_blank_50,cc-by-nc-nd,http://creativecommons.org/licenses/by-nc-nd/4.0/
15643,2405.12432v1,2405.12432,train,fill_blank_75,arxiv-nonexclusive,http://arxiv.org/licenses/nonexclusive-distrib/1.0/
10199,2401.10396v1,2401.10396,train,fill_blank_100,cc-by-nc-nd,http://creativecommons.org/licenses/by-nc-nd/4.0/
12958,2309.08844v1,2309.08844,train,fill_blank_75,arxiv-nonexclusive,http://arxiv.org/licenses/nonexclusive-distrib/1.0/
4569,2506.07799v1,2506.07799,train,fill_blank_100,arxiv-nonexclusive,http://arxiv.org/licenses/nonexclusive-distrib/1.0/
384,2506.23045v2,2506.23045,train,fill_blank_100,arxiv-nonexclusive,http://arxiv.org/licenses/nonexclusive-distrib/1.0/
13272,2306.08532v1,2306.08532,train,fill_blank_50,arxiv-nonexclusive,http://arxiv.org/licenses/nonexclusive-distrib/1.0/
13259,2306.08532v1,2306.08532,train,fill_blank_100,arxiv-nonexclusive,http://arxiv.org/licenses/nonexclusive-distrib/1.0/
5035,2503.22378v1,2503.22378,train,MCQ,arxiv-nonexclusive,http://arxiv.org/licenses/nonexclusive-distrib/1.0/
4180,2505.18534v1,2505.18534,train,MCQ,cc-by-nc-nd,http://creativecommons.org/licenses/by-nc-nd/4.0/
3687,2505.15403v1,2505.15403,train,fill_blank_50,arxiv-nonexclusive,http://arxiv.org/licenses/nonexclusive-distrib/1.0/
16063,1706.03721v1,1706.03721,train,fill_blank_75,arxiv-nonexclusive,http://arxiv.org/licenses/nonexclusive-distrib/1.0/
8245,2506.01382v1,2506.01382,train,MCQ,arxiv-nonexclusive,http://arxiv.org/licenses/nonexclusive-distrib/1.0/
11793,2207.07999v1,2207.07999,train,fill_blank_75,arxiv-nonexclusive,http://arxiv.org/licenses/nonexclusive-distrib/1.0/
8536,2503.11226v1,2503.11226,train,fill_blank_25,arxiv-nonexclusive,http://arxiv.org/licenses/nonexclusive-distrib/1.0/
10813,2501.16805v1,2501.16805,train,fill_blank_75,arxiv-nonexclusive,http://arxiv.org/licenses/nonexclusive-distrib/1.0/
389,2506.23045v2,2506.23045,train,fill_blank_100,arxiv-nonexclusive,http://arxiv.org/licenses/nonexclusive-distrib/1.0/
435,2507.16666v1,2507.16666,train,MCQ,arxiv-nonexclusive,http://arxiv.org/licenses/nonexclusive-distrib/1.0/
7074,2508.12141v1,2508.12141,train,fill_blank_100,cc-by-nc-nd,http://creativecommons.org/licenses/by-nc-nd/4.0/
1617,2503.08986v1,2503.08986,train,fill_blank_50,arxiv-nonexclusive,http://arxiv.org/licenses/nonexclusive-distrib/1.0/
11538,2411.15995v2,2411.15995,train,fill_blank_75,cc-by-nc-nd,http://creativecommons.org/licenses/by-nc-nd/4.0/
3122,2506.22000v1,2506.22000,train,fill_blank_50,cc-by-nc-nd,http://creativecommons.org/licenses/by-nc-nd/4.0/
1913,2507.13037v1,2507.13037,train,fill_blank_75,arxiv-nonexclusive,http://arxiv.org/licenses/nonexclusive-distrib/1.0/
983,2409.08525v1,2409.08525,train,fill_blank_75,arxiv-nonexclusive,http://arxiv.org/licenses/nonexclusive-distrib/1.0/
7170,2507.01641v2,2507.01641,train,MCQ,arxiv-nonexclusive,http://arxiv.org/licenses/nonexclusive-distrib/1.0/
2739,2506.08930v1,2506.08930,train,fill_blank_100,arxiv-nonexclusive,http://arxiv.org/licenses/nonexclusive-distrib/1.0/
65,2505.02964v1,2505.02964,train,MCQ,arxiv-nonexclusive,http://arxiv.org/licenses/nonexclusive-distrib/1.0/
15015,2209.02021v5,2209.02021,train,MCQ,arxiv-nonexclusive,http://arxiv.org/licenses/nonexclusive-distrib/1.0/
6893,2505.19538v1,2505.19538,train,fill_blank_75,arxiv-nonexclusive,http://arxiv.org/licenses/nonexclusive-distrib/1.0/
8053,2508.12215v1,2508.12215,train,fill_blank_75,arxiv-nonexclusive,http://arxiv.org/licenses/nonexclusive-distrib/1.0/
10473,2411.11028v2,2411.11028,train,fill_blank_75,arxiv-nonexclusive,http://arxiv.org/licenses/nonexclusive-distrib/1.0/
7429,2508.08225v1,2508.08225,train,fill_blank_100,arxiv-nonexclusive,http://arxiv.org/licenses/nonexclusive-distrib/1.0/
9216,2304.14232v4,2304.14232,train,fill_blank_25,arxiv-nonexclusive,http://arxiv.org/licenses/nonexclusive-distrib/1.0/
16648,2502.17875v1,2502.17875,train,fill_blank_75,arxiv-nonexclusive,http://arxiv.org/licenses/nonexclusive-distrib/1.0/
1549,2507.14210v1,2507.14210,train,fill_blank_100,arxiv-nonexclusive,http://arxiv.org/licenses/nonexclusive-distrib/1.0/
260,2504.07119v1,2504.07119,train,MCQ,arxiv-nonexclusive,http://arxiv.org/licenses/nonexclusive-distrib/1.0/
18652,2411.17056v2,2411.17056,train,fill_blank_50,arxiv-nonexclusive,http://arxiv.org/licenses/nonexclusive-distrib/1.0/
7223,2503.06376v1,2503.06376,train,fill_blank_75,cc-by-nc-nd,http://creativecommons.org/licenses/by-nc-nd/4.0/
4173,2505.18534v1,2505.18534,train,fill_blank_75,cc-by-nc-nd,http://creativecommons.org/licenses/by-nc-nd/4.0/
15028,2209.02021v5,2209.02021,train,fill_blank_75,arxiv-nonexclusive,http://arxiv.org/licenses/nonexclusive-distrib/1.0/
575,2503.08937v1,2503.08937,train,MCQ,arxiv-nonexclusive,http://arxiv.org/licenses/nonexclusive-distrib/1.0/
17342,2403.02942v2,2403.02942,train,fill_blank_50,arxiv-nonexclusive,http://arxiv.org/licenses/nonexclusive-distrib/1.0/
4763,2503.10525v1,2503.10525,train,fill_blank_75,arxiv-nonexclusive,http://arxiv.org/licenses/nonexclusive-distrib/1.0/
12298,2507.14035v1,2507.14035,train,fill_blank_75,arxiv-nonexclusive,http://arxiv.org/licenses/nonexclusive-distrib/1.0/
11104,2403.17810v1,2403.17810,train,fill_blank_100,arxiv-nonexclusive,http://arxiv.org/licenses/nonexclusive-distrib/1.0/
9590,2103.00971v1,2103.00971,train,MCQ,arxiv-nonexclusive,http://arxiv.org/licenses/nonexclusive-distrib/1.0/
15393,2208.10653v1,2208.10653,train,fill_blank_75,arxiv-nonexclusive,http://arxiv.org/licenses/nonexclusive-distrib/1.0/
12412,2412.16779v1,2412.16779,train,fill_blank_50,arxiv-nonexclusive,http://arxiv.org/licenses/nonexclusive-distrib/1.0/
5618,1708.03792v1,1708.03792,train,fill_blank_75,arxiv-nonexclusive,http://arxiv.org/licenses/nonexclusive-distrib/1.0/
4461,2506.22445v1,2506.22445,train,fill_blank_25,arxiv-nonexclusive,http://arxiv.org/licenses/nonexclusive-distrib/1.0/
6778,2506.21966v1,2506.21966,train,fill_blank_75,arxiv-nonexclusive,http://arxiv.org/licenses/nonexclusive-distrib/1.0/
14971,2406.14107v1,2406.14107,train,fill_blank_25,arxiv-nonexclusive,http://arxiv.org/licenses/nonexclusive-distrib/1.0/
292,2508.04322v1,2508.04322,train,fill_blank_50,arxiv-nonexclusive,http://arxiv.org/licenses/nonexclusive-distrib/1.0/
11468,2410.04681v1,2410.04681,train,fill_blank_75,arxiv-nonexclusive,http://arxiv.org/licenses/nonexclusive-distrib/1.0/
17979,2009.02542v1,2009.02542,train,fill_blank_100,arxiv-nonexclusive,http://arxiv.org/licenses/nonexclusive-distrib/1.0/
16858,2411.11998v1,2411.11998,train,fill_blank_75,arxiv-nonexclusive,http://arxiv.org/licenses/nonexclusive-distrib/1.0/
10866,2207.07493v4,2207.07493,train,fill_blank_25,arxiv-nonexclusive,http://arxiv.org/licenses/nonexclusive-distrib/1.0/
989,2409.08525v1,2409.08525,train,fill_blank_100,arxiv-nonexclusive,http://arxiv.org/licenses/nonexclusive-distrib/1.0/
1524,2203.04032v1,2203.04032,train,fill_blank_100,arxiv-nonexclusive,http://arxiv.org/licenses/nonexclusive-distrib/1.0/
11009,2303.14351v1,2303.14351,train,fill_blank_100,arxiv-nonexclusive,http://arxiv.org/licenses/nonexclusive-distrib/1.0/
3845,2506.11351v1,2506.11351,train,MCQ,arxiv-nonexclusive,http://arxiv.org/licenses/nonexclusive-distrib/1.0/
3940,2508.11792v1,2508.11792,train,MCQ,arxiv-nonexclusive,http://arxiv.org/licenses/nonexclusive-distrib/1.0/
3784,2506.19376v1,2506.19376,train,fill_blank_100,arxiv-nonexclusive,http://arxiv.org/licenses/nonexclusive-distrib/1.0/
17448,2407.10986v2,2407.10986,train,fill_blank_75,arxiv-nonexclusive,http://arxiv.org/licenses/nonexclusive-distrib/1.0/
13108,2411.07086v1,2411.07086,train,fill_blank_75,arxiv-nonexclusive,http://arxiv.org/licenses/nonexclusive-distrib/1.0/
9690,1905.07607v1,1905.07607,train,MCQ,arxiv-nonexclusive,http://arxiv.org/licenses/nonexclusive-distrib/1.0/
3950,2508.11792v1,2508.11792,train,MCQ,arxiv-nonexclusive,http://arxiv.org/licenses/nonexclusive-distrib/1.0/
6376,2505.05090v1,2505.05090,train,fill_blank_25,arxiv-nonexclusive,http://arxiv.org/licenses/nonexclusive-distrib/1.0/
12770,2108.11123v1,2108.11123,train,MCQ,arxiv-nonexclusive,http://arxiv.org/licenses/nonexclusive-distrib/1.0/
10098,2009.09380v1,2009.09380,train,fill_blank_75,arxiv-nonexclusive,http://arxiv.org/licenses/nonexclusive-distrib/1.0/
16691,2410.11495v3,2410.11495,train,fill_blank_25,cc-by-nc-nd,http://creativecommons.org/licenses/by-nc-nd/4.0/
18235,1903.01794v1,1903.01794,train,MCQ,arxiv-nonexclusive,http://arxiv.org/licenses/nonexclusive-distrib/1.0/
5088,2505.09028v1,2505.09028,train,fill_blank_75,arxiv-nonexclusive,http://arxiv.org/licenses/nonexclusive-distrib/1.0/
1548,2507.14210v1,2507.14210,train,fill_blank_75,arxiv-nonexclusive,http://arxiv.org/licenses/nonexclusive-distrib/1.0/
13135,2203.13621v2,2203.13621,train,MCQ,arxiv-nonexclusive,http://arxiv.org/licenses/nonexclusive-distrib/1.0/
12405,2412.16779v1,2412.16779,train,MCQ,arxiv-nonexclusive,http://arxiv.org/licenses/nonexclusive-distrib/1.0/
18704,2409.17738v1,2409.17738,train,fill_blank_100,cc-by-nc-nd,http://creativecommons.org/licenses/by-nc-nd/4.0/
13284,2407.06227v2,2407.06227,train,fill_blank_100,arxiv-nonexclusive,http://arxiv.org/licenses/nonexclusive-distrib/1.0/
18718,2404.09149v1,2404.09149,train,fill_blank_75,arxiv-nonexclusive,http://arxiv.org/licenses/nonexclusive-distrib/1.0/
9985,2402.06814v1,2402.06814,train,MCQ,arxiv-nonexclusive,http://arxiv.org/licenses/nonexclusive-distrib/1.0/
12448,2411.09906v2,2411.09906,train,fill_blank_75,arxiv-nonexclusive,http://arxiv.org/licenses/nonexclusive-distrib/1.0/
16309,2305.02074v2,2305.02074,train,fill_blank_100,arxiv-nonexclusive,http://arxiv.org/licenses/nonexclusive-distrib/1.0/
15219,2409.08549v1,2409.08549,train,fill_blank_100,arxiv-nonexclusive,http://arxiv.org/licenses/nonexclusive-distrib/1.0/
6598,2507.22013v1,2507.22013,train,fill_blank_75,arxiv-nonexclusive,http://arxiv.org/licenses/nonexclusive-distrib/1.0/
3022,2507.12240v1,2507.12240,train,fill_blank_50,arxiv-nonexclusive,http://arxiv.org/licenses/nonexclusive-distrib/1.0/
11668,2411.08264v1,2411.08264,train,fill_blank_75,arxiv-nonexclusive,http://arxiv.org/licenses/nonexclusive-distrib/1.0/
10875,2207.07493v4,2207.07493,train,MCQ,arxiv-nonexclusive,http://arxiv.org/licenses/nonexclusive-distrib/1.0/
8347,2507.16211v1,2507.16211,train,fill_blank_50,arxiv-nonexclusive,http://arxiv.org/licenses/nonexclusive-distrib/1.0/
13273,2306.08532v1,2306.08532,train,fill_blank_75,arxiv-nonexclusive,http://arxiv.org/licenses/nonexclusive-distrib/1.0/
12996,2409.14521v2,2409.14521,train,fill_blank_25,arxiv-nonexclusive,http://arxiv.org/licenses/nonexclusive-distrib/1.0/
13277,2306.08532v1,2306.08532,train,fill_blank_50,arxiv-nonexclusive,http://arxiv.org/licenses/nonexclusive-distrib/1.0/
6967,2504.00975v3,2504.00975,train,fill_blank_50,arxiv-nonexclusive,http://arxiv.org/licenses/nonexclusive-distrib/1.0/
9332,2406.12596v3,2406.12596,train,fill_blank_50,arxiv-nonexclusive,http://arxiv.org/licenses/nonexclusive-distrib/1.0/
6978,2504.00975v3,2504.00975,train,fill_blank_75,arxiv-nonexclusive,http://arxiv.org/licenses/nonexclusive-distrib/1.0/
5523,2505.12502v1,2505.12502,train,fill_blank_75,arxiv-nonexclusive,http://arxiv.org/licenses/nonexclusive-distrib/1.0/
596,2505.22783v1,2505.22783,train,fill_blank_25,arxiv-nonexclusive,http://arxiv.org/licenses/nonexclusive-distrib/1.0/
5471,2207.08737v2,2207.08737,train,fill_blank_25,arxiv-nonexclusive,http://arxiv.org/licenses/nonexclusive-distrib/1.0/
140,2507.03915v1,2507.03915,train,MCQ,arxiv-nonexclusive,http://arxiv.org/licenses/nonexclusive-distrib/1.0/
13190,2107.03434v2,2107.03434,train,MCQ,arxiv-nonexclusive,http://arxiv.org/licenses/nonexclusive-distrib/1.0/
1061,2505.03556v1,2505.03556,train,fill_blank_25,arxiv-nonexclusive,http://arxiv.org/licenses/nonexclusive-distrib/1.0/
5294,2508.03391v1,2508.03391,train,fill_blank_100,arxiv-nonexclusive,http://arxiv.org/licenses/nonexclusive-distrib/1.0/
11575,1801.05868v1,1801.05868,train,MCQ,arxiv-nonexclusive,http://arxiv.org/licenses/nonexclusive-distrib/1.0/
11577,1801.05868v1,1801.05868,train,fill_blank_50,arxiv-nonexclusive,http://arxiv.org/licenses/nonexclusive-distrib/1.0/
10364,2410.03732v1,2410.03732,train,fill_blank_100,arxiv-nonexclusive,http://arxiv.org/licenses/nonexclusive-distrib/1.0/
2279,2502.03450v2,2502.03450,train,fill_blank_100,arxiv-nonexclusive,http://arxiv.org/licenses/nonexclusive-distrib/1.0/
6491,2505.08079v3,2505.08079,train,fill_blank_25,arxiv-nonexclusive,http://arxiv.org/licenses/nonexclusive-distrib/1.0/
4887,2507.12019v1,2507.12019,train,fill_blank_50,arxiv-nonexclusive,http://arxiv.org/licenses/nonexclusive-distrib/1.0/
15394,2208.10653v1,2208.10653,train,fill_blank_100,arxiv-nonexclusive,http://arxiv.org/licenses/nonexclusive-distrib/1.0/
16649,2502.17875v1,2502.17875,train,fill_blank_100,arxiv-nonexclusive,http://arxiv.org/licenses/nonexclusive-distrib/1.0/
12449,2411.09906v2,2411.09906,train,fill_blank_100,arxiv-nonexclusive,http://arxiv.org/licenses/nonexclusive-distrib/1.0/
5617,1708.03792v1,1708.03792,train,fill_blank_50,arxiv-nonexclusive,http://arxiv.org/licenses/nonexclusive-distrib/1.0/
3568,2505.01712v2,2505.01712,train,fill_blank_75,arxiv-nonexclusive,http://arxiv.org/licenses/nonexclusive-distrib/1.0/
8172,2110.12224v2,2110.12224,train,fill_blank_50,arxiv-nonexclusive,http://arxiv.org/licenses/nonexclusive-distrib/1.0/
5204,2203.04090v3,2203.04090,train,fill_blank_100,cc-by-nc-nd,http://creativecommons.org/licenses/by-nc-nd/4.0/
6818,2505.08298v1,2505.08298,train,fill_blank_75,arxiv-nonexclusive,http://arxiv.org/licenses/nonexclusive-distrib/1.0/
8638,2507.09843v1,2507.09843,train,fill_blank_75,arxiv-nonexclusive,http://arxiv.org/licenses/nonexclusive-distrib/1.0/
4283,2504.18155v1,2504.18155,train,fill_blank_75,cc-by-nc-nd,http://creativecommons.org/licenses/by-nc-nd/4.0/
16058,1706.03721v1,1706.03721,train,fill_blank_75,arxiv-nonexclusive,http://arxiv.org/licenses/nonexclusive-distrib/1.0/
4288,2504.18155v1,2504.18155,train,fill_blank_75,cc-by-nc-nd,http://creativecommons.org/licenses/by-nc-nd/4.0/
2834,2507.05829v1,2507.05829,train,fill_blank_100,arxiv-nonexclusive,http://arxiv.org/licenses/nonexclusive-distrib/1.0/
17754,2405.07255v1,2405.07255,train,fill_blank_100,cc-by-nc-nd,http://creativecommons.org/licenses/by-nc-nd/4.0/
6817,2505.08298v1,2505.08298,train,fill_blank_50,arxiv-nonexclusive,http://arxiv.org/licenses/nonexclusive-distrib/1.0/
2353,2507.10207v1,2507.10207,train,fill_blank_75,arxiv-nonexclusive,http://arxiv.org/licenses/nonexclusive-distrib/1.0/
6535,2505.11321v1,2505.11321,train,MCQ,arxiv-nonexclusive,http://arxiv.org/licenses/nonexclusive-distrib/1.0/
3001,2507.12240v1,2507.12240,train,fill_blank_25,arxiv-nonexclusive,http://arxiv.org/licenses/nonexclusive-distrib/1.0/
12777,2108.11123v1,2108.11123,train,fill_blank_50,arxiv-nonexclusive,http://arxiv.org/licenses/nonexclusive-distrib/1.0/
10243,2405.20168v1,2405.20168,train,fill_blank_75,arxiv-nonexclusive,http://arxiv.org/licenses/nonexclusive-distrib/1.0/
91,2507.22317v1,2507.22317,train,fill_blank_25,arxiv-nonexclusive,http://arxiv.org/licenses/nonexclusive-distrib/1.0/
18827,2101.09137v2,2101.09137,train,fill_blank_50,arxiv-nonexclusive,http://arxiv.org/licenses/nonexclusive-distrib/1.0/
16943,2404.15099v1,2404.15099,train,fill_blank_75,arxiv-nonexclusive,http://arxiv.org/licenses/nonexclusive-distrib/1.0/
7075,2508.12141v1,2508.12141,train,MCQ,cc-by-nc-nd,http://creativecommons.org/licenses/by-nc-nd/4.0/
18304,2501.06355v1,2501.06355,train,fill_blank_100,arxiv-nonexclusive,http://arxiv.org/licenses/nonexclusive-distrib/1.0/
3999,2508.04075v1,2508.04075,train,fill_blank_100,arxiv-nonexclusive,http://arxiv.org/licenses/nonexclusive-distrib/1.0/
17225,2412.00442v1,2412.00442,train,MCQ,cc-by-nc-nd,http://creativecommons.org/licenses/by-nc-nd/4.0/
2447,2506.19688v2,2506.19688,train,fill_blank_50,arxiv-nonexclusive,http://arxiv.org/licenses/nonexclusive-distrib/1.0/
13258,2306.08532v1,2306.08532,train,fill_blank_75,arxiv-nonexclusive,http://arxiv.org/licenses/nonexclusive-distrib/1.0/
3530,2202.01946v1,2202.01946,train,MCQ,arxiv-nonexclusive,http://arxiv.org/licenses/nonexclusive-distrib/1.0/
12663,2103.15733v1,2103.15733,train,fill_blank_75,arxiv-nonexclusive,http://arxiv.org/licenses/nonexclusive-distrib/1.0/
6972,2504.00975v3,2504.00975,train,fill_blank_50,arxiv-nonexclusive,http://arxiv.org/licenses/nonexclusive-distrib/1.0/
9097,2010.03413v1,2010.03413,train,fill_blank_50,arxiv-nonexclusive,http://arxiv.org/licenses/nonexclusive-distrib/1.0/
11482,2405.14691v1,2405.14691,train,fill_blank_50,arxiv-nonexclusive,http://arxiv.org/licenses/nonexclusive-distrib/1.0/
1334,2507.15914v1,2507.15914,train,fill_blank_100,arxiv-nonexclusive,http://arxiv.org/licenses/nonexclusive-distrib/1.0/
7518,2507.05042v1,2507.05042,train,fill_blank_75,arxiv-nonexclusive,http://arxiv.org/licenses/nonexclusive-distrib/1.0/
16354,2010.01002v1,2010.01002,train,fill_blank_100,arxiv-nonexclusive,http://arxiv.org/licenses/nonexclusive-distrib/1.0/
3580,2506.13003v1,2506.13003,train,MCQ,arxiv-nonexclusive,http://arxiv.org/licenses/nonexclusive-distrib/1.0/
1331,2507.15914v1,2507.15914,train,fill_blank_25,arxiv-nonexclusive,http://arxiv.org/licenses/nonexclusive-distrib/1.0/
13098,2411.07086v1,2411.07086,train,fill_blank_75,arxiv-nonexclusive,http://arxiv.org/licenses/nonexclusive-distrib/1.0/
7991,2206.03108v1,2206.03108,train,fill_blank_25,arxiv-nonexclusive,http://arxiv.org/licenses/nonexclusive-distrib/1.0/
16612,2110.14585v2,2110.14585,train,fill_blank_50,cc-by-nc-nd,http://creativecommons.org/licenses/by-nc-nd/4.0/
1689,2508.14753v1,2508.14753,train,fill_blank_100,cc-by-nc-nd,http://creativecommons.org/licenses/by-nc-nd/4.0/
4951,2507.03848v1,2507.03848,train,fill_blank_25,arxiv-nonexclusive,http://arxiv.org/licenses/nonexclusive-distrib/1.0/
857,2503.18078v1,2503.18078,train,fill_blank_50,arxiv-nonexclusive,http://arxiv.org/licenses/nonexclusive-distrib/1.0/
7173,2507.01641v2,2507.01641,train,fill_blank_75,arxiv-nonexclusive,http://arxiv.org/licenses/nonexclusive-distrib/1.0/
10883,2207.07493v4,2207.07493,train,fill_blank_75,arxiv-nonexclusive,http://arxiv.org/licenses/nonexclusive-distrib/1.0/
11435,2405.12236v2,2405.12236,train,MCQ,arxiv-nonexclusive,http://arxiv.org/licenses/nonexclusive-distrib/1.0/
4024,2506.14557v2,2506.14557,train,fill_blank_100,arxiv-nonexclusive,http://arxiv.org/licenses/nonexclusive-distrib/1.0/
13758,2407.11265v1,2407.11265,train,fill_blank_75,arxiv-nonexclusive,http://arxiv.org/licenses/nonexclusive-distrib/1.0/
14945,2101.06016v1,2101.06016,train,MCQ,arxiv-nonexclusive,http://arxiv.org/licenses/nonexclusive-distrib/1.0/
980,2409.08525v1,2409.08525,train,MCQ,arxiv-nonexclusive,http://arxiv.org/licenses/nonexclusive-distrib/1.0/
12642,2206.02308v1,2206.02308,train,fill_blank_50,cc-by-nc-nd,http://creativecommons.org/licenses/by-nc-nd/4.0/
18866,2209.06566v2,2209.06566,train,fill_blank_25,arxiv-nonexclusive,http://arxiv.org/licenses/nonexclusive-distrib/1.0/
98,2507.01581v1,2507.01581,train,fill_blank_75,arxiv-nonexclusive,http://arxiv.org/licenses/nonexclusive-distrib/1.0/
15315,2311.12273v1,2311.12273,train,MCQ,arxiv-nonexclusive,http://arxiv.org/licenses/nonexclusive-distrib/1.0/
6358,2506.22465v1,2506.22465,train,fill_blank_75,arxiv-nonexclusive,http://arxiv.org/licenses/nonexclusive-distrib/1.0/
1103,2506.22844v1,2506.22844,train,fill_blank_75,arxiv-nonexclusive,http://arxiv.org/licenses/nonexclusive-distrib/1.0/
8493,2503.13043v1,2503.13043,train,fill_blank_75,arxiv-nonexclusive,http://arxiv.org/licenses/nonexclusive-distrib/1.0/
13543,2411.09660v1,2411.09660,train,fill_blank_75,arxiv-nonexclusive,http://arxiv.org/licenses/nonexclusive-distrib/1.0/
6987,2504.18168v1,2504.18168,train,fill_blank_50,arxiv-nonexclusive,http://arxiv.org/licenses/nonexclusive-distrib/1.0/
9761,2202.08448v1,2202.08448,train,fill_blank_25,arxiv-nonexclusive,http://arxiv.org/licenses/nonexclusive-distrib/1.0/
1463,2507.17153v1,2507.17153,train,fill_blank_75,arxiv-nonexclusive,http://arxiv.org/licenses/nonexclusive-distrib/1.0/
18782,2409.09590v1,2409.09590,train,fill_blank_50,arxiv-nonexclusive,http://arxiv.org/licenses/nonexclusive-distrib/1.0/
3374,2507.13130v1,2507.13130,train,fill_blank_100,arxiv-nonexclusive,http://arxiv.org/licenses/nonexclusive-distrib/1.0/
3458,2402.13804v1,2402.13804,train,fill_blank_75,cc-by-nc-nd,http://creativecommons.org/licenses/by-nc-nd/4.0/
1333,2507.15914v1,2507.15914,train,fill_blank_75,arxiv-nonexclusive,http://arxiv.org/licenses/nonexclusive-distrib/1.0/
8485,2503.13043v1,2503.13043,train,MCQ,arxiv-nonexclusive,http://arxiv.org/licenses/nonexclusive-distrib/1.0/
15291,2508.08002v1,2508.08002,train,fill_blank_25,arxiv-nonexclusive,http://arxiv.org/licenses/nonexclusive-distrib/1.0/
11683,2108.10414v1,2108.10414,train,fill_blank_75,arxiv-nonexclusive,http://arxiv.org/licenses/nonexclusive-distrib/1.0/
13203,2107.03434v2,2107.03434,train,fill_blank_75,arxiv-nonexclusive,http://arxiv.org/licenses/nonexclusive-distrib/1.0/
3799,2506.19376v1,2506.19376,train,fill_blank_100,arxiv-nonexclusive,http://arxiv.org/licenses/nonexclusive-distrib/1.0/
11560,2410.09588v1,2410.09588,train,MCQ,arxiv-nonexclusive,http://arxiv.org/licenses/nonexclusive-distrib/1.0/
2728,2506.08930v1,2506.08930,train,fill_blank_75,arxiv-nonexclusive,http://arxiv.org/licenses/nonexclusive-distrib/1.0/
12744,2403.08900v1,2403.08900,train,fill_blank_100,arxiv-nonexclusive,http://arxiv.org/licenses/nonexclusive-distrib/1.0/
12129,2310.07853v1,2310.07853,train,fill_blank_100,arxiv-nonexclusive,http://arxiv.org/licenses/nonexclusive-distrib/1.0/
10688,2508.04171v1,2508.04171,train,fill_blank_75,arxiv-nonexclusive,http://arxiv.org/licenses/nonexclusive-distrib/1.0/
7998,2206.03108v1,2206.03108,train,fill_blank_75,arxiv-nonexclusive,http://arxiv.org/licenses/nonexclusive-distrib/1.0/
8425,2506.22094v1,2506.22094,train,MCQ,cc-by-nc-nd,http://creativecommons.org/licenses/by-nc-nd/4.0/
5660,2405.00141v1,2405.00141,train,MCQ,cc-by-nc-nd,http://creativecommons.org/licenses/by-nc-nd/4.0/
13127,2309.04549v1,2309.04549,train,fill_blank_50,arxiv-nonexclusive,http://arxiv.org/licenses/nonexclusive-distrib/1.0/
14988,2407.00933v1,2407.00933,train,fill_blank_75,arxiv-nonexclusive,http://arxiv.org/licenses/nonexclusive-distrib/1.0/
264,2504.07119v1,2504.07119,train,fill_blank_100,arxiv-nonexclusive,http://arxiv.org/licenses/nonexclusive-distrib/1.0/
10459,2211.10014v1,2211.10014,train,fill_blank_100,cc-by-nc-nd,http://creativecommons.org/licenses/by-nc-nd/4.0/
17855,2309.04998v3,2309.04998,train,MCQ,arxiv-nonexclusive,http://arxiv.org/licenses/nonexclusive-distrib/1.0/
10739,2111.09413v1,2111.09413,train,fill_blank_100,arxiv-nonexclusive,http://arxiv.org/licenses/nonexclusive-distrib/1.0/
6070,2203.12715v1,2203.12715,train,MCQ,arxiv-nonexclusive,http://arxiv.org/licenses/nonexclusive-distrib/1.0/
15689,2409.17295v1,2409.17295,train,fill_blank_100,arxiv-nonexclusive,http://arxiv.org/licenses/nonexclusive-distrib/1.0/
4110,2508.02950v1,2508.02950,train,MCQ,arxiv-nonexclusive,http://arxiv.org/licenses/nonexclusive-distrib/1.0/
17024,2405.19771v2,2405.19771,train,fill_blank_100,arxiv-nonexclusive,http://arxiv.org/licenses/nonexclusive-distrib/1.0/
13590,1912.07860v1,1912.07860,train,MCQ,arxiv-nonexclusive,http://arxiv.org/licenses/nonexclusive-distrib/1.0/
12089,2310.06532v1,2310.06532,train,fill_blank_100,cc-by-nc-nd,http://creativecommons.org/licenses/by-nc-nd/4.0/
5040,2503.22378v1,2503.22378,train,MCQ,arxiv-nonexclusive,http://arxiv.org/licenses/nonexclusive-distrib/1.0/
11075,2501.17883v1,2501.17883,train,MCQ,arxiv-nonexclusive,http://arxiv.org/licenses/nonexclusive-distrib/1.0/
15778,2410.15357v2,2410.15357,train,fill_blank_75,arxiv-nonexclusive,http://arxiv.org/licenses/nonexclusive-distrib/1.0/
9272,2309.04161v2,2309.04161,train,fill_blank_50,arxiv-nonexclusive,http://arxiv.org/licenses/nonexclusive-distrib/1.0/
11988,2108.11697v1,2108.11697,train,fill_blank_75,arxiv-nonexclusive,http://arxiv.org/licenses/nonexclusive-distrib/1.0/
10192,2401.10396v1,2401.10396,train,fill_blank_50,cc-by-nc-nd,http://creativecommons.org/licenses/by-nc-nd/4.0/
2833,2507.05829v1,2507.05829,train,fill_blank_75,arxiv-nonexclusive,http://arxiv.org/licenses/nonexclusive-distrib/1.0/
10469,2411.11028v2,2411.11028,train,fill_blank_100,arxiv-nonexclusive,http://arxiv.org/licenses/nonexclusive-distrib/1.0/
849,2503.18078v1,2503.18078,train,fill_blank_100,arxiv-nonexclusive,http://arxiv.org/licenses/nonexclusive-distrib/1.0/
1795,2501.16306v1,2501.16306,train,MCQ,arxiv-nonexclusive,http://arxiv.org/licenses/nonexclusive-distrib/1.0/
3857,2506.11351v1,2506.11351,train,fill_blank_50,arxiv-nonexclusive,http://arxiv.org/licenses/nonexclusive-distrib/1.0/
18333,2508.03417v1,2508.03417,train,fill_blank_75,arxiv-nonexclusive,http://arxiv.org/licenses/nonexclusive-distrib/1.0/
6802,2505.08298v1,2505.08298,train,fill_blank_50,arxiv-nonexclusive,http://arxiv.org/licenses/nonexclusive-distrib/1.0/
6065,2203.12715v1,2203.12715,train,MCQ,arxiv-nonexclusive,http://arxiv.org/licenses/nonexclusive-distrib/1.0/
7372,2508.07572v2,2508.07572,train,fill_blank_50,arxiv-nonexclusive,http://arxiv.org/licenses/nonexclusive-distrib/1.0/
7220,2503.06376v1,2503.06376,train,MCQ,cc-by-nc-nd,http://creativecommons.org/licenses/by-nc-nd/4.0/
5629,1708.03792v1,1708.03792,train,fill_blank_100,arxiv-nonexclusive,http://arxiv.org/licenses/nonexclusive-distrib/1.0/
6492,2505.08079v3,2505.08079,train,fill_blank_50,arxiv-nonexclusive,http://arxiv.org/licenses/nonexclusive-distrib/1.0/
16621,2110.14585v2,2110.14585,train,fill_blank_25,cc-by-nc-nd,http://creativecommons.org/licenses/by-nc-nd/4.0/
1458,2507.17153v1,2507.17153,train,fill_blank_75,arxiv-nonexclusive,http://arxiv.org/licenses/nonexclusive-distrib/1.0/
6348,2506.22465v1,2506.22465,train,fill_blank_75,arxiv-nonexclusive,http://arxiv.org/licenses/nonexclusive-distrib/1.0/
1116,2506.22844v1,2506.22844,train,fill_blank_25,arxiv-nonexclusive,http://arxiv.org/licenses/nonexclusive-distrib/1.0/
5023,2407.07434v1,2407.07434,train,fill_blank_75,arxiv-nonexclusive,http://arxiv.org/licenses/nonexclusive-distrib/1.0/
6941,2411.07485v1,2411.07485,train,fill_blank_25,arxiv-nonexclusive,http://arxiv.org/licenses/nonexclusive-distrib/1.0/
12159,2401.10280v1,2401.10280,train,fill_blank_100,arxiv-nonexclusive,http://arxiv.org/licenses/nonexclusive-distrib/1.0/
10442,2502.13657v1,2502.13657,train,fill_blank_50,arxiv-nonexclusive,http://arxiv.org/licenses/nonexclusive-distrib/1.0/
877,2508.09882v1,2508.09882,train,fill_blank_50,arxiv-nonexclusive,http://arxiv.org/licenses/nonexclusive-distrib/1.0/
18066,2102.00990v2,2102.00990,train,fill_blank_25,arxiv-nonexclusive,http://arxiv.org/licenses/nonexclusive-distrib/1.0/
9408,1410.5076v2,1410.5076,train,fill_blank_75,arxiv-nonexclusive,http://arxiv.org/licenses/nonexclusive-distrib/1.0/
9383,2412.14616v1,2412.14616,train,fill_blank_75,arxiv-nonexclusive,http://arxiv.org/licenses/nonexclusive-distrib/1.0/
6983,2504.18168v1,2504.18168,train,fill_blank_75,arxiv-nonexclusive,http://arxiv.org/licenses/nonexclusive-distrib/1.0/
1398,2506.03063v1,2506.03063,train,fill_blank_75,arxiv-nonexclusive,http://arxiv.org/licenses/nonexclusive-distrib/1.0/
3698,2505.15403v1,2505.15403,train,fill_blank_75,arxiv-nonexclusive,http://arxiv.org/licenses/nonexclusive-distrib/1.0/
6635,2506.12461v1,2506.12461,train,MCQ,cc-by-nc-nd,http://creativecommons.org/licenses/by-nc-nd/4.0/
2078,2508.05884v1,2508.05884,train,fill_blank_75,arxiv-nonexclusive,http://arxiv.org/licenses/nonexclusive-distrib/1.0/
9626,2202.11696v1,2202.11696,train,fill_blank_25,arxiv-nonexclusive,http://arxiv.org/licenses/nonexclusive-distrib/1.0/
10727,2111.09413v1,2111.09413,train,fill_blank_50,arxiv-nonexclusive,http://arxiv.org/licenses/nonexclusive-distrib/1.0/
6620,2507.20587v1,2507.20587,train,MCQ,arxiv-nonexclusive,http://arxiv.org/licenses/nonexclusive-distrib/1.0/
12188,2205.03182v1,2205.03182,train,fill_blank_75,arxiv-nonexclusive,http://arxiv.org/licenses/nonexclusive-distrib/1.0/
5428,2308.15696v1,2308.15696,train,fill_blank_75,arxiv-nonexclusive,http://arxiv.org/licenses/nonexclusive-distrib/1.0/
9568,2310.16765v1,2310.16765,train,fill_blank_75,arxiv-nonexclusive,http://arxiv.org/licenses/nonexclusive-distrib/1.0/
16610,2110.14585v2,2110.14585,train,MCQ,cc-by-nc-nd,http://creativecommons.org/licenses/by-nc-nd/4.0/
13304,2407.06227v2,2407.06227,train,fill_blank_100,arxiv-nonexclusive,http://arxiv.org/licenses/nonexclusive-distrib/1.0/
3460,2402.13804v1,2402.13804,train,MCQ,cc-by-nc-nd,http://creativecommons.org/licenses/by-nc-nd/4.0/
15717,2412.15597v2,2412.15597,train,fill_blank_50,arxiv-nonexclusive,http://arxiv.org/licenses/nonexclusive-distrib/1.0/
12438,2411.09906v2,2411.09906,train,fill_blank_75,arxiv-nonexclusive,http://arxiv.org/licenses/nonexclusive-distrib/1.0/
11675,2411.08264v1,2411.08264,train,MCQ,arxiv-nonexclusive,http://arxiv.org/licenses/nonexclusive-distrib/1.0/
7750,2504.20425v1,2504.20425,train,MCQ,arxiv-nonexclusive,http://arxiv.org/licenses/nonexclusive-distrib/1.0/
2765,2507.20524v1,2507.20524,train,MCQ,arxiv-nonexclusive,http://arxiv.org/licenses/nonexclusive-distrib/1.0/
5663,2405.00141v1,2405.00141,train,fill_blank_75,cc-by-nc-nd,http://creativecommons.org/licenses/by-nc-nd/4.0/
8431,2506.22094v1,2506.22094,train,fill_blank_25,cc-by-nc-nd,http://creativecommons.org/licenses/by-nc-nd/4.0/
7997,2206.03108v1,2206.03108,train,fill_blank_50,arxiv-nonexclusive,http://arxiv.org/licenses/nonexclusive-distrib/1.0/
16345,2010.01002v1,2010.01002,train,MCQ,arxiv-nonexclusive,http://arxiv.org/licenses/nonexclusive-distrib/1.0/
4991,2507.03848v1,2507.03848,train,fill_blank_25,arxiv-nonexclusive,http://arxiv.org/licenses/nonexclusive-distrib/1.0/
12385,1508.00691v1,1508.00691,train,MCQ,arxiv-nonexclusive,http://arxiv.org/licenses/nonexclusive-distrib/1.0/
17597,2109.12711v1,2109.12711,train,fill_blank_50,arxiv-nonexclusive,http://arxiv.org/licenses/nonexclusive-distrib/1.0/
19008,2502.16267v1,2502.16267,train,fill_blank_75,arxiv-nonexclusive,http://arxiv.org/licenses/nonexclusive-distrib/1.0/
10646,2408.16280v1,2408.16280,train,fill_blank_25,arxiv-nonexclusive,http://arxiv.org/licenses/nonexclusive-distrib/1.0/
974,2506.23350v1,2506.23350,train,fill_blank_100,cc-by-nc-nd,http://creativecommons.org/licenses/by-nc-nd/4.0/
5274,2508.03391v1,2508.03391,train,fill_blank_100,arxiv-nonexclusive,http://arxiv.org/licenses/nonexclusive-distrib/1.0/
13002,2409.14521v2,2409.14521,train,fill_blank_50,arxiv-nonexclusive,http://arxiv.org/licenses/nonexclusive-distrib/1.0/
3447,2507.20504v1,2507.20504,train,fill_blank_50,arxiv-nonexclusive,http://arxiv.org/licenses/nonexclusive-distrib/1.0/
15723,2412.15597v2,2412.15597,train,fill_blank_75,arxiv-nonexclusive,http://arxiv.org/licenses/nonexclusive-distrib/1.0/
293,2508.04322v1,2508.04322,train,fill_blank_75,arxiv-nonexclusive,http://arxiv.org/licenses/nonexclusive-distrib/1.0/
14949,2101.06016v1,2101.06016,train,fill_blank_100,arxiv-nonexclusive,http://arxiv.org/licenses/nonexclusive-distrib/1.0/
17221,2412.00442v1,2412.00442,train,fill_blank_25,cc-by-nc-nd,http://creativecommons.org/licenses/by-nc-nd/4.0/
838,2504.09799v1,2504.09799,train,fill_blank_75,arxiv-nonexclusive,http://arxiv.org/licenses/nonexclusive-distrib/1.0/
13269,2306.08532v1,2306.08532,train,fill_blank_100,arxiv-nonexclusive,http://arxiv.org/licenses/nonexclusive-distrib/1.0/
17644,2310.18180v1,2310.18180,train,fill_blank_100,arxiv-nonexclusive,http://arxiv.org/licenses/nonexclusive-distrib/1.0/
8441,2506.22094v1,2506.22094,train,fill_blank_25,cc-by-nc-nd,http://creativecommons.org/licenses/by-nc-nd/4.0/
16613,2110.14585v2,2110.14585,train,fill_blank_75,cc-by-nc-nd,http://creativecommons.org/licenses/by-nc-nd/4.0/
17302,2412.11116v1,2412.11116,train,fill_blank_50,arxiv-nonexclusive,http://arxiv.org/licenses/nonexclusive-distrib/1.0/
17572,2502.21080v1,2502.21080,train,fill_blank_50,cc-by-nc-nd,http://creativecommons.org/licenses/by-nc-nd/4.0/
4453,2506.22445v1,2506.22445,train,fill_blank_75,arxiv-nonexclusive,http://arxiv.org/licenses/nonexclusive-distrib/1.0/
9409,1410.5076v2,1410.5076,train,fill_blank_100,arxiv-nonexclusive,http://arxiv.org/licenses/nonexclusive-distrib/1.0/
10112,2009.09380v1,2009.09380,train,fill_blank_50,arxiv-nonexclusive,http://arxiv.org/licenses/nonexclusive-distrib/1.0/
297,2508.04322v1,2508.04322,train,fill_blank_50,arxiv-nonexclusive,http://arxiv.org/licenses/nonexclusive-distrib/1.0/
11458,2410.04681v1,2410.04681,train,fill_blank_75,arxiv-nonexclusive,http://arxiv.org/licenses/nonexclusive-distrib/1.0/
19087,2501.01038v2,2501.01038,train,fill_blank_50,arxiv-nonexclusive,http://arxiv.org/licenses/nonexclusive-distrib/1.0/
5624,1708.03792v1,1708.03792,train,fill_blank_100,arxiv-nonexclusive,http://arxiv.org/licenses/nonexclusive-distrib/1.0/
11530,2411.15995v2,2411.15995,train,MCQ,cc-by-nc-nd,http://creativecommons.org/licenses/by-nc-nd/4.0/
4877,2507.12019v1,2507.12019,train,fill_blank_50,arxiv-nonexclusive,http://arxiv.org/licenses/nonexclusive-distrib/1.0/
4460,2506.22445v1,2506.22445,train,MCQ,arxiv-nonexclusive,http://arxiv.org/licenses/nonexclusive-distrib/1.0/
15308,2312.16918v3,2312.16918,train,fill_blank_75,arxiv-nonexclusive,http://arxiv.org/licenses/nonexclusive-distrib/1.0/
6607,2508.11295v1,2508.11295,train,fill_blank_50,arxiv-nonexclusive,http://arxiv.org/licenses/nonexclusive-distrib/1.0/
15132,2502.12642v1,2502.12642,train,fill_blank_50,arxiv-nonexclusive,http://arxiv.org/licenses/nonexclusive-distrib/1.0/
868,2508.09882v1,2508.09882,train,fill_blank_75,arxiv-nonexclusive,http://arxiv.org/licenses/nonexclusive-distrib/1.0/
6629,2507.20587v1,2507.20587,train,fill_blank_100,arxiv-nonexclusive,http://arxiv.org/licenses/nonexclusive-distrib/1.0/
2809,2507.05829v1,2507.05829,train,fill_blank_100,arxiv-nonexclusive,http://arxiv.org/licenses/nonexclusive-distrib/1.0/
17447,2407.10986v2,2407.10986,train,fill_blank_50,arxiv-nonexclusive,http://arxiv.org/licenses/nonexclusive-distrib/1.0/
14747,2412.08596v1,2412.08596,train,fill_blank_50,arxiv-nonexclusive,http://arxiv.org/licenses/nonexclusive-distrib/1.0/
7852,2506.17764v1,2506.17764,train,fill_blank_50,arxiv-nonexclusive,http://arxiv.org/licenses/nonexclusive-distrib/1.0/
10733,2111.09413v1,2111.09413,train,fill_blank_75,arxiv-nonexclusive,http://arxiv.org/licenses/nonexclusive-distrib/1.0/
12083,2310.06532v1,2310.06532,train,fill_blank_75,cc-by-nc-nd,http://creativecommons.org/licenses/by-nc-nd/4.0/
83,2507.22317v1,2507.22317,train,fill_blank_75,arxiv-nonexclusive,http://arxiv.org/licenses/nonexclusive-distrib/1.0/
203,2505.11509v1,2505.11509,train,fill_blank_75,cc-by-nc-nd,http://creativecommons.org/licenses/by-nc-nd/4.0/
17804,2107.07716v1,2107.07716,train,fill_blank_100,cc-by-nc-nd,http://creativecommons.org/licenses/by-nc-nd/4.0/
880,2508.09882v1,2508.09882,train,MCQ,arxiv-nonexclusive,http://arxiv.org/licenses/nonexclusive-distrib/1.0/
9848,2502.06128v2,2502.06128,train,fill_blank_75,arxiv-nonexclusive,http://arxiv.org/licenses/nonexclusive-distrib/1.0/
2775,2507.20524v1,2507.20524,train,MCQ,arxiv-nonexclusive,http://arxiv.org/licenses/nonexclusive-distrib/1.0/
9948,2006.12238v1,2006.12238,train,fill_blank_75,arxiv-nonexclusive,http://arxiv.org/licenses/nonexclusive-distrib/1.0/
828,2504.09799v1,2504.09799,train,fill_blank_75,arxiv-nonexclusive,http://arxiv.org/licenses/nonexclusive-distrib/1.0/
12706,2403.08900v1,2403.08900,train,fill_blank_25,arxiv-nonexclusive,http://arxiv.org/licenses/nonexclusive-distrib/1.0/
10604,2501.08100v1,2501.08100,train,fill_blank_100,arxiv-nonexclusive,http://arxiv.org/licenses/nonexclusive-distrib/1.0/
4766,2503.10525v1,2503.10525,train,fill_blank_25,arxiv-nonexclusive,http://arxiv.org/licenses/nonexclusive-distrib/1.0/
11572,2410.09588v1,2410.09588,train,fill_blank_50,arxiv-nonexclusive,http://arxiv.org/licenses/nonexclusive-distrib/1.0/
15775,2410.15357v2,2410.15357,train,MCQ,arxiv-nonexclusive,http://arxiv.org/licenses/nonexclusive-distrib/1.0/
9564,2310.16765v1,2310.16765,train,fill_blank_100,arxiv-nonexclusive,http://arxiv.org/licenses/nonexclusive-distrib/1.0/
7688,2402.02795v2,2402.02795,train,fill_blank_75,arxiv-nonexclusive,http://arxiv.org/licenses/nonexclusive-distrib/1.0/
1603,2503.08986v1,2503.08986,train,fill_blank_75,arxiv-nonexclusive,http://arxiv.org/licenses/nonexclusive-distrib/1.0/
6943,2411.07485v1,2411.07485,train,fill_blank_75,arxiv-nonexclusive,http://arxiv.org/licenses/nonexclusive-distrib/1.0/
8699,2506.03813v1,2506.03813,train,fill_blank_100,arxiv-nonexclusive,http://arxiv.org/licenses/nonexclusive-distrib/1.0/
2807,2507.05829v1,2507.05829,train,fill_blank_50,arxiv-nonexclusive,http://arxiv.org/licenses/nonexclusive-distrib/1.0/
12497,2401.08624v1,2401.08624,train,fill_blank_50,arxiv-nonexclusive,http://arxiv.org/licenses/nonexclusive-distrib/1.0/
9608,2404.05477v2,2404.05477,train,fill_blank_75,arxiv-nonexclusive,http://arxiv.org/licenses/nonexclusive-distrib/1.0/
12437,2411.09906v2,2411.09906,train,fill_blank_50,arxiv-nonexclusive,http://arxiv.org/licenses/nonexclusive-distrib/1.0/
5482,2207.08737v2,2207.08737,train,fill_blank_50,arxiv-nonexclusive,http://arxiv.org/licenses/nonexclusive-distrib/1.0/
5895,2505.04893v1,2505.04893,train,MCQ,arxiv-nonexclusive,http://arxiv.org/licenses/nonexclusive-distrib/1.0/
13283,2407.06227v2,2407.06227,train,fill_blank_75,arxiv-nonexclusive,http://arxiv.org/licenses/nonexclusive-distrib/1.0/
1546,2507.14210v1,2507.14210,train,fill_blank_25,arxiv-nonexclusive,http://arxiv.org/licenses/nonexclusive-distrib/1.0/
3890,1008.1380v1,1008.1380,train,MCQ,arxiv-nonexclusive,http://arxiv.org/licenses/nonexclusive-distrib/1.0/
439,2507.16666v1,2507.16666,train,fill_blank_100,arxiv-nonexclusive,http://arxiv.org/licenses/nonexclusive-distrib/1.0/
17715,2205.12073v2,2205.12073,train,MCQ,arxiv-nonexclusive,http://arxiv.org/licenses/nonexclusive-distrib/1.0/
11942,2011.01920v1,2011.01920,train,fill_blank_50,arxiv-nonexclusive,http://arxiv.org/licenses/nonexclusive-distrib/1.0/
16916,2307.06442v2,2307.06442,train,fill_blank_25,cc-by-nc-nd,http://creativecommons.org/licenses/by-nc-nd/4.0/
808,2501.02271v1,2501.02271,train,fill_blank_75,arxiv-nonexclusive,http://arxiv.org/licenses/nonexclusive-distrib/1.0/
12712,2403.08900v1,2403.08900,train,fill_blank_50,arxiv-nonexclusive,http://arxiv.org/licenses/nonexclusive-distrib/1.0/
10902,2204.07037v2,2204.07037,train,fill_blank_50,cc-by-nc-nd,http://creativecommons.org/licenses/by-nc-nd/4.0/
11456,2410.04681v1,2410.04681,train,fill_blank_25,arxiv-nonexclusive,http://arxiv.org/licenses/nonexclusive-distrib/1.0/
5413,2308.15696v1,2308.15696,train,fill_blank_75,arxiv-nonexclusive,http://arxiv.org/licenses/nonexclusive-distrib/1.0/
7669,2506.22082v1,2506.22082,train,fill_blank_100,cc-by-nc-nd,http://creativecommons.org/licenses/by-nc-nd/4.0/
7057,2508.08022v1,2508.08022,train,fill_blank_50,arxiv-nonexclusive,http://arxiv.org/licenses/nonexclusive-distrib/1.0/
1457,2507.17153v1,2507.17153,train,fill_blank_50,arxiv-nonexclusive,http://arxiv.org/licenses/nonexclusive-distrib/1.0/
8186,1003.5309v1,1003.5309,train,fill_blank_25,arxiv-nonexclusive,http://arxiv.org/licenses/nonexclusive-distrib/1.0/
5290,2508.03391v1,2508.03391,train,MCQ,arxiv-nonexclusive,http://arxiv.org/licenses/nonexclusive-distrib/1.0/
16650,2502.17875v1,2502.17875,train,MCQ,arxiv-nonexclusive,http://arxiv.org/licenses/nonexclusive-distrib/1.0/
6118,2507.09244v1,2507.09244,train,fill_blank_75,arxiv-nonexclusive,http://arxiv.org/licenses/nonexclusive-distrib/1.0/
5625,1708.03792v1,1708.03792,train,MCQ,arxiv-nonexclusive,http://arxiv.org/licenses/nonexclusive-distrib/1.0/
8508,2506.22252v2,2506.22252,train,fill_blank_75,arxiv-nonexclusive,http://arxiv.org/licenses/nonexclusive-distrib/1.0/
12775,2108.11123v1,2108.11123,train,MCQ,arxiv-nonexclusive,http://arxiv.org/licenses/nonexclusive-distrib/1.0/
13129,2309.04549v1,2309.04549,train,fill_blank_100,arxiv-nonexclusive,http://arxiv.org/licenses/nonexclusive-distrib/1.0/
13329,2411.06015v1,2411.06015,train,fill_blank_100,arxiv-nonexclusive,http://arxiv.org/licenses/nonexclusive-distrib/1.0/
18829,2101.09137v2,2101.09137,train,fill_blank_100,arxiv-nonexclusive,http://arxiv.org/licenses/nonexclusive-distrib/1.0/
8928,2212.10748v1,2212.10748,train,fill_blank_75,arxiv-nonexclusive,http://arxiv.org/licenses/nonexclusive-distrib/1.0/
4410,2508.15673v1,2508.15673,train,MCQ,arxiv-nonexclusive,http://arxiv.org/licenses/nonexclusive-distrib/1.0/
19002,2502.16267v1,2502.16267,train,fill_blank_50,arxiv-nonexclusive,http://arxiv.org/licenses/nonexclusive-distrib/1.0/
10466,2411.11028v2,2411.11028,train,fill_blank_25,arxiv-nonexclusive,http://arxiv.org/licenses/nonexclusive-distrib/1.0/
6423,2312.03255v1,2312.03255,train,fill_blank_75,cc-by-nc-nd,http://creativecommons.org/licenses/by-nc-nd/4.0/
8278,2507.10113v1,2507.10113,train,fill_blank_75,arxiv-nonexclusive,http://arxiv.org/licenses/nonexclusive-distrib/1.0/
18653,2411.17056v2,2411.17056,train,fill_blank_75,arxiv-nonexclusive,http://arxiv.org/licenses/nonexclusive-distrib/1.0/
8174,2110.12224v2,2110.12224,train,fill_blank_100,arxiv-nonexclusive,http://arxiv.org/licenses/nonexclusive-distrib/1.0/
9310,2012.08173v1,2012.08173,train,MCQ,arxiv-nonexclusive,http://arxiv.org/licenses/nonexclusive-distrib/1.0/
17629,2310.18180v1,2310.18180,train,fill_blank_100,arxiv-nonexclusive,http://arxiv.org/licenses/nonexclusive-distrib/1.0/
2594,2312.04418v2,2312.04418,train,fill_blank_100,arxiv-nonexclusive,http://arxiv.org/licenses/nonexclusive-distrib/1.0/
15684,2409.17295v1,2409.17295,train,fill_blank_100,arxiv-nonexclusive,http://arxiv.org/licenses/nonexclusive-distrib/1.0/
4425,2506.01400v1,2506.01400,train,MCQ,arxiv-nonexclusive,http://arxiv.org/licenses/nonexclusive-distrib/1.0/
11800,2207.07999v1,2207.07999,train,MCQ,arxiv-nonexclusive,http://arxiv.org/licenses/nonexclusive-distrib/1.0/
17667,2312.13013v2,2312.13013,train,fill_blank_50,arxiv-nonexclusive,http://arxiv.org/licenses/nonexclusive-distrib/1.0/
784,2508.06794v1,2508.06794,train,fill_blank_100,arxiv-nonexclusive,http://arxiv.org/licenses/nonexclusive-distrib/1.0/
11688,2108.10414v1,2108.10414,train,fill_blank_75,arxiv-nonexclusive,http://arxiv.org/licenses/nonexclusive-distrib/1.0/
6493,2505.08079v3,2505.08079,train,fill_blank_75,arxiv-nonexclusive,http://arxiv.org/licenses/nonexclusive-distrib/1.0/
3253,2504.12794v1,2504.12794,train,fill_blank_75,arxiv-nonexclusive,http://arxiv.org/licenses/nonexclusive-distrib/1.0/
2458,2506.19688v2,2506.19688,train,fill_blank_75,arxiv-nonexclusive,http://arxiv.org/licenses/nonexclusive-distrib/1.0/
15975,2012.01726v1,2012.01726,train,MCQ,arxiv-nonexclusive,http://arxiv.org/licenses/nonexclusive-distrib/1.0/
254,2504.07119v1,2504.07119,train,fill_blank_100,arxiv-nonexclusive,http://arxiv.org/licenses/nonexclusive-distrib/1.0/
8943,2305.10184v1,2305.10184,train,fill_blank_75,arxiv-nonexclusive,http://arxiv.org/licenses/nonexclusive-distrib/1.0/
1909,2507.13037v1,2507.13037,train,fill_blank_100,arxiv-nonexclusive,http://arxiv.org/licenses/nonexclusive-distrib/1.0/
13072,2012.14066v1,2012.14066,train,fill_blank_50,arxiv-nonexclusive,http://arxiv.org/licenses/nonexclusive-distrib/1.0/
2457,2506.19688v2,2506.19688,train,fill_blank_50,arxiv-nonexclusive,http://arxiv.org/licenses/nonexclusive-distrib/1.0/
16059,1706.03721v1,1706.03721,train,fill_blank_100,arxiv-nonexclusive,http://arxiv.org/licenses/nonexclusive-distrib/1.0/
13889,2407.14890v1,2407.14890,train,fill_blank_100,arxiv-nonexclusive,http://arxiv.org/licenses/nonexclusive-distrib/1.0/
16322,2309.11917v2,2309.11917,train,fill_blank_50,arxiv-nonexclusive,http://arxiv.org/licenses/nonexclusive-distrib/1.0/
2806,2507.05829v1,2507.05829,train,fill_blank_25,arxiv-nonexclusive,http://arxiv.org/licenses/nonexclusive-distrib/1.0/
2823,2507.05829v1,2507.05829,train,fill_blank_75,arxiv-nonexclusive,http://arxiv.org/licenses/nonexclusive-distrib/1.0/
2394,2504.15676v1,2504.15676,train,fill_blank_100,arxiv-nonexclusive,http://arxiv.org/licenses/nonexclusive-distrib/1.0/
6989,2504.18168v1,2504.18168,train,fill_blank_100,arxiv-nonexclusive,http://arxiv.org/licenses/nonexclusive-distrib/1.0/
4664,2506.07880v1,2506.07880,train,fill_blank_100,cc-by-nc-nd,http://creativecommons.org/licenses/by-nc-nd/4.0/
9618,2202.11696v1,2202.11696,train,fill_blank_75,arxiv-nonexclusive,http://arxiv.org/licenses/nonexclusive-distrib/1.0/
18588,2105.04107v3,2105.04107,train,fill_blank_75,arxiv-nonexclusive,http://arxiv.org/licenses/nonexclusive-distrib/1.0/
1565,2403.18326v1,2403.18326,train,MCQ,arxiv-nonexclusive,http://arxiv.org/licenses/nonexclusive-distrib/1.0/
11919,1611.08938v1,1611.08938,train,fill_blank_100,arxiv-nonexclusive,http://arxiv.org/licenses/nonexclusive-distrib/1.0/
13879,2407.14890v1,2407.14890,train,fill_blank_100,arxiv-nonexclusive,http://arxiv.org/licenses/nonexclusive-distrib/1.0/
153,2507.03915v1,2507.03915,train,fill_blank_75,arxiv-nonexclusive,http://arxiv.org/licenses/nonexclusive-distrib/1.0/
12349,2302.00156v1,2302.00156,train,fill_blank_100,cc-by-nc-nd,http://creativecommons.org/licenses/by-nc-nd/4.0/
7973,2505.04453v1,2505.04453,train,fill_blank_75,arxiv-nonexclusive,http://arxiv.org/licenses/nonexclusive-distrib/1.0/
13755,2407.11265v1,2407.11265,train,MCQ,arxiv-nonexclusive,http://arxiv.org/licenses/nonexclusive-distrib/1.0/
7713,2407.01957v1,2407.01957,train,fill_blank_75,arxiv-nonexclusive,http://arxiv.org/licenses/nonexclusive-distrib/1.0/
10643,2408.16280v1,2408.16280,train,fill_blank_75,arxiv-nonexclusive,http://arxiv.org/licenses/nonexclusive-distrib/1.0/
16267,2209.01108v1,2209.01108,train,fill_blank_50,arxiv-nonexclusive,http://arxiv.org/licenses/nonexclusive-distrib/1.0/
2680,2501.05742v1,2501.05742,train,MCQ,arxiv-nonexclusive,http://arxiv.org/licenses/nonexclusive-distrib/1.0/
16192,2107.01582v1,2107.01582,train,fill_blank_50,arxiv-nonexclusive,http://arxiv.org/licenses/nonexclusive-distrib/1.0/
9844,2502.06128v2,2502.06128,train,fill_blank_100,arxiv-nonexclusive,http://arxiv.org/licenses/nonexclusive-distrib/1.0/
19049,0507039v1,0507039,train,fill_blank_100,legacy-unlabeled,
9988,2402.06814v1,2402.06814,train,fill_blank_75,arxiv-nonexclusive,http://arxiv.org/licenses/nonexclusive-distrib/1.0/
1432,2507.03928v1,2507.03928,train,fill_blank_50,arxiv-nonexclusive,http://arxiv.org/licenses/nonexclusive-distrib/1.0/
5284,2508.03391v1,2508.03391,train,fill_blank_100,arxiv-nonexclusive,http://arxiv.org/licenses/nonexclusive-distrib/1.0/
6805,2505.08298v1,2505.08298,train,MCQ,arxiv-nonexclusive,http://arxiv.org/licenses/nonexclusive-distrib/1.0/
872,2508.09882v1,2508.09882,train,fill_blank_50,arxiv-nonexclusive,http://arxiv.org/licenses/nonexclusive-distrib/1.0/
5196,2203.04090v3,2203.04090,train,fill_blank_25,cc-by-nc-nd,http://creativecommons.org/licenses/by-nc-nd/4.0/
7083,2508.12141v1,2508.12141,train,fill_blank_75,cc-by-nc-nd,http://creativecommons.org/licenses/by-nc-nd/4.0/
12848,1903.04243v1,1903.04243,train,fill_blank_75,arxiv-nonexclusive,http://arxiv.org/licenses/nonexclusive-distrib/1.0/
2354,2507.10207v1,2507.10207,train,fill_blank_100,arxiv-nonexclusive,http://arxiv.org/licenses/nonexclusive-distrib/1.0/
2423,2505.01076v2,2505.01076,train,fill_blank_75,arxiv-nonexclusive,http://arxiv.org/licenses/nonexclusive-distrib/1.0/
11574,2410.09588v1,2410.09588,train,fill_blank_100,arxiv-nonexclusive,http://arxiv.org/licenses/nonexclusive-distrib/1.0/
18368,2304.03594v1,2304.03594,train,fill_blank_75,cc-by-nc-nd,http://creativecommons.org/licenses/by-nc-nd/4.0/
8955,2403.03675v1,2403.03675,train,MCQ,arxiv-nonexclusive,http://arxiv.org/licenses/nonexclusive-distrib/1.0/
7531,2507.05042v1,2507.05042,train,fill_blank_25,arxiv-nonexclusive,http://arxiv.org/licenses/nonexclusive-distrib/1.0/
8520,2503.11226v1,2503.11226,train,MCQ,arxiv-nonexclusive,http://arxiv.org/licenses/nonexclusive-distrib/1.0/
7129,2401.15344v1,2401.15344,train,fill_blank_100,arxiv-nonexclusive,http://arxiv.org/licenses/nonexclusive-distrib/1.0/
12782,2108.11123v1,2108.11123,train,fill_blank_50,arxiv-nonexclusive,http://arxiv.org/licenses/nonexclusive-distrib/1.0/
6124,2507.09244v1,2507.09244,train,fill_blank_100,arxiv-nonexclusive,http://arxiv.org/licenses/nonexclusive-distrib/1.0/
12063,2501.00732v1,2501.00732,train,fill_blank_75,cc-by-nc-nd,http://creativecommons.org/licenses/by-nc-nd/4.0/
12394,1508.00691v1,1508.00691,train,fill_blank_100,arxiv-nonexclusive,http://arxiv.org/licenses/nonexclusive-distrib/1.0/
1407,2401.15756v1,2401.15756,train,fill_blank_50,arxiv-nonexclusive,http://arxiv.org/licenses/nonexclusive-distrib/1.0/
3633,2301.03857v3,2301.03857,train,fill_blank_75,arxiv-nonexclusive,http://arxiv.org/licenses/nonexclusive-distrib/1.0/
623,2508.08206v1,2508.08206,train,fill_blank_75,arxiv-nonexclusive,http://arxiv.org/licenses/nonexclusive-distrib/1.0/
13144,2203.13621v2,2203.13621,train,fill_blank_100,arxiv-nonexclusive,http://arxiv.org/licenses/nonexclusive-distrib/1.0/
17652,2310.18180v1,2310.18180,train,fill_blank_50,arxiv-nonexclusive,http://arxiv.org/licenses/nonexclusive-distrib/1.0/
16654,2502.17875v1,2502.17875,train,fill_blank_100,arxiv-nonexclusive,http://arxiv.org/licenses/nonexclusive-distrib/1.0/
1928,2507.03950v1,2507.03950,train,fill_blank_75,arxiv-nonexclusive,http://arxiv.org/licenses/nonexclusive-distrib/1.0/
2374,2508.14445v1,2508.14445,train,fill_blank_100,arxiv-nonexclusive,http://arxiv.org/licenses/nonexclusive-distrib/1.0/
6540,2505.11321v1,2505.11321,train,MCQ,arxiv-nonexclusive,http://arxiv.org/licenses/nonexclusive-distrib/1.0/
7819,2507.18864v1,2507.18864,train,fill_blank_100,cc-by-nc-nd,http://creativecommons.org/licenses/by-nc-nd/4.0/
11419,2405.12236v2,2405.12236,train,fill_blank_100,arxiv-nonexclusive,http://arxiv.org/licenses/nonexclusive-distrib/1.0/
9374,2412.14616v1,2412.14616,train,fill_blank_100,arxiv-nonexclusive,http://arxiv.org/licenses/nonexclusive-distrib/1.0/
4279,2504.18155v1,2504.18155,train,fill_blank_100,cc-by-nc-nd,http://creativecommons.org/licenses/by-nc-nd/4.0/
15713,2412.15597v2,2412.15597,train,fill_blank_75,arxiv-nonexclusive,http://arxiv.org/licenses/nonexclusive-distrib/1.0/
3100,2503.17912v1,2503.17912,train,MCQ,arxiv-nonexclusive,http://arxiv.org/licenses/nonexclusive-distrib/1.0/
18020,2411.00374v3,2411.00374,train,MCQ,arxiv-nonexclusive,http://arxiv.org/licenses/nonexclusive-distrib/1.0/
12023,2305.03704v1,2305.03704,train,fill_blank_75,arxiv-nonexclusive,http://arxiv.org/licenses/nonexclusive-distrib/1.0/
13890,2208.07045v1,2208.07045,train,MCQ,arxiv-nonexclusive,http://arxiv.org/licenses/nonexclusive-distrib/1.0/
2248,2508.15294v1,2508.15294,train,fill_blank_75,arxiv-nonexclusive,http://arxiv.org/licenses/nonexclusive-distrib/1.0/
14134,2206.08306v1,2206.08306,train,fill_blank_100,cc-by-nc-nd,http://creativecommons.org/licenses/by-nc-nd/4.0/
9637,1004.1997v1,1004.1997,train,fill_blank_50,arxiv-nonexclusive,http://arxiv.org/licenses/nonexclusive-distrib/1.0/
11525,2411.15995v2,2411.15995,train,MCQ,cc-by-nc-nd,http://creativecommons.org/licenses/by-nc-nd/4.0/
16820,2211.09599v1,2211.09599,train,MCQ,arxiv-nonexclusive,http://arxiv.org/licenses/nonexclusive-distrib/1.0/
18303,2501.06355v1,2501.06355,train,fill_blank_75,arxiv-nonexclusive,http://arxiv.org/licenses/nonexclusive-distrib/1.0/
3686,2505.15403v1,2505.15403,train,fill_blank_25,arxiv-nonexclusive,http://arxiv.org/licenses/nonexclusive-distrib/1.0/
253,2504.07119v1,2504.07119,train,fill_blank_75,arxiv-nonexclusive,http://arxiv.org/licenses/nonexclusive-distrib/1.0/
1777,2506.07532v1,2506.07532,train,fill_blank_50,arxiv-nonexclusive,http://arxiv.org/licenses/nonexclusive-distrib/1.0/
7868,2506.17764v1,2506.17764,train,fill_blank_75,arxiv-nonexclusive,http://arxiv.org/licenses/nonexclusive-distrib/1.0/
5907,2505.04893v1,2505.04893,train,fill_blank_50,arxiv-nonexclusive,http://arxiv.org/licenses/nonexclusive-distrib/1.0/
1113,2506.22844v1,2506.22844,train,fill_blank_75,arxiv-nonexclusive,http://arxiv.org/licenses/nonexclusive-distrib/1.0/
1562,2507.14210v1,2507.14210,train,fill_blank_50,arxiv-nonexclusive,http://arxiv.org/licenses/nonexclusive-distrib/1.0/
3527,2202.01946v1,2202.01946,train,fill_blank_50,arxiv-nonexclusive,http://arxiv.org/licenses/nonexclusive-distrib/1.0/
1772,2506.07532v1,2506.07532,train,fill_blank_50,arxiv-nonexclusive,http://arxiv.org/licenses/nonexclusive-distrib/1.0/
16678,2410.11495v3,2410.11495,train,fill_blank_75,cc-by-nc-nd,http://creativecommons.org/licenses/by-nc-nd/4.0/
13143,2203.13621v2,2203.13621,train,fill_blank_75,arxiv-nonexclusive,http://arxiv.org/licenses/nonexclusive-distrib/1.0/
12320,2006.13087v1,2006.13087,train,MCQ,arxiv-nonexclusive,http://arxiv.org/licenses/nonexclusive-distrib/1.0/
11627,2411.19795v1,2411.19795,train,fill_blank_50,arxiv-nonexclusive,http://arxiv.org/licenses/nonexclusive-distrib/1.0/
10685,2508.04171v1,2508.04171,train,MCQ,arxiv-nonexclusive,http://arxiv.org/licenses/nonexclusive-distrib/1.0/
1980,2504.07436v1,2504.07436,train,MCQ,arxiv-nonexclusive,http://arxiv.org/licenses/nonexclusive-distrib/1.0/
4568,2506.07799v1,2506.07799,train,fill_blank_75,arxiv-nonexclusive,http://arxiv.org/licenses/nonexclusive-distrib/1.0/
10095,2009.09380v1,2009.09380,train,MCQ,arxiv-nonexclusive,http://arxiv.org/licenses/nonexclusive-distrib/1.0/
13299,2407.06227v2,2407.06227,train,fill_blank_100,arxiv-nonexclusive,http://arxiv.org/licenses/nonexclusive-distrib/1.0/
19101,2406.19930v3,2406.19930,train,fill_blank_25,arxiv-nonexclusive,http://arxiv.org/licenses/nonexclusive-distrib/1.0/
12493,2401.08624v1,2401.08624,train,fill_blank_75,arxiv-nonexclusive,http://arxiv.org/licenses/nonexclusive-distrib/1.0/
7929,2506.12599v3,2506.12599,train,fill_blank_100,arxiv-nonexclusive,http://arxiv.org/licenses/nonexclusive-distrib/1.0/
5495,2507.20657v1,2507.20657,train,MCQ,arxiv-nonexclusive,http://arxiv.org/licenses/nonexclusive-distrib/1.0/
6112,2506.23488v1,2506.23488,train,fill_blank_50,arxiv-nonexclusive,http://arxiv.org/licenses/nonexclusive-distrib/1.0/
9279,2309.04161v2,2309.04161,train,fill_blank_100,arxiv-nonexclusive,http://arxiv.org/licenses/nonexclusive-distrib/1.0/
11735,2407.03280v1,2407.03280,train,MCQ,arxiv-nonexclusive,http://arxiv.org/licenses/nonexclusive-distrib/1.0/
19009,2502.16267v1,2502.16267,train,fill_blank_100,arxiv-nonexclusive,http://arxiv.org/licenses/nonexclusive-distrib/1.0/
12630,2412.19071v1,2412.19071,train,MCQ,arxiv-nonexclusive,http://arxiv.org/licenses/nonexclusive-distrib/1.0/
11077,2501.17883v1,2501.17883,train,fill_blank_50,arxiv-nonexclusive,http://arxiv.org/licenses/nonexclusive-distrib/1.0/
12192,2205.03182v1,2205.03182,train,fill_blank_50,arxiv-nonexclusive,http://arxiv.org/licenses/nonexclusive-distrib/1.0/
13829,2206.03250v1,2206.03250,train,fill_blank_100,arxiv-nonexclusive,http://arxiv.org/licenses/nonexclusive-distrib/1.0/
13450,2206.13007v1,2206.13007,train,MCQ,arxiv-nonexclusive,http://arxiv.org/licenses/nonexclusive-distrib/1.0/
15274,2508.08002v1,2508.08002,train,fill_blank_100,arxiv-nonexclusive,http://arxiv.org/licenses/nonexclusive-distrib/1.0/
5580,2504.09743v1,2504.09743,train,MCQ,arxiv-nonexclusive,http://arxiv.org/licenses/nonexclusive-distrib/1.0/
9962,2006.12238v1,2006.12238,train,fill_blank_50,arxiv-nonexclusive,http://arxiv.org/licenses/nonexclusive-distrib/1.0/
4762,2503.10525v1,2503.10525,train,fill_blank_50,arxiv-nonexclusive,http://arxiv.org/licenses/nonexclusive-distrib/1.0/
3426,2508.00409v1,2508.00409,train,fill_blank_25,arxiv-nonexclusive,http://arxiv.org/licenses/nonexclusive-distrib/1.0/
15368,2208.10653v1,2208.10653,train,fill_blank_75,arxiv-nonexclusive,http://arxiv.org/licenses/nonexclusive-distrib/1.0/
16078,2402.01665v1,2402.01665,train,fill_blank_75,arxiv-nonexclusive,http://arxiv.org/licenses/nonexclusive-distrib/1.0/
8023,2507.16132v1,2507.16132,train,fill_blank_75,arxiv-nonexclusive,http://arxiv.org/licenses/nonexclusive-distrib/1.0/
18784,2409.09590v1,2409.09590,train,fill_blank_100,arxiv-nonexclusive,http://arxiv.org/licenses/nonexclusive-distrib/1.0/
224,2508.04570v1,2508.04570,train,fill_blank_100,cc-by-nc-nd,http://creativecommons.org/licenses/by-nc-nd/4.0/
5362,2505.00549v1,2505.00549,train,fill_blank_50,arxiv-nonexclusive,http://arxiv.org/licenses/nonexclusive-distrib/1.0/
5620,1708.03792v1,1708.03792,train,MCQ,arxiv-nonexclusive,http://arxiv.org/licenses/nonexclusive-distrib/1.0/
5463,2207.08737v2,2207.08737,train,fill_blank_75,arxiv-nonexclusive,http://arxiv.org/licenses/nonexclusive-distrib/1.0/
1688,2508.14753v1,2508.14753,train,fill_blank_75,cc-by-nc-nd,http://creativecommons.org/licenses/by-nc-nd/4.0/
5648,2405.00141v1,2405.00141,train,fill_blank_75,cc-by-nc-nd,http://creativecommons.org/licenses/by-nc-nd/4.0/
3584,2506.13003v1,2506.13003,train,fill_blank_100,arxiv-nonexclusive,http://arxiv.org/licenses/nonexclusive-distrib/1.0/
16304,2305.02074v2,2305.02074,train,fill_blank_100,arxiv-nonexclusive,http://arxiv.org/licenses/nonexclusive-distrib/1.0/
4946,2507.03848v1,2507.03848,train,fill_blank_25,arxiv-nonexclusive,http://arxiv.org/licenses/nonexclusive-distrib/1.0/
9473,2101.04249v2,2101.04249,train,fill_blank_75,cc-by-nc-nd,http://creativecommons.org/licenses/by-nc-nd/4.0/
11631,2411.19795v1,2411.19795,train,fill_blank_25,arxiv-nonexclusive,http://arxiv.org/licenses/nonexclusive-distrib/1.0/
1559,2507.14210v1,2507.14210,train,fill_blank_100,arxiv-nonexclusive,http://arxiv.org/licenses/nonexclusive-distrib/1.0/
1309,2505.07555v1,2505.07555,train,fill_blank_100,arxiv-nonexclusive,http://arxiv.org/licenses/nonexclusive-distrib/1.0/
9926,2210.08829v1,2210.08829,train,fill_blank_25,arxiv-nonexclusive,http://arxiv.org/licenses/nonexclusive-distrib/1.0/
13247,2402.16591v1,2402.16591,train,fill_blank_50,arxiv-nonexclusive,http://arxiv.org/licenses/nonexclusive-distrib/1.0/
18029,2411.00374v3,2411.00374,train,fill_blank_100,arxiv-nonexclusive,http://arxiv.org/licenses/nonexclusive-distrib/1.0/
16186,2107.01582v1,2107.01582,train,fill_blank_25,arxiv-nonexclusive,http://arxiv.org/licenses/nonexclusive-distrib/1.0/
11846,2010.13171v1,2010.13171,train,fill_blank_25,arxiv-nonexclusive,http://arxiv.org/licenses/nonexclusive-distrib/1.0/
1330,2507.15914v1,2507.15914,train,MCQ,arxiv-nonexclusive,http://arxiv.org/licenses/nonexclusive-distrib/1.0/
8514,2506.22252v2,2506.22252,train,fill_blank_100,arxiv-nonexclusive,http://arxiv.org/licenses/nonexclusive-distrib/1.0/
10891,2204.07037v2,2204.07037,train,fill_blank_25,cc-by-nc-nd,http://creativecommons.org/licenses/by-nc-nd/4.0/
6926,2411.07485v1,2411.07485,train,fill_blank_25,arxiv-nonexclusive,http://arxiv.org/licenses/nonexclusive-distrib/1.0/
15997,2106.04636v1,2106.04636,train,fill_blank_50,arxiv-nonexclusive,http://arxiv.org/licenses/nonexclusive-distrib/1.0/
5612,1708.03792v1,1708.03792,train,fill_blank_50,arxiv-nonexclusive,http://arxiv.org/licenses/nonexclusive-distrib/1.0/
9908,2210.08829v1,2210.08829,train,fill_blank_75,arxiv-nonexclusive,http://arxiv.org/licenses/nonexclusive-distrib/1.0/
7299,2407.16483v2,2407.16483,train,fill_blank_100,arxiv-nonexclusive,http://arxiv.org/licenses/nonexclusive-distrib/1.0/
12327,2006.13087v1,2006.13087,train,fill_blank_50,arxiv-nonexclusive,http://arxiv.org/licenses/nonexclusive-distrib/1.0/
11463,2410.04681v1,2410.04681,train,fill_blank_75,arxiv-nonexclusive,http://arxiv.org/licenses/nonexclusive-distrib/1.0/
15933,1902.07860v1,1902.07860,train,fill_blank_75,arxiv-nonexclusive,http://arxiv.org/licenses/nonexclusive-distrib/1.0/
2038,2505.07893v1,2505.07893,train,fill_blank_75,cc-by-nc-nd,http://creativecommons.org/licenses/by-nc-nd/4.0/
11460,2410.04681v1,2410.04681,train,MCQ,arxiv-nonexclusive,http://arxiv.org/licenses/nonexclusive-distrib/1.0/
16346,2010.01002v1,2010.01002,train,fill_blank_25,arxiv-nonexclusive,http://arxiv.org/licenses/nonexclusive-distrib/1.0/
8926,2212.10748v1,2212.10748,train,fill_blank_25,arxiv-nonexclusive,http://arxiv.org/licenses/nonexclusive-distrib/1.0/
16189,2107.01582v1,2107.01582,train,fill_blank_100,arxiv-nonexclusive,http://arxiv.org/licenses/nonexclusive-distrib/1.0/
4961,2507.03848v1,2507.03848,train,fill_blank_25,arxiv-nonexclusive,http://arxiv.org/licenses/nonexclusive-distrib/1.0/
5932,2506.19456v1,2506.19456,train,fill_blank_50,arxiv-nonexclusive,http://arxiv.org/licenses/nonexclusive-distrib/1.0/
13571,2105.11834v1,2105.11834,train,fill_blank_25,arxiv-nonexclusive,http://arxiv.org/licenses/nonexclusive-distrib/1.0/
9369,2305.10302v1,2305.10302,train,fill_blank_100,arxiv-nonexclusive,http://arxiv.org/licenses/nonexclusive-distrib/1.0/
4114,2508.02950v1,2508.02950,train,fill_blank_100,arxiv-nonexclusive,http://arxiv.org/licenses/nonexclusive-distrib/1.0/
1915,2507.13037v1,2507.13037,train,MCQ,arxiv-nonexclusive,http://arxiv.org/licenses/nonexclusive-distrib/1.0/
18245,1006.3537v1,1006.3537,train,MCQ,arxiv-nonexclusive,http://arxiv.org/licenses/nonexclusive-distrib/1.0/
10731,2111.09413v1,2111.09413,train,fill_blank_25,arxiv-nonexclusive,http://arxiv.org/licenses/nonexclusive-distrib/1.0/
9784,2310.06604v2,2310.06604,train,fill_blank_100,arxiv-nonexclusive,http://arxiv.org/licenses/nonexclusive-distrib/1.0/
18499,2101.06948v1,2101.06948,train,fill_blank_100,arxiv-nonexclusive,http://arxiv.org/licenses/nonexclusive-distrib/1.0/
13267,2306.08532v1,2306.08532,train,fill_blank_50,arxiv-nonexclusive,http://arxiv.org/licenses/nonexclusive-distrib/1.0/
4174,2505.18534v1,2505.18534,train,fill_blank_100,cc-by-nc-nd,http://creativecommons.org/licenses/by-nc-nd/4.0/
9845,2502.06128v2,2502.06128,train,MCQ,arxiv-nonexclusive,http://arxiv.org/licenses/nonexclusive-distrib/1.0/
10460,2411.11028v2,2411.11028,train,MCQ,arxiv-nonexclusive,http://arxiv.org/licenses/nonexclusive-distrib/1.0/
5583,2504.09743v1,2504.09743,train,fill_blank_75,arxiv-nonexclusive,http://arxiv.org/licenses/nonexclusive-distrib/1.0/
3964,2508.11792v1,2508.11792,train,fill_blank_100,arxiv-nonexclusive,http://arxiv.org/licenses/nonexclusive-distrib/1.0/
12859,1903.04243v1,1903.04243,train,fill_blank_100,arxiv-nonexclusive,http://arxiv.org/licenses/nonexclusive-distrib/1.0/
13253,2402.16591v1,2402.16591,train,fill_blank_75,arxiv-nonexclusive,http://arxiv.org/licenses/nonexclusive-distrib/1.0/
1448,2507.03928v1,2507.03928,train,fill_blank_75,arxiv-nonexclusive,http://arxiv.org/licenses/nonexclusive-distrib/1.0/
14925,2101.06016v1,2101.06016,train,MCQ,arxiv-nonexclusive,http://arxiv.org/licenses/nonexclusive-distrib/1.0/
16351,2010.01002v1,2010.01002,train,fill_blank_25,arxiv-nonexclusive,http://arxiv.org/licenses/nonexclusive-distrib/1.0/
3763,2504.09178v1,2504.09178,train,fill_blank_75,arxiv-nonexclusive,http://arxiv.org/licenses/nonexclusive-distrib/1.0/
10760,2501.10182v1,2501.10182,train,MCQ,arxiv-nonexclusive,http://arxiv.org/licenses/nonexclusive-distrib/1.0/
11915,1611.08938v1,1611.08938,train,MCQ,arxiv-nonexclusive,http://arxiv.org/licenses/nonexclusive-distrib/1.0/
5215,2508.00234v1,2508.00234,train,MCQ,arxiv-nonexclusive,http://arxiv.org/licenses/nonexclusive-distrib/1.0/
15324,2311.12273v1,2311.12273,train,fill_blank_100,arxiv-nonexclusive,http://arxiv.org/licenses/nonexclusive-distrib/1.0/
9242,2407.19299v3,2407.19299,train,fill_blank_50,cc-by-nc-nd,http://creativecommons.org/licenses/by-nc-nd/4.0/
4884,2507.12019v1,2507.12019,train,fill_blank_100,arxiv-nonexclusive,http://arxiv.org/licenses/nonexclusive-distrib/1.0/
16327,2309.11917v2,2309.11917,train,fill_blank_50,arxiv-nonexclusive,http://arxiv.org/licenses/nonexclusive-distrib/1.0/
220,2508.04570v1,2508.04570,train,MCQ,cc-by-nc-nd,http://creativecommons.org/licenses/by-nc-nd/4.0/
6262,2501.01837v1,2501.01837,train,fill_blank_50,arxiv-nonexclusive,http://arxiv.org/licenses/nonexclusive-distrib/1.0/
13106,2411.07086v1,2411.07086,train,fill_blank_25,arxiv-nonexclusive,http://arxiv.org/licenses/nonexclusive-distrib/1.0/
12039,2501.00732v1,2501.00732,train,fill_blank_100,cc-by-nc-nd,http://creativecommons.org/licenses/by-nc-nd/4.0/
5645,2405.00141v1,2405.00141,train,MCQ,cc-by-nc-nd,http://creativecommons.org/licenses/by-nc-nd/4.0/
12618,2412.19071v1,2412.19071,train,fill_blank_75,arxiv-nonexclusive,http://arxiv.org/licenses/nonexclusive-distrib/1.0/
8587,2507.08507v1,2507.08507,train,fill_blank_50,arxiv-nonexclusive,http://arxiv.org/licenses/nonexclusive-distrib/1.0/
17131,2501.02335v3,2501.02335,train,fill_blank_25,arxiv-nonexclusive,http://arxiv.org/licenses/nonexclusive-distrib/1.0/
7423,2508.08225v1,2508.08225,train,fill_blank_75,arxiv-nonexclusive,http://arxiv.org/licenses/nonexclusive-distrib/1.0/
12362,2302.00156v1,2302.00156,train,fill_blank_50,cc-by-nc-nd,http://creativecommons.org/licenses/by-nc-nd/4.0/
1766,2506.07532v1,2506.07532,train,fill_blank_25,arxiv-nonexclusive,http://arxiv.org/licenses/nonexclusive-distrib/1.0/
16969,2104.03131v1,2104.03131,train,fill_blank_100,arxiv-nonexclusive,http://arxiv.org/licenses/nonexclusive-distrib/1.0/
18372,2304.03594v1,2304.03594,train,fill_blank_50,cc-by-nc-nd,http://creativecommons.org/licenses/by-nc-nd/4.0/
4673,2506.07880v1,2506.07880,train,fill_blank_75,cc-by-nc-nd,http://creativecommons.org/licenses/by-nc-nd/4.0/
9933,2104.15132v3,2104.15132,train,fill_blank_75,cc-by-nc-nd,http://creativecommons.org/licenses/by-nc-nd/4.0/
8405,2505.21691v2,2505.21691,train,MCQ,arxiv-nonexclusive,http://arxiv.org/licenses/nonexclusive-distrib/1.0/
3581,2506.13003v1,2506.13003,train,fill_blank_25,arxiv-nonexclusive,http://arxiv.org/licenses/nonexclusive-distrib/1.0/
16170,1107.0234v1,1107.0234,train,MCQ,arxiv-nonexclusive,http://arxiv.org/licenses/nonexclusive-distrib/1.0/
987,2409.08525v1,2409.08525,train,fill_blank_50,arxiv-nonexclusive,http://arxiv.org/licenses/nonexclusive-distrib/1.0/
1063,2505.03556v1,2505.03556,train,fill_blank_75,arxiv-nonexclusive,http://arxiv.org/licenses/nonexclusive-distrib/1.0/
10690,2508.04171v1,2508.04171,train,MCQ,arxiv-nonexclusive,http://arxiv.org/licenses/nonexclusive-distrib/1.0/
11975,2106.16079v1,2106.16079,train,MCQ,arxiv-nonexclusive,http://arxiv.org/licenses/nonexclusive-distrib/1.0/
5489,2507.20657v1,2507.20657,train,fill_blank_100,arxiv-nonexclusive,http://arxiv.org/licenses/nonexclusive-distrib/1.0/
16955,2104.03131v1,2104.03131,train,MCQ,arxiv-nonexclusive,http://arxiv.org/licenses/nonexclusive-distrib/1.0/
7362,2508.07572v2,2508.07572,train,fill_blank_50,arxiv-nonexclusive,http://arxiv.org/licenses/nonexclusive-distrib/1.0/
9644,1004.1997v1,1004.1997,train,fill_blank_100,arxiv-nonexclusive,http://arxiv.org/licenses/nonexclusive-distrib/1.0/
7964,2505.04453v1,2505.04453,train,fill_blank_100,arxiv-nonexclusive,http://arxiv.org/licenses/nonexclusive-distrib/1.0/
14868,0901.1123v1,0901.1123,train,fill_blank_75,arxiv-nonexclusive,http://arxiv.org/licenses/nonexclusive-distrib/1.0/
12127,2310.07853v1,2310.07853,train,fill_blank_50,arxiv-nonexclusive,http://arxiv.org/licenses/nonexclusive-distrib/1.0/
357,2504.01676v1,2504.01676,train,fill_blank_50,arxiv-nonexclusive,http://arxiv.org/licenses/nonexclusive-distrib/1.0/
2906,2507.13826v1,2507.13826,train,fill_blank_25,arxiv-nonexclusive,http://arxiv.org/licenses/nonexclusive-distrib/1.0/
8388,2505.08221v2,2505.08221,train,fill_blank_75,arxiv-nonexclusive,http://arxiv.org/licenses/nonexclusive-distrib/1.0/
13774,2407.11265v1,2407.11265,train,fill_blank_100,arxiv-nonexclusive,http://arxiv.org/licenses/nonexclusive-distrib/1.0/
16188,2107.01582v1,2107.01582,train,fill_blank_75,arxiv-nonexclusive,http://arxiv.org/licenses/nonexclusive-distrib/1.0/
14169,2305.18309v1,2305.18309,train,fill_blank_100,arxiv-nonexclusive,http://arxiv.org/licenses/nonexclusive-distrib/1.0/
5093,2505.09028v1,2505.09028,train,fill_blank_75,arxiv-nonexclusive,http://arxiv.org/licenses/nonexclusive-distrib/1.0/
11094,2403.17810v1,2403.17810,train,fill_blank_100,arxiv-nonexclusive,http://arxiv.org/licenses/nonexclusive-distrib/1.0/
9375,2412.14616v1,2412.14616,train,MCQ,arxiv-nonexclusive,http://arxiv.org/licenses/nonexclusive-distrib/1.0/
13408,2501.17808v1,2501.17808,train,fill_blank_75,cc-by-nc-nd,http://creativecommons.org/licenses/by-nc-nd/4.0/
18323,2405.14046v2,2405.14046,train,fill_blank_75,arxiv-nonexclusive,http://arxiv.org/licenses/nonexclusive-distrib/1.0/
12417,2502.01482v1,2502.01482,train,fill_blank_50,arxiv-nonexclusive,http://arxiv.org/licenses/nonexclusive-distrib/1.0/
12289,2507.14035v1,2507.14035,train,fill_blank_100,arxiv-nonexclusive,http://arxiv.org/licenses/nonexclusive-distrib/1.0/
11044,2412.19811v1,2412.19811,train,fill_blank_100,arxiv-nonexclusive,http://arxiv.org/licenses/nonexclusive-distrib/1.0/
11466,2410.04681v1,2410.04681,train,fill_blank_25,arxiv-nonexclusive,http://arxiv.org/licenses/nonexclusive-distrib/1.0/
7188,2503.21102v1,2503.21102,train,fill_blank_75,arxiv-nonexclusive,http://arxiv.org/licenses/nonexclusive-distrib/1.0/
6969,2504.00975v3,2504.00975,train,fill_blank_100,arxiv-nonexclusive,http://arxiv.org/licenses/nonexclusive-distrib/1.0/
2593,2312.04418v2,2312.04418,train,fill_blank_75,arxiv-nonexclusive,http://arxiv.org/licenses/nonexclusive-distrib/1.0/
18654,2411.17056v2,2411.17056,train,fill_blank_100,arxiv-nonexclusive,http://arxiv.org/licenses/nonexclusive-distrib/1.0/
6803,2505.08298v1,2505.08298,train,fill_blank_75,arxiv-nonexclusive,http://arxiv.org/licenses/nonexclusive-distrib/1.0/
3689,2505.15403v1,2505.15403,train,fill_blank_100,arxiv-nonexclusive,http://arxiv.org/licenses/nonexclusive-distrib/1.0/
8191,1003.5309v1,1003.5309,train,fill_blank_25,arxiv-nonexclusive,http://arxiv.org/licenses/nonexclusive-distrib/1.0/
14970,2406.14107v1,2406.14107,train,MCQ,arxiv-nonexclusive,http://arxiv.org/licenses/nonexclusive-distrib/1.0/
13589,2105.11834v1,2105.11834,train,fill_blank_100,arxiv-nonexclusive,http://arxiv.org/licenses/nonexclusive-distrib/1.0/
17236,2412.00442v1,2412.00442,train,fill_blank_25,cc-by-nc-nd,http://creativecommons.org/licenses/by-nc-nd/4.0/
8275,2507.10113v1,2507.10113,train,MCQ,arxiv-nonexclusive,http://arxiv.org/licenses/nonexclusive-distrib/1.0/
11437,2405.12236v2,2405.12236,train,fill_blank_50,arxiv-nonexclusive,http://arxiv.org/licenses/nonexclusive-distrib/1.0/
9414,1410.5076v2,1410.5076,train,fill_blank_100,arxiv-nonexclusive,http://arxiv.org/licenses/nonexclusive-distrib/1.0/
4188,2505.18534v1,2505.18534,train,fill_blank_75,cc-by-nc-nd,http://creativecommons.org/licenses/by-nc-nd/4.0/
1551,2507.14210v1,2507.14210,train,fill_blank_25,arxiv-nonexclusive,http://arxiv.org/licenses/nonexclusive-distrib/1.0/
9635,1004.1997v1,1004.1997,train,MCQ,arxiv-nonexclusive,http://arxiv.org/licenses/nonexclusive-distrib/1.0/
10738,2111.09413v1,2111.09413,train,fill_blank_75,arxiv-nonexclusive,http://arxiv.org/licenses/nonexclusive-distrib/1.0/
3767,2504.09178v1,2504.09178,train,fill_blank_50,arxiv-nonexclusive,http://arxiv.org/licenses/nonexclusive-distrib/1.0/
14808,2003.03674v3,2003.03674,train,fill_blank_75,arxiv-nonexclusive,http://arxiv.org/licenses/nonexclusive-distrib/1.0/
1569,2403.18326v1,2403.18326,train,fill_blank_100,arxiv-nonexclusive,http://arxiv.org/licenses/nonexclusive-distrib/1.0/
8929,2212.10748v1,2212.10748,train,fill_blank_100,arxiv-nonexclusive,http://arxiv.org/licenses/nonexclusive-distrib/1.0/
12643,2206.02308v1,2206.02308,train,fill_blank_75,cc-by-nc-nd,http://creativecommons.org/licenses/by-nc-nd/4.0/
19004,2502.16267v1,2502.16267,train,fill_blank_100,arxiv-nonexclusive,http://arxiv.org/licenses/nonexclusive-distrib/1.0/
5598,2508.15375v1,2508.15375,train,fill_blank_75,arxiv-nonexclusive,http://arxiv.org/licenses/nonexclusive-distrib/1.0/
9103,2010.03413v1,2010.03413,train,fill_blank_75,arxiv-nonexclusive,http://arxiv.org/licenses/nonexclusive-distrib/1.0/
7591,2508.04556v1,2508.04556,train,fill_blank_25,cc-by-nc-nd,http://creativecommons.org/licenses/by-nc-nd/4.0/
13142,2203.13621v2,2203.13621,train,fill_blank_50,arxiv-nonexclusive,http://arxiv.org/licenses/nonexclusive-distrib/1.0/
12189,2205.03182v1,2205.03182,train,fill_blank_100,arxiv-nonexclusive,http://arxiv.org/licenses/nonexclusive-distrib/1.0/
15294,2508.08002v1,2508.08002,train,fill_blank_100,arxiv-nonexclusive,http://arxiv.org/licenses/nonexclusive-distrib/1.0/
68,2505.02964v1,2505.02964,train,fill_blank_75,arxiv-nonexclusive,http://arxiv.org/licenses/nonexclusive-distrib/1.0/
15309,2312.16918v3,2312.16918,train,fill_blank_100,arxiv-nonexclusive,http://arxiv.org/licenses/nonexclusive-distrib/1.0/
8220,2507.03918v1,2507.03918,train,MCQ,arxiv-nonexclusive,http://arxiv.org/licenses/nonexclusive-distrib/1.0/
12002,2108.11697v1,2108.11697,train,fill_blank_50,arxiv-nonexclusive,http://arxiv.org/licenses/nonexclusive-distrib/1.0/
16620,2110.14585v2,2110.14585,train,MCQ,cc-by-nc-nd,http://creativecommons.org/licenses/by-nc-nd/4.0/
16439,2404.10605v1,2404.10605,train,fill_blank_100,arxiv-nonexclusive,http://arxiv.org/licenses/nonexclusive-distrib/1.0/
5199,2203.04090v3,2203.04090,train,fill_blank_100,cc-by-nc-nd,http://creativecommons.org/licenses/by-nc-nd/4.0/
17128,2501.02335v3,2501.02335,train,fill_blank_75,arxiv-nonexclusive,http://arxiv.org/licenses/nonexclusive-distrib/1.0/
12293,2507.14035v1,2507.14035,train,fill_blank_75,arxiv-nonexclusive,http://arxiv.org/licenses/nonexclusive-distrib/1.0/
383,2506.23045v2,2506.23045,train,fill_blank_75,arxiv-nonexclusive,http://arxiv.org/licenses/nonexclusive-distrib/1.0/
10280,2507.12917v2,2507.12917,train,MCQ,arxiv-nonexclusive,http://arxiv.org/licenses/nonexclusive-distrib/1.0/
10903,2204.07037v2,2204.07037,train,fill_blank_75,cc-by-nc-nd,http://creativecommons.org/licenses/by-nc-nd/4.0/
5288,2508.03391v1,2508.03391,train,fill_blank_75,arxiv-nonexclusive,http://arxiv.org/licenses/nonexclusive-distrib/1.0/
6059,2312.08162v1,2312.08162,train,fill_blank_100,arxiv-nonexclusive,http://arxiv.org/licenses/nonexclusive-distrib/1.0/
5338,2503.07471v1,2503.07471,train,fill_blank_75,cc-by-nc-nd,http://creativecommons.org/licenses/by-nc-nd/4.0/
10982,2404.15643v1,2404.15643,train,fill_blank_50,arxiv-nonexclusive,http://arxiv.org/licenses/nonexclusive-distrib/1.0/
13104,2411.07086v1,2411.07086,train,fill_blank_100,arxiv-nonexclusive,http://arxiv.org/licenses/nonexclusive-distrib/1.0/
5613,1708.03792v1,1708.03792,train,fill_blank_75,arxiv-nonexclusive,http://arxiv.org/licenses/nonexclusive-distrib/1.0/
10617,2406.03086v1,2406.03086,train,fill_blank_50,arxiv-nonexclusive,http://arxiv.org/licenses/nonexclusive-distrib/1.0/
5606,2508.15375v1,2508.15375,train,fill_blank_25,arxiv-nonexclusive,http://arxiv.org/licenses/nonexclusive-distrib/1.0/
4717,2507.12593v2,2507.12593,train,fill_blank_50,arxiv-nonexclusive,http://arxiv.org/licenses/nonexclusive-distrib/1.0/
10188,2401.10396v1,2401.10396,train,fill_blank_75,cc-by-nc-nd,http://creativecommons.org/licenses/by-nc-nd/4.0/
9935,2104.15132v3,2104.15132,train,MCQ,cc-by-nc-nd,http://creativecommons.org/licenses/by-nc-nd/4.0/
17594,2109.12711v1,2109.12711,train,fill_blank_100,arxiv-nonexclusive,http://arxiv.org/licenses/nonexclusive-distrib/1.0/
16942,2404.15099v1,2404.15099,train,fill_blank_50,arxiv-nonexclusive,http://arxiv.org/licenses/nonexclusive-distrib/1.0/
14992,2407.00933v1,2407.00933,train,fill_blank_50,arxiv-nonexclusive,http://arxiv.org/licenses/nonexclusive-distrib/1.0/
3804,2506.19376v1,2506.19376,train,fill_blank_100,arxiv-nonexclusive,http://arxiv.org/licenses/nonexclusive-distrib/1.0/
8745,2508.12248v2,2508.12248,train,MCQ,arxiv-nonexclusive,http://arxiv.org/licenses/nonexclusive-distrib/1.0/
6993,2504.18168v1,2504.18168,train,fill_blank_75,arxiv-nonexclusive,http://arxiv.org/licenses/nonexclusive-distrib/1.0/
6470,2009.12533v1,2009.12533,train,MCQ,arxiv-nonexclusive,http://arxiv.org/licenses/nonexclusive-distrib/1.0/
13195,2107.03434v2,2107.03434,train,MCQ,arxiv-nonexclusive,http://arxiv.org/licenses/nonexclusive-distrib/1.0/
5467,2207.08737v2,2207.08737,train,fill_blank_50,arxiv-nonexclusive,http://arxiv.org/licenses/nonexclusive-distrib/1.0/
9773,2202.08448v1,2202.08448,train,fill_blank_75,arxiv-nonexclusive,http://arxiv.org/licenses/nonexclusive-distrib/1.0/
17400,2501.08825v1,2501.08825,train,MCQ,arxiv-nonexclusive,http://arxiv.org/licenses/nonexclusive-distrib/1.0/
13598,1912.07860v1,1912.07860,train,fill_blank_75,arxiv-nonexclusive,http://arxiv.org/licenses/nonexclusive-distrib/1.0/
10999,2303.14351v1,2303.14351,train,fill_blank_100,arxiv-nonexclusive,http://arxiv.org/licenses/nonexclusive-distrib/1.0/
11745,2407.03280v1,2407.03280,train,MCQ,arxiv-nonexclusive,http://arxiv.org/licenses/nonexclusive-distrib/1.0/
11093,2403.17810v1,2403.17810,train,fill_blank_75,arxiv-nonexclusive,http://arxiv.org/licenses/nonexclusive-distrib/1.0/
5198,2203.04090v3,2203.04090,train,fill_blank_75,cc-by-nc-nd,http://creativecommons.org/licenses/by-nc-nd/4.0/
4006,2508.04075v1,2508.04075,train,fill_blank_25,arxiv-nonexclusive,http://arxiv.org/licenses/nonexclusive-distrib/1.0/
9770,2202.08448v1,2202.08448,train,MCQ,arxiv-nonexclusive,http://arxiv.org/licenses/nonexclusive-distrib/1.0/
10241,2405.20168v1,2405.20168,train,fill_blank_25,arxiv-nonexclusive,http://arxiv.org/licenses/nonexclusive-distrib/1.0/
1768,2506.07532v1,2506.07532,train,fill_blank_75,arxiv-nonexclusive,http://arxiv.org/licenses/nonexclusive-distrib/1.0/
14916,2309.13545v1,2309.13545,train,fill_blank_25,arxiv-nonexclusive,http://arxiv.org/licenses/nonexclusive-distrib/1.0/
300,2508.04322v1,2508.04322,train,MCQ,arxiv-nonexclusive,http://arxiv.org/licenses/nonexclusive-distrib/1.0/
6928,2411.07485v1,2411.07485,train,fill_blank_75,arxiv-nonexclusive,http://arxiv.org/licenses/nonexclusive-distrib/1.0/
15088,2403.00605v1,2403.00605,train,fill_blank_75,arxiv-nonexclusive,http://arxiv.org/licenses/nonexclusive-distrib/1.0/
10602,2501.08100v1,2501.08100,train,fill_blank_50,arxiv-nonexclusive,http://arxiv.org/licenses/nonexclusive-distrib/1.0/
18772,2409.09590v1,2409.09590,train,fill_blank_50,arxiv-nonexclusive,http://arxiv.org/licenses/nonexclusive-distrib/1.0/
15648,2405.12432v1,2405.12432,train,fill_blank_75,arxiv-nonexclusive,http://arxiv.org/licenses/nonexclusive-distrib/1.0/
12947,2309.08844v1,2309.08844,train,fill_blank_50,arxiv-nonexclusive,http://arxiv.org/licenses/nonexclusive-distrib/1.0/
6772,2506.21966v1,2506.21966,train,fill_blank_50,arxiv-nonexclusive,http://arxiv.org/licenses/nonexclusive-distrib/1.0/
1327,2507.15914v1,2507.15914,train,fill_blank_50,arxiv-nonexclusive,http://arxiv.org/licenses/nonexclusive-distrib/1.0/
3864,2506.11351v1,2506.11351,train,fill_blank_100,arxiv-nonexclusive,http://arxiv.org/licenses/nonexclusive-distrib/1.0/
18249,1006.3537v1,1006.3537,train,fill_blank_100,arxiv-nonexclusive,http://arxiv.org/licenses/nonexclusive-distrib/1.0/
3793,2506.19376v1,2506.19376,train,fill_blank_75,arxiv-nonexclusive,http://arxiv.org/licenses/nonexclusive-distrib/1.0/
12177,2412.06861v2,2412.06861,train,fill_blank_50,arxiv-nonexclusive,http://arxiv.org/licenses/nonexclusive-distrib/1.0/
6347,2506.22465v1,2506.22465,train,fill_blank_50,arxiv-nonexclusive,http://arxiv.org/licenses/nonexclusive-distrib/1.0/
2379,2508.14445v1,2508.14445,train,fill_blank_100,arxiv-nonexclusive,http://arxiv.org/licenses/nonexclusive-distrib/1.0/
9088,2405.02818v1,2405.02818,train,fill_blank_75,arxiv-nonexclusive,http://arxiv.org/licenses/nonexclusive-distrib/1.0/
15722,2412.15597v2,2412.15597,train,fill_blank_50,arxiv-nonexclusive,http://arxiv.org/licenses/nonexclusive-distrib/1.0/
16077,2402.01665v1,2402.01665,train,fill_blank_50,arxiv-nonexclusive,http://arxiv.org/licenses/nonexclusive-distrib/1.0/
17107,2501.02335v3,2501.02335,train,fill_blank_50,arxiv-nonexclusive,http://arxiv.org/licenses/nonexclusive-distrib/1.0/
2760,2507.20524v1,2507.20524,train,MCQ,arxiv-nonexclusive,http://arxiv.org/licenses/nonexclusive-distrib/1.0/
14923,2101.06016v1,2101.06016,train,fill_blank_75,arxiv-nonexclusive,http://arxiv.org/licenses/nonexclusive-distrib/1.0/
2794,2506.04804v1,2506.04804,train,fill_blank_100,arxiv-nonexclusive,http://arxiv.org/licenses/nonexclusive-distrib/1.0/
10672,1301.1215v1,1301.1215,train,fill_blank_50,arxiv-nonexclusive,http://arxiv.org/licenses/nonexclusive-distrib/1.0/
10746,2203.10783v1,2203.10783,train,fill_blank_25,arxiv-nonexclusive,http://arxiv.org/licenses/nonexclusive-distrib/1.0/
10168,2406.16280v1,2406.16280,train,fill_blank_75,arxiv-nonexclusive,http://arxiv.org/licenses/nonexclusive-distrib/1.0/
1707,2508.14753v1,2508.14753,train,fill_blank_50,cc-by-nc-nd,http://creativecommons.org/licenses/by-nc-nd/4.0/
7118,2508.01635v1,2508.01635,train,fill_blank_75,arxiv-nonexclusive,http://arxiv.org/licenses/nonexclusive-distrib/1.0/
15383,2208.10653v1,2208.10653,train,fill_blank_75,arxiv-nonexclusive,http://arxiv.org/licenses/nonexclusive-distrib/1.0/
6981,2504.18168v1,2504.18168,train,fill_blank_25,arxiv-nonexclusive,http://arxiv.org/licenses/nonexclusive-distrib/1.0/
3315,2507.07474v1,2507.07474,train,MCQ,cc-by-nc-nd,http://creativecommons.org/licenses/by-nc-nd/4.0/
9372,2412.14616v1,2412.14616,train,fill_blank_50,arxiv-nonexclusive,http://arxiv.org/licenses/nonexclusive-distrib/1.0/
12625,2412.19071v1,2412.19071,train,MCQ,arxiv-nonexclusive,http://arxiv.org/licenses/nonexclusive-distrib/1.0/
6354,2506.22465v1,2506.22465,train,fill_blank_100,arxiv-nonexclusive,http://arxiv.org/licenses/nonexclusive-distrib/1.0/
19250,2307.11181v1,2307.11181,train,MCQ,arxiv-nonexclusive,http://arxiv.org/licenses/nonexclusive-distrib/1.0/
2187,2505.23154v1,2505.23154,train,fill_blank_50,cc-by-nc-nd,http://creativecommons.org/licenses/by-nc-nd/4.0/
12013,2112.08861v2,2112.08861,train,fill_blank_75,cc-by-nc-nd,http://creativecommons.org/licenses/by-nc-nd/4.0/
9989,2402.06814v1,2402.06814,train,fill_blank_100,arxiv-nonexclusive,http://arxiv.org/licenses/nonexclusive-distrib/1.0/
6094,2505.21408v1,2505.21408,train,fill_blank_100,arxiv-nonexclusive,http://arxiv.org/licenses/nonexclusive-distrib/1.0/
14089,2210.14152v3,2210.14152,train,fill_blank_100,arxiv-nonexclusive,http://arxiv.org/licenses/nonexclusive-distrib/1.0/
18349,2508.03417v1,2508.03417,train,fill_blank_100,arxiv-nonexclusive,http://arxiv.org/licenses/nonexclusive-distrib/1.0/
4335,2506.04833v1,2506.04833,train,MCQ,arxiv-nonexclusive,http://arxiv.org/licenses/nonexclusive-distrib/1.0/
18295,2501.06355v1,2501.06355,train,MCQ,arxiv-nonexclusive,http://arxiv.org/licenses/nonexclusive-distrib/1.0/
9105,2010.03413v1,2010.03413,train,MCQ,arxiv-nonexclusive,http://arxiv.org/licenses/nonexclusive-distrib/1.0/
1391,2506.03063v1,2506.03063,train,fill_blank_25,arxiv-nonexclusive,http://arxiv.org/licenses/nonexclusive-distrib/1.0/
14057,2405.06368v4,2405.06368,train,fill_blank_50,cc-by-nc-nd,http://creativecommons.org/licenses/by-nc-nd/4.0/
3377,2507.13130v1,2507.13130,train,fill_blank_50,arxiv-nonexclusive,http://arxiv.org/licenses/nonexclusive-distrib/1.0/
6783,2506.21966v1,2506.21966,train,fill_blank_75,arxiv-nonexclusive,http://arxiv.org/licenses/nonexclusive-distrib/1.0/
7143,2401.15344v1,2401.15344,train,fill_blank_75,arxiv-nonexclusive,http://arxiv.org/licenses/nonexclusive-distrib/1.0/
3863,2506.11351v1,2506.11351,train,fill_blank_75,arxiv-nonexclusive,http://arxiv.org/licenses/nonexclusive-distrib/1.0/
5993,2506.16808v1,2506.16808,train,fill_blank_75,arxiv-nonexclusive,http://arxiv.org/licenses/nonexclusive-distrib/1.0/
18252,1006.3537v1,1006.3537,train,fill_blank_50,arxiv-nonexclusive,http://arxiv.org/licenses/nonexclusive-distrib/1.0/
6167,2209.12253v3,2209.12253,train,fill_blank_50,arxiv-nonexclusive,http://arxiv.org/licenses/nonexclusive-distrib/1.0/
15679,2409.17295v1,2409.17295,train,fill_blank_100,arxiv-nonexclusive,http://arxiv.org/licenses/nonexclusive-distrib/1.0/
5275,2508.03391v1,2508.03391,train,MCQ,arxiv-nonexclusive,http://arxiv.org/licenses/nonexclusive-distrib/1.0/
3847,2506.11351v1,2506.11351,train,fill_blank_50,arxiv-nonexclusive,http://arxiv.org/licenses/nonexclusive-distrib/1.0/
13647,2306.00544v3,2306.00544,train,fill_blank_50,arxiv-nonexclusive,http://arxiv.org/licenses/nonexclusive-distrib/1.0/
7930,2506.12599v3,2506.12599,train,MCQ,arxiv-nonexclusive,http://arxiv.org/licenses/nonexclusive-distrib/1.0/
8906,2306.06404v1,2306.06404,train,fill_blank_25,arxiv-nonexclusive,http://arxiv.org/licenses/nonexclusive-distrib/1.0/
263,2504.07119v1,2504.07119,train,fill_blank_75,arxiv-nonexclusive,http://arxiv.org/licenses/nonexclusive-distrib/1.0/
3292,2504.15079v2,2504.15079,train,fill_blank_50,arxiv-nonexclusive,http://arxiv.org/licenses/nonexclusive-distrib/1.0/
7146,2401.15344v1,2401.15344,train,fill_blank_25,arxiv-nonexclusive,http://arxiv.org/licenses/nonexclusive-distrib/1.0/
5474,2207.08737v2,2207.08737,train,fill_blank_100,arxiv-nonexclusive,http://arxiv.org/licenses/nonexclusive-distrib/1.0/
4443,2506.22445v1,2506.22445,train,fill_blank_75,arxiv-nonexclusive,http://arxiv.org/licenses/nonexclusive-distrib/1.0/
8703,2506.03813v1,2506.03813,train,fill_blank_75,arxiv-nonexclusive,http://arxiv.org/licenses/nonexclusive-distrib/1.0/
11690,2108.10414v1,2108.10414,train,MCQ,arxiv-nonexclusive,http://arxiv.org/licenses/nonexclusive-distrib/1.0/
13594,1912.07860v1,1912.07860,train,fill_blank_100,arxiv-nonexclusive,http://arxiv.org/licenses/nonexclusive-distrib/1.0/
6704,2508.09159v2,2508.09159,train,fill_blank_100,arxiv-nonexclusive,http://arxiv.org/licenses/nonexclusive-distrib/1.0/
6784,2506.21966v1,2506.21966,train,fill_blank_100,arxiv-nonexclusive,http://arxiv.org/licenses/nonexclusive-distrib/1.0/
12718,2403.08900v1,2403.08900,train,fill_blank_75,arxiv-nonexclusive,http://arxiv.org/licenses/nonexclusive-distrib/1.0/
1423,2507.03928v1,2507.03928,train,fill_blank_75,arxiv-nonexclusive,http://arxiv.org/licenses/nonexclusive-distrib/1.0/
5353,2503.07471v1,2503.07471,train,fill_blank_75,cc-by-nc-nd,http://creativecommons.org/licenses/by-nc-nd/4.0/
273,2312.08599v1,2312.08599,train,fill_blank_75,arxiv-nonexclusive,http://arxiv.org/licenses/nonexclusive-distrib/1.0/
210,2505.11509v1,2505.11509,train,MCQ,cc-by-nc-nd,http://creativecommons.org/licenses/by-nc-nd/4.0/
16824,2211.09599v1,2211.09599,train,fill_blank_100,arxiv-nonexclusive,http://arxiv.org/licenses/nonexclusive-distrib/1.0/
18254,1006.3537v1,1006.3537,train,fill_blank_100,arxiv-nonexclusive,http://arxiv.org/licenses/nonexclusive-distrib/1.0/
13419,2501.17808v1,2501.17808,train,fill_blank_100,cc-by-nc-nd,http://creativecommons.org/licenses/by-nc-nd/4.0/
7273,2504.10798v1,2504.10798,train,fill_blank_75,arxiv-nonexclusive,http://arxiv.org/licenses/nonexclusive-distrib/1.0/
9389,2409.19155v1,2409.19155,train,fill_blank_100,arxiv-nonexclusive,http://arxiv.org/licenses/nonexclusive-distrib/1.0/
10413,2502.09857v1,2502.09857,train,fill_blank_75,arxiv-nonexclusive,http://arxiv.org/licenses/nonexclusive-distrib/1.0/
13180,2107.03434v2,2107.03434,train,MCQ,arxiv-nonexclusive,http://arxiv.org/licenses/nonexclusive-distrib/1.0/
11579,1801.05868v1,1801.05868,train,fill_blank_100,arxiv-nonexclusive,http://arxiv.org/licenses/nonexclusive-distrib/1.0/
12387,1508.00691v1,1508.00691,train,fill_blank_50,arxiv-nonexclusive,http://arxiv.org/licenses/nonexclusive-distrib/1.0/
9207,2304.14232v4,2304.14232,train,fill_blank_50,arxiv-nonexclusive,http://arxiv.org/licenses/nonexclusive-distrib/1.0/
3384,2507.13130v1,2507.13130,train,fill_blank_100,arxiv-nonexclusive,http://arxiv.org/licenses/nonexclusive-distrib/1.0/
12845,1903.04243v1,1903.04243,train,MCQ,arxiv-nonexclusive,http://arxiv.org/licenses/nonexclusive-distrib/1.0/
190,2508.03579v2,2508.03579,train,MCQ,arxiv-nonexclusive,http://arxiv.org/licenses/nonexclusive-distrib/1.0/
7244,2503.06376v1,2503.06376,train,fill_blank_100,cc-by-nc-nd,http://creativecommons.org/licenses/by-nc-nd/4.0/
16408,2010.11840v1,2010.11840,train,fill_blank_75,arxiv-nonexclusive,http://arxiv.org/licenses/nonexclusive-distrib/1.0/
18378,2304.03594v1,2304.03594,train,fill_blank_75,cc-by-nc-nd,http://creativecommons.org/licenses/by-nc-nd/4.0/
10173,2406.16280v1,2406.16280,train,fill_blank_75,arxiv-nonexclusive,http://arxiv.org/licenses/nonexclusive-distrib/1.0/
1933,2507.03950v1,2507.03950,train,fill_blank_75,arxiv-nonexclusive,http://arxiv.org/licenses/nonexclusive-distrib/1.0/
18578,2406.00690v1,2406.00690,train,fill_blank_75,arxiv-nonexclusive,http://arxiv.org/licenses/nonexclusive-distrib/1.0/
2793,2506.04804v1,2506.04804,train,fill_blank_75,arxiv-nonexclusive,http://arxiv.org/licenses/nonexclusive-distrib/1.0/
8689,2504.21181v1,2504.21181,train,fill_blank_100,cc-by-nc-nd,http://creativecommons.org/licenses/by-nc-nd/4.0/
9789,2310.06604v2,2310.06604,train,fill_blank_100,arxiv-nonexclusive,http://arxiv.org/licenses/nonexclusive-distrib/1.0/
12951,2309.08844v1,2309.08844,train,fill_blank_25,arxiv-nonexclusive,http://arxiv.org/licenses/nonexclusive-distrib/1.0/
2328,2206.02109v2,2206.02109,train,fill_blank_75,arxiv-nonexclusive,http://arxiv.org/licenses/nonexclusive-distrib/1.0/
4729,2507.12593v2,2507.12593,train,fill_blank_100,arxiv-nonexclusive,http://arxiv.org/licenses/nonexclusive-distrib/1.0/
10189,2401.10396v1,2401.10396,train,fill_blank_100,cc-by-nc-nd,http://creativecommons.org/licenses/by-nc-nd/4.0/
7943,2506.12599v3,2506.12599,train,fill_blank_75,arxiv-nonexclusive,http://arxiv.org/licenses/nonexclusive-distrib/1.0/
5622,1708.03792v1,1708.03792,train,fill_blank_50,arxiv-nonexclusive,http://arxiv.org/licenses/nonexclusive-distrib/1.0/
4616,2101.05215v1,2101.05215,train,fill_blank_25,cc-by-nc-nd,http://creativecommons.org/licenses/by-nc-nd/4.0/
11568,2410.09588v1,2410.09588,train,fill_blank_75,arxiv-nonexclusive,http://arxiv.org/licenses/nonexclusive-distrib/1.0/
5106,2210.17530v1,2210.17530,train,fill_blank_25,arxiv-nonexclusive,http://arxiv.org/licenses/nonexclusive-distrib/1.0/
7524,2507.05042v1,2507.05042,train,fill_blank_100,arxiv-nonexclusive,http://arxiv.org/licenses/nonexclusive-distrib/1.0/
10108,2009.09380v1,2009.09380,train,fill_blank_75,arxiv-nonexclusive,http://arxiv.org/licenses/nonexclusive-distrib/1.0/
10740,2111.09413v1,2111.09413,train,MCQ,arxiv-nonexclusive,http://arxiv.org/licenses/nonexclusive-distrib/1.0/
4497,2508.09532v1,2508.09532,train,fill_blank_50,arxiv-nonexclusive,http://arxiv.org/licenses/nonexclusive-distrib/1.0/
3445,2507.20504v1,2507.20504,train,MCQ,arxiv-nonexclusive,http://arxiv.org/licenses/nonexclusive-distrib/1.0/
11569,2410.09588v1,2410.09588,train,fill_blank_100,arxiv-nonexclusive,http://arxiv.org/licenses/nonexclusive-distrib/1.0/
4438,2506.01400v1,2506.01400,train,fill_blank_75,arxiv-nonexclusive,http://arxiv.org/licenses/nonexclusive-distrib/1.0/
9094,2010.03413v1,2010.03413,train,fill_blank_100,arxiv-nonexclusive,http://arxiv.org/licenses/nonexclusive-distrib/1.0/
8708,2506.03813v1,2506.03813,train,fill_blank_75,arxiv-nonexclusive,http://arxiv.org/licenses/nonexclusive-distrib/1.0/
16597,2409.06946v1,2409.06946,train,fill_blank_50,arxiv-nonexclusive,http://arxiv.org/licenses/nonexclusive-distrib/1.0/
1361,2108.07165v1,2108.07165,train,fill_blank_25,arxiv-nonexclusive,http://arxiv.org/licenses/nonexclusive-distrib/1.0/
767,2209.11483v3,2209.11483,train,fill_blank_50,cc-by-nc-nd,http://creativecommons.org/licenses/by-nc-nd/4.0/
16344,2010.01002v1,2010.01002,train,fill_blank_100,arxiv-nonexclusive,http://arxiv.org/licenses/nonexclusive-distrib/1.0/
3063,2205.03561v1,2205.03561,train,fill_blank_75,arxiv-nonexclusive,http://arxiv.org/licenses/nonexclusive-distrib/1.0/
17133,2501.02335v3,2501.02335,train,fill_blank_75,arxiv-nonexclusive,http://arxiv.org/licenses/nonexclusive-distrib/1.0/
179,2503.04148v1,2503.04148,train,fill_blank_100,arxiv-nonexclusive,http://arxiv.org/licenses/nonexclusive-distrib/1.0/
16614,2110.14585v2,2110.14585,train,fill_blank_100,cc-by-nc-nd,http://creativecommons.org/licenses/by-nc-nd/4.0/
15641,2405.12432v1,2405.12432,train,fill_blank_25,arxiv-nonexclusive,http://arxiv.org/licenses/nonexclusive-distrib/1.0/
16424,2404.10605v1,2404.10605,train,fill_blank_100,arxiv-nonexclusive,http://arxiv.org/licenses/nonexclusive-distrib/1.0/
8068,2508.12215v1,2508.12215,train,fill_blank_75,arxiv-nonexclusive,http://arxiv.org/licenses/nonexclusive-distrib/1.0/
15176,2103.12415v2,2103.12415,train,fill_blank_25,cc-by-nc-nd,http://creativecommons.org/licenses/by-nc-nd/4.0/
5030,2407.07434v1,2407.07434,train,MCQ,arxiv-nonexclusive,http://arxiv.org/licenses/nonexclusive-distrib/1.0/
3437,2507.20504v1,2507.20504,train,fill_blank_50,arxiv-nonexclusive,http://arxiv.org/licenses/nonexclusive-distrib/1.0/
4095,2508.02950v1,2508.02950,train,MCQ,arxiv-nonexclusive,http://arxiv.org/licenses/nonexclusive-distrib/1.0/
1937,2507.03950v1,2507.03950,train,fill_blank_50,arxiv-nonexclusive,http://arxiv.org/licenses/nonexclusive-distrib/1.0/
9482,2101.04249v2,2101.04249,train,fill_blank_50,cc-by-nc-nd,http://creativecommons.org/licenses/by-nc-nd/4.0/
6992,2504.18168v1,2504.18168,train,fill_blank_50,arxiv-nonexclusive,http://arxiv.org/licenses/nonexclusive-distrib/1.0/
12940,2309.08844v1,2309.08844,train,MCQ,arxiv-nonexclusive,http://arxiv.org/licenses/nonexclusive-distrib/1.0/
7320,2407.16483v2,2407.16483,train,MCQ,arxiv-nonexclusive,http://arxiv.org/licenses/nonexclusive-distrib/1.0/
5086,2505.09028v1,2505.09028,test,fill_blank_25,arxiv-nonexclusive,http://arxiv.org/licenses/nonexclusive-distrib/1.0/
17703,2205.12073v2,2205.12073,test,fill_blank_75,arxiv-nonexclusive,http://arxiv.org/licenses/nonexclusive-distrib/1.0/
17445,2407.10986v2,2407.10986,test,MCQ,arxiv-nonexclusive,http://arxiv.org/licenses/nonexclusive-distrib/1.0/
7539,2507.05042v1,2507.05042,test,fill_blank_100,arxiv-nonexclusive,http://arxiv.org/licenses/nonexclusive-distrib/1.0/
4098,2508.02950v1,2508.02950,test,fill_blank_75,arxiv-nonexclusive,http://arxiv.org/licenses/nonexclusive-distrib/1.0/
11404,2305.17575v1,2305.17575,test,fill_blank_100,cc-by-nc-nd,http://creativecommons.org/licenses/by-nc-nd/4.0/
15377,2208.10653v1,2208.10653,test,fill_blank_50,arxiv-nonexclusive,http://arxiv.org/licenses/nonexclusive-distrib/1.0/
15092,2403.00605v1,2403.00605,test,fill_blank_50,arxiv-nonexclusive,http://arxiv.org/licenses/nonexclusive-distrib/1.0/
10758,2203.10783v1,2203.10783,test,fill_blank_75,arxiv-nonexclusive,http://arxiv.org/licenses/nonexclusive-distrib/1.0/
8946,2305.10184v1,2305.10184,test,fill_blank_25,arxiv-nonexclusive,http://arxiv.org/licenses/nonexclusive-distrib/1.0/
5399,2308.15696v1,2308.15696,test,fill_blank_100,arxiv-nonexclusive,http://arxiv.org/licenses/nonexclusive-distrib/1.0/
10187,2401.10396v1,2401.10396,test,fill_blank_50,cc-by-nc-nd,http://creativecommons.org/licenses/by-nc-nd/4.0/
10484,2410.08726v1,2410.08726,test,fill_blank_100,arxiv-nonexclusive,http://arxiv.org/licenses/nonexclusive-distrib/1.0/
4769,2503.10525v1,2503.10525,test,fill_blank_100,arxiv-nonexclusive,http://arxiv.org/licenses/nonexclusive-distrib/1.0/
4892,2505.19843v1,2505.19843,test,fill_blank_50,arxiv-nonexclusive,http://arxiv.org/licenses/nonexclusive-distrib/1.0/
12430,2411.09906v2,2411.09906,test,MCQ,arxiv-nonexclusive,http://arxiv.org/licenses/nonexclusive-distrib/1.0/
4904,2505.19843v1,2505.19843,test,fill_blank_100,arxiv-nonexclusive,http://arxiv.org/licenses/nonexclusive-distrib/1.0/
15727,2412.15597v2,2412.15597,test,fill_blank_50,arxiv-nonexclusive,http://arxiv.org/licenses/nonexclusive-distrib/1.0/
7728,2407.01957v1,2407.01957,test,fill_blank_75,arxiv-nonexclusive,http://arxiv.org/licenses/nonexclusive-distrib/1.0/
1104,2506.22844v1,2506.22844,test,fill_blank_100,arxiv-nonexclusive,http://arxiv.org/licenses/nonexclusive-distrib/1.0/
4886,2507.12019v1,2507.12019,test,fill_blank_25,arxiv-nonexclusive,http://arxiv.org/licenses/nonexclusive-distrib/1.0/
15987,2012.01726v1,2012.01726,test,fill_blank_50,arxiv-nonexclusive,http://arxiv.org/licenses/nonexclusive-distrib/1.0/
9135,2212.04061v1,2212.04061,test,MCQ,arxiv-nonexclusive,http://arxiv.org/licenses/nonexclusive-distrib/1.0/
5582,2504.09743v1,2504.09743,test,fill_blank_50,arxiv-nonexclusive,http://arxiv.org/licenses/nonexclusive-distrib/1.0/
7402,2411.10960v1,2411.10960,test,fill_blank_50,arxiv-nonexclusive,http://arxiv.org/licenses/nonexclusive-distrib/1.0/
17020,2405.19771v2,2405.19771,test,MCQ,arxiv-nonexclusive,http://arxiv.org/licenses/nonexclusive-distrib/1.0/
12488,2401.08624v1,2401.08624,test,fill_blank_75,arxiv-nonexclusive,http://arxiv.org/licenses/nonexclusive-distrib/1.0/
3953,2508.11792v1,2508.11792,test,fill_blank_75,arxiv-nonexclusive,http://arxiv.org/licenses/nonexclusive-distrib/1.0/
8164,2110.12224v2,2110.12224,test,fill_blank_100,arxiv-nonexclusive,http://arxiv.org/licenses/nonexclusive-distrib/1.0/
16348,2010.01002v1,2010.01002,test,fill_blank_75,arxiv-nonexclusive,http://arxiv.org/licenses/nonexclusive-distrib/1.0/
16677,2410.11495v3,2410.11495,test,fill_blank_50,cc-by-nc-nd,http://creativecommons.org/licenses/by-nc-nd/4.0/
5659,2405.00141v1,2405.00141,test,fill_blank_100,cc-by-nc-nd,http://creativecommons.org/licenses/by-nc-nd/4.0/
5480,2207.08737v2,2207.08737,test,MCQ,arxiv-nonexclusive,http://arxiv.org/licenses/nonexclusive-distrib/1.0/
7594,2508.04556v1,2508.04556,test,fill_blank_100,cc-by-nc-nd,http://creativecommons.org/licenses/by-nc-nd/4.0/
5104,2505.09028v1,2505.09028,test,fill_blank_100,arxiv-nonexclusive,http://arxiv.org/licenses/nonexclusive-distrib/1.0/
10275,2507.12917v2,2507.12917,test,MCQ,arxiv-nonexclusive,http://arxiv.org/licenses/nonexclusive-distrib/1.0/
6528,2505.11321v1,2505.11321,test,fill_blank_75,arxiv-nonexclusive,http://arxiv.org/licenses/nonexclusive-distrib/1.0/
1710,2409.11191v1,2409.11191,test,MCQ,arxiv-nonexclusive,http://arxiv.org/licenses/nonexclusive-distrib/1.0/
4836,2207.03001v1,2207.03001,test,fill_blank_25,arxiv-nonexclusive,http://arxiv.org/licenses/nonexclusive-distrib/1.0/
7425,2508.08225v1,2508.08225,test,MCQ,arxiv-nonexclusive,http://arxiv.org/licenses/nonexclusive-distrib/1.0/
12012,2112.08861v2,2112.08861,test,fill_blank_50,cc-by-nc-nd,http://creativecommons.org/licenses/by-nc-nd/4.0/
9211,2304.14232v4,2304.14232,test,fill_blank_25,arxiv-nonexclusive,http://arxiv.org/licenses/nonexclusive-distrib/1.0/
11438,2405.12236v2,2405.12236,test,fill_blank_75,arxiv-nonexclusive,http://arxiv.org/licenses/nonexclusive-distrib/1.0/
17230,2412.00442v1,2412.00442,test,MCQ,cc-by-nc-nd,http://creativecommons.org/licenses/by-nc-nd/4.0/
16324,2309.11917v2,2309.11917,test,fill_blank_100,arxiv-nonexclusive,http://arxiv.org/licenses/nonexclusive-distrib/1.0/
6346,2506.22465v1,2506.22465,test,fill_blank_25,arxiv-nonexclusive,http://arxiv.org/licenses/nonexclusive-distrib/1.0/
825,2504.09799v1,2504.09799,test,MCQ,arxiv-nonexclusive,http://arxiv.org/licenses/nonexclusive-distrib/1.0/
17109,2501.02335v3,2501.02335,test,fill_blank_100,arxiv-nonexclusive,http://arxiv.org/licenses/nonexclusive-distrib/1.0/
5039,2503.22378v1,2503.22378,test,fill_blank_100,arxiv-nonexclusive,http://arxiv.org/licenses/nonexclusive-distrib/1.0/
4238,2312.13683v1,2312.13683,test,fill_blank_75,arxiv-nonexclusive,http://arxiv.org/licenses/nonexclusive-distrib/1.0/
6169,2209.12253v3,2209.12253,test,fill_blank_100,arxiv-nonexclusive,http://arxiv.org/licenses/nonexclusive-distrib/1.0/
108,2507.01581v1,2507.01581,test,fill_blank_75,arxiv-nonexclusive,http://arxiv.org/licenses/nonexclusive-distrib/1.0/
9373,2412.14616v1,2412.14616,test,fill_blank_75,arxiv-nonexclusive,http://arxiv.org/licenses/nonexclusive-distrib/1.0/
1908,2507.13037v1,2507.13037,test,fill_blank_75,arxiv-nonexclusive,http://arxiv.org/licenses/nonexclusive-distrib/1.0/
16180,1107.0234v1,1107.0234,test,MCQ,arxiv-nonexclusive,http://arxiv.org/licenses/nonexclusive-distrib/1.0/
16859,2411.11998v1,2411.11998,test,fill_blank_100,arxiv-nonexclusive,http://arxiv.org/licenses/nonexclusive-distrib/1.0/
9983,2402.06814v1,2402.06814,test,fill_blank_75,arxiv-nonexclusive,http://arxiv.org/licenses/nonexclusive-distrib/1.0/
15049,2502.01137v1,2502.01137,test,fill_blank_100,arxiv-nonexclusive,http://arxiv.org/licenses/nonexclusive-distrib/1.0/
9442,2203.05152v1,2203.05152,test,fill_blank_50,arxiv-nonexclusive,http://arxiv.org/licenses/nonexclusive-distrib/1.0/
6466,2009.12533v1,2009.12533,test,fill_blank_25,arxiv-nonexclusive,http://arxiv.org/licenses/nonexclusive-distrib/1.0/
4003,2508.04075v1,2508.04075,test,fill_blank_75,arxiv-nonexclusive,http://arxiv.org/licenses/nonexclusive-distrib/1.0/
7528,2507.05042v1,2507.05042,test,fill_blank_75,arxiv-nonexclusive,http://arxiv.org/licenses/nonexclusive-distrib/1.0/
8065,2508.12215v1,2508.12215,test,MCQ,arxiv-nonexclusive,http://arxiv.org/licenses/nonexclusive-distrib/1.0/
13838,2206.03250v1,2206.03250,test,fill_blank_75,arxiv-nonexclusive,http://arxiv.org/licenses/nonexclusive-distrib/1.0/
9504,2306.15590v2,2306.15590,test,fill_blank_100,arxiv-nonexclusive,http://arxiv.org/licenses/nonexclusive-distrib/1.0/
10545,2009.08346v2,2009.08346,test,MCQ,arxiv-nonexclusive,http://arxiv.org/licenses/nonexclusive-distrib/1.0/
19050,2407.13749v3,2407.13749,test,MCQ,arxiv-nonexclusive,http://arxiv.org/licenses/nonexclusive-distrib/1.0/
15681,2409.17295v1,2409.17295,test,fill_blank_25,arxiv-nonexclusive,http://arxiv.org/licenses/nonexclusive-distrib/1.0/
15527,2408.15772v1,2408.15772,test,fill_blank_50,arxiv-nonexclusive,http://arxiv.org/licenses/nonexclusive-distrib/1.0/
12919,2010.07216v1,2010.07216,test,fill_blank_100,arxiv-nonexclusive,http://arxiv.org/licenses/nonexclusive-distrib/1.0/
13583,2105.11834v1,2105.11834,test,fill_blank_75,arxiv-nonexclusive,http://arxiv.org/licenses/nonexclusive-distrib/1.0/
8863,2207.04744v1,2207.04744,test,fill_blank_75,cc-by-nc-nd,http://creativecommons.org/licenses/by-nc-nd/4.0/
5608,2508.15375v1,2508.15375,test,fill_blank_75,arxiv-nonexclusive,http://arxiv.org/licenses/nonexclusive-distrib/1.0/
7144,2401.15344v1,2401.15344,test,fill_blank_100,arxiv-nonexclusive,http://arxiv.org/licenses/nonexclusive-distrib/1.0/
8432,2506.22094v1,2506.22094,test,fill_blank_50,cc-by-nc-nd,http://creativecommons.org/licenses/by-nc-nd/4.0/
18593,2105.04107v3,2105.04107,test,fill_blank_75,arxiv-nonexclusive,http://arxiv.org/licenses/nonexclusive-distrib/1.0/
1817,2505.02446v1,2505.02446,test,fill_blank_50,arxiv-nonexclusive,http://arxiv.org/licenses/nonexclusive-distrib/1.0/
9406,1410.5076v2,1410.5076,test,fill_blank_25,arxiv-nonexclusive,http://arxiv.org/licenses/nonexclusive-distrib/1.0/
6105,2506.23488v1,2506.23488,test,MCQ,arxiv-nonexclusive,http://arxiv.org/licenses/nonexclusive-distrib/1.0/
3903,1008.1380v1,1008.1380,test,fill_blank_75,arxiv-nonexclusive,http://arxiv.org/licenses/nonexclusive-distrib/1.0/
11779,2402.06306v1,2402.06306,test,fill_blank_100,arxiv-nonexclusive,http://arxiv.org/licenses/nonexclusive-distrib/1.0/
4239,2312.13683v1,2312.13683,test,fill_blank_100,arxiv-nonexclusive,http://arxiv.org/licenses/nonexclusive-distrib/1.0/
2719,2506.08930v1,2506.08930,test,fill_blank_100,arxiv-nonexclusive,http://arxiv.org/licenses/nonexclusive-distrib/1.0/
3853,2506.11351v1,2506.11351,test,fill_blank_75,arxiv-nonexclusive,http://arxiv.org/licenses/nonexclusive-distrib/1.0/
8707,2506.03813v1,2506.03813,test,fill_blank_50,arxiv-nonexclusive,http://arxiv.org/licenses/nonexclusive-distrib/1.0/
2787,2506.04804v1,2506.04804,test,fill_blank_50,arxiv-nonexclusive,http://arxiv.org/licenses/nonexclusive-distrib/1.0/
12309,2104.01402v1,2104.01402,test,fill_blank_100,cc-by-nc-nd,http://creativecommons.org/licenses/by-nc-nd/4.0/
10896,2204.07037v2,2204.07037,test,fill_blank_25,cc-by-nc-nd,http://creativecommons.org/licenses/by-nc-nd/4.0/
5278,2508.03391v1,2508.03391,test,fill_blank_75,arxiv-nonexclusive,http://arxiv.org/licenses/nonexclusive-distrib/1.0/
283,2312.08599v1,2312.08599,test,fill_blank_75,arxiv-nonexclusive,http://arxiv.org/licenses/nonexclusive-distrib/1.0/
3190,2505.06256v1,2505.06256,test,MCQ,arxiv-nonexclusive,http://arxiv.org/licenses/nonexclusive-distrib/1.0/
12044,2501.00732v1,2501.00732,test,fill_blank_100,cc-by-nc-nd,http://creativecommons.org/licenses/by-nc-nd/4.0/
9474,2101.04249v2,2101.04249,test,fill_blank_100,cc-by-nc-nd,http://creativecommons.org/licenses/by-nc-nd/4.0/
3758,2504.09178v1,2504.09178,test,fill_blank_75,arxiv-nonexclusive,http://arxiv.org/licenses/nonexclusive-distrib/1.0/
10470,2411.11028v2,2411.11028,test,MCQ,arxiv-nonexclusive,http://arxiv.org/licenses/nonexclusive-distrib/1.0/
5581,2504.09743v1,2504.09743,test,fill_blank_25,arxiv-nonexclusive,http://arxiv.org/licenses/nonexclusive-distrib/1.0/
9785,2310.06604v2,2310.06604,test,MCQ,arxiv-nonexclusive,http://arxiv.org/licenses/nonexclusive-distrib/1.0/
8439,2506.22094v1,2506.22094,test,fill_blank_100,cc-by-nc-nd,http://creativecommons.org/licenses/by-nc-nd/4.0/
3304,2507.07474v1,2507.07474,test,fill_blank_100,cc-by-nc-nd,http://creativecommons.org/licenses/by-nc-nd/4.0/
211,2505.11509v1,2505.11509,test,fill_blank_25,cc-by-nc-nd,http://creativecommons.org/licenses/by-nc-nd/4.0/
9598,2404.05477v2,2404.05477,test,fill_blank_75,arxiv-nonexclusive,http://arxiv.org/licenses/nonexclusive-distrib/1.0/
7514,2507.05042v1,2507.05042,test,fill_blank_100,arxiv-nonexclusive,http://arxiv.org/licenses/nonexclusive-distrib/1.0/
18315,2405.14046v2,2405.14046,test,MCQ,arxiv-nonexclusive,http://arxiv.org/licenses/nonexclusive-distrib/1.0/
797,2501.02271v1,2501.02271,test,fill_blank_50,arxiv-nonexclusive,http://arxiv.org/licenses/nonexclusive-distrib/1.0/
1403,2401.15756v1,2401.15756,test,fill_blank_75,arxiv-nonexclusive,http://arxiv.org/licenses/nonexclusive-distrib/1.0/
9629,2202.11696v1,2202.11696,test,fill_blank_100,arxiv-nonexclusive,http://arxiv.org/licenses/nonexclusive-distrib/1.0/
12789,2108.11123v1,2108.11123,test,fill_blank_100,arxiv-nonexclusive,http://arxiv.org/licenses/nonexclusive-distrib/1.0/
3912,2507.15515v1,2507.15515,test,fill_blank_50,arxiv-nonexclusive,http://arxiv.org/licenses/nonexclusive-distrib/1.0/
3332,2506.04594v1,2506.04594,test,fill_blank_50,arxiv-nonexclusive,http://arxiv.org/licenses/nonexclusive-distrib/1.0/
14129,2206.08306v1,2206.08306,test,fill_blank_100,cc-by-nc-nd,http://creativecommons.org/licenses/by-nc-nd/4.0/
2724,2506.08930v1,2506.08930,test,fill_blank_100,arxiv-nonexclusive,http://arxiv.org/licenses/nonexclusive-distrib/1.0/
7727,2407.01957v1,2407.01957,test,fill_blank_50,arxiv-nonexclusive,http://arxiv.org/licenses/nonexclusive-distrib/1.0/
17343,2403.02942v2,2403.02942,test,fill_blank_75,arxiv-nonexclusive,http://arxiv.org/licenses/nonexclusive-distrib/1.0/
6494,2505.08079v3,2505.08079,test,fill_blank_100,arxiv-nonexclusive,http://arxiv.org/licenses/nonexclusive-distrib/1.0/
11127,2405.10553v1,2405.10553,test,fill_blank_50,arxiv-nonexclusive,http://arxiv.org/licenses/nonexclusive-distrib/1.0/
8002,2206.03108v1,2206.03108,test,fill_blank_50,arxiv-nonexclusive,http://arxiv.org/licenses/nonexclusive-distrib/1.0/
9384,2412.14616v1,2412.14616,test,fill_blank_100,arxiv-nonexclusive,http://arxiv.org/licenses/nonexclusive-distrib/1.0/
15322,2311.12273v1,2311.12273,test,fill_blank_50,arxiv-nonexclusive,http://arxiv.org/licenses/nonexclusive-distrib/1.0/
759,2209.11483v3,2209.11483,test,fill_blank_100,cc-by-nc-nd,http://creativecommons.org/licenses/by-nc-nd/4.0/
18793,2409.09590v1,2409.09590,test,fill_blank_75,arxiv-nonexclusive,http://arxiv.org/licenses/nonexclusive-distrib/1.0/
1685,2508.14753v1,2508.14753,test,MCQ,cc-by-nc-nd,http://creativecommons.org/licenses/by-nc-nd/4.0/
9438,2203.05152v1,2203.05152,test,fill_blank_75,arxiv-nonexclusive,http://arxiv.org/licenses/nonexclusive-distrib/1.0/
15235,2408.16464v1,2408.16464,test,MCQ,arxiv-nonexclusive,http://arxiv.org/licenses/nonexclusive-distrib/1.0/
7295,2407.16483v2,2407.16483,test,MCQ,arxiv-nonexclusive,http://arxiv.org/licenses/nonexclusive-distrib/1.0/
9911,2210.08829v1,2210.08829,test,fill_blank_25,arxiv-nonexclusive,http://arxiv.org/licenses/nonexclusive-distrib/1.0/
7440,2506.11729v1,2506.11729,test,MCQ,arxiv-nonexclusive,http://arxiv.org/licenses/nonexclusive-distrib/1.0/
208,2505.11509v1,2505.11509,test,fill_blank_75,cc-by-nc-nd,http://creativecommons.org/licenses/by-nc-nd/4.0/
8429,2506.22094v1,2506.22094,test,fill_blank_100,cc-by-nc-nd,http://creativecommons.org/licenses/by-nc-nd/4.0/
12287,2507.14035v1,2507.14035,test,fill_blank_50,arxiv-nonexclusive,http://arxiv.org/licenses/nonexclusive-distrib/1.0/
9857,2502.06128v2,2502.06128,test,fill_blank_50,arxiv-nonexclusive,http://arxiv.org/licenses/nonexclusive-distrib/1.0/
4837,2207.03001v1,2207.03001,test,fill_blank_50,arxiv-nonexclusive,http://arxiv.org/licenses/nonexclusive-distrib/1.0/
18318,2405.14046v2,2405.14046,test,fill_blank_75,arxiv-nonexclusive,http://arxiv.org/licenses/nonexclusive-distrib/1.0/
11479,2405.14691v1,2405.14691,test,fill_blank_100,arxiv-nonexclusive,http://arxiv.org/licenses/nonexclusive-distrib/1.0/
8950,2403.03675v1,2403.03675,test,MCQ,arxiv-nonexclusive,http://arxiv.org/licenses/nonexclusive-distrib/1.0/
18179,2308.04003v2,2308.04003,test,fill_blank_100,arxiv-nonexclusive,http://arxiv.org/licenses/nonexclusive-distrib/1.0/
16303,2305.02074v2,2305.02074,test,fill_blank_75,arxiv-nonexclusive,http://arxiv.org/licenses/nonexclusive-distrib/1.0/
11465,2410.04681v1,2410.04681,test,MCQ,arxiv-nonexclusive,http://arxiv.org/licenses/nonexclusive-distrib/1.0/
1939,2507.03950v1,2507.03950,test,fill_blank_100,arxiv-nonexclusive,http://arxiv.org/licenses/nonexclusive-distrib/1.0/
12636,2206.02308v1,2206.02308,test,fill_blank_25,cc-by-nc-nd,http://creativecommons.org/licenses/by-nc-nd/4.0/
5461,2207.08737v2,2207.08737,test,fill_blank_25,arxiv-nonexclusive,http://arxiv.org/licenses/nonexclusive-distrib/1.0/
18475,2403.00229v1,2403.00229,test,MCQ,arxiv-nonexclusive,http://arxiv.org/licenses/nonexclusive-distrib/1.0/
14935,2101.06016v1,2101.06016,test,MCQ,arxiv-nonexclusive,http://arxiv.org/licenses/nonexclusive-distrib/1.0/
4821,2207.03001v1,2207.03001,test,fill_blank_25,arxiv-nonexclusive,http://arxiv.org/licenses/nonexclusive-distrib/1.0/
12397,1508.00691v1,1508.00691,test,fill_blank_50,arxiv-nonexclusive,http://arxiv.org/licenses/nonexclusive-distrib/1.0/
7128,2401.15344v1,2401.15344,test,fill_blank_75,arxiv-nonexclusive,http://arxiv.org/licenses/nonexclusive-distrib/1.0/
10399,2502.09857v1,2502.09857,test,fill_blank_100,arxiv-nonexclusive,http://arxiv.org/licenses/nonexclusive-distrib/1.0/
10083,2403.19705v1,2403.19705,test,fill_blank_75,arxiv-nonexclusive,http://arxiv.org/licenses/nonexclusive-distrib/1.0/
17211,2412.00442v1,2412.00442,test,fill_blank_25,cc-by-nc-nd,http://creativecommons.org/licenses/by-nc-nd/4.0/
9202,2305.16288v2,2305.16288,test,fill_blank_50,cc-by-nc-nd,http://creativecommons.org/licenses/by-nc-nd/4.0/
1322,2507.15914v1,2507.15914,test,fill_blank_50,arxiv-nonexclusive,http://arxiv.org/licenses/nonexclusive-distrib/1.0/
5303,2501.10676v2,2501.10676,test,fill_blank_75,arxiv-nonexclusive,http://arxiv.org/licenses/nonexclusive-distrib/1.0/
18369,2304.03594v1,2304.03594,test,fill_blank_100,cc-by-nc-nd,http://creativecommons.org/licenses/by-nc-nd/4.0/
5897,2505.04893v1,2505.04893,test,fill_blank_50,arxiv-nonexclusive,http://arxiv.org/licenses/nonexclusive-distrib/1.0/
12042,2501.00732v1,2501.00732,test,fill_blank_50,cc-by-nc-nd,http://creativecommons.org/licenses/by-nc-nd/4.0/
16956,2104.03131v1,2104.03131,test,fill_blank_25,arxiv-nonexclusive,http://arxiv.org/licenses/nonexclusive-distrib/1.0/
9448,2101.04249v2,2101.04249,test,fill_blank_75,cc-by-nc-nd,http://creativecommons.org/licenses/by-nc-nd/4.0/
12393,1508.00691v1,1508.00691,test,fill_blank_75,arxiv-nonexclusive,http://arxiv.org/licenses/nonexclusive-distrib/1.0/
1725,2409.11191v1,2409.11191,test,MCQ,arxiv-nonexclusive,http://arxiv.org/licenses/nonexclusive-distrib/1.0/
5329,2503.07471v1,2503.07471,test,fill_blank_100,cc-by-nc-nd,http://creativecommons.org/licenses/by-nc-nd/4.0/
11501,2405.14691v1,2405.14691,test,fill_blank_25,arxiv-nonexclusive,http://arxiv.org/licenses/nonexclusive-distrib/1.0/
13656,2306.00544v3,2306.00544,test,fill_blank_25,arxiv-nonexclusive,http://arxiv.org/licenses/nonexclusive-distrib/1.0/
9423,2203.05152v1,2203.05152,test,fill_blank_75,arxiv-nonexclusive,http://arxiv.org/licenses/nonexclusive-distrib/1.0/
18044,2201.05524v1,2201.05524,test,fill_blank_100,arxiv-nonexclusive,http://arxiv.org/licenses/nonexclusive-distrib/1.0/
5775,1410.0956v1,1410.0956,test,MCQ,arxiv-nonexclusive,http://arxiv.org/licenses/nonexclusive-distrib/1.0/
12382,1508.00691v1,1508.00691,test,fill_blank_50,arxiv-nonexclusive,http://arxiv.org/licenses/nonexclusive-distrib/1.0/
10548,2009.08346v2,2009.08346,test,fill_blank_75,arxiv-nonexclusive,http://arxiv.org/licenses/nonexclusive-distrib/1.0/
15511,2408.15772v1,2408.15772,test,fill_blank_25,arxiv-nonexclusive,http://arxiv.org/licenses/nonexclusive-distrib/1.0/
4464,2506.22445v1,2506.22445,test,fill_blank_100,arxiv-nonexclusive,http://arxiv.org/licenses/nonexclusive-distrib/1.0/
4822,2207.03001v1,2207.03001,test,fill_blank_50,arxiv-nonexclusive,http://arxiv.org/licenses/nonexclusive-distrib/1.0/
18858,2209.06566v2,2209.06566,test,fill_blank_75,arxiv-nonexclusive,http://arxiv.org/licenses/nonexclusive-distrib/1.0/
4454,2506.22445v1,2506.22445,test,fill_blank_100,arxiv-nonexclusive,http://arxiv.org/licenses/nonexclusive-distrib/1.0/
13653,2306.00544v3,2306.00544,test,fill_blank_75,arxiv-nonexclusive,http://arxiv.org/licenses/nonexclusive-distrib/1.0/
1433,2507.03928v1,2507.03928,test,fill_blank_75,arxiv-nonexclusive,http://arxiv.org/licenses/nonexclusive-distrib/1.0/
13663,2306.00544v3,2306.00544,test,fill_blank_75,arxiv-nonexclusive,http://arxiv.org/licenses/nonexclusive-distrib/1.0/
17074,2405.18919v2,2405.18919,test,fill_blank_100,arxiv-nonexclusive,http://arxiv.org/licenses/nonexclusive-distrib/1.0/
12849,1903.04243v1,1903.04243,test,fill_blank_100,arxiv-nonexclusive,http://arxiv.org/licenses/nonexclusive-distrib/1.0/
4777,2504.02211v2,2504.02211,test,fill_blank_50,arxiv-nonexclusive,http://arxiv.org/licenses/nonexclusive-distrib/1.0/
6481,2505.08079v3,2505.08079,test,fill_blank_25,arxiv-nonexclusive,http://arxiv.org/licenses/nonexclusive-distrib/1.0/
1568,2403.18326v1,2403.18326,test,fill_blank_75,arxiv-nonexclusive,http://arxiv.org/licenses/nonexclusive-distrib/1.0/
17653,2310.18180v1,2310.18180,test,fill_blank_75,arxiv-nonexclusive,http://arxiv.org/licenses/nonexclusive-distrib/1.0/
4888,2507.12019v1,2507.12019,test,fill_blank_75,arxiv-nonexclusive,http://arxiv.org/licenses/nonexclusive-distrib/1.0/
18777,2409.09590v1,2409.09590,test,fill_blank_50,arxiv-nonexclusive,http://arxiv.org/licenses/nonexclusive-distrib/1.0/
11126,2405.10553v1,2405.10553,test,fill_blank_25,arxiv-nonexclusive,http://arxiv.org/licenses/nonexclusive-distrib/1.0/
6634,2506.12461v1,2506.12461,test,fill_blank_100,cc-by-nc-nd,http://creativecommons.org/licenses/by-nc-nd/4.0/
7383,2507.17494v1,2507.17494,test,fill_blank_75,arxiv-nonexclusive,http://arxiv.org/licenses/nonexclusive-distrib/1.0/
5298,2508.03391v1,2508.03391,test,fill_blank_75,arxiv-nonexclusive,http://arxiv.org/licenses/nonexclusive-distrib/1.0/
6267,2501.01837v1,2501.01837,test,fill_blank_50,arxiv-nonexclusive,http://arxiv.org/licenses/nonexclusive-distrib/1.0/
2406,2505.01076v2,2505.01076,test,fill_blank_25,arxiv-nonexclusive,http://arxiv.org/licenses/nonexclusive-distrib/1.0/
2624,2508.00274v1,2508.00274,test,fill_blank_100,arxiv-nonexclusive,http://arxiv.org/licenses/nonexclusive-distrib/1.0/
9249,2407.19299v3,2407.19299,test,fill_blank_100,cc-by-nc-nd,http://creativecommons.org/licenses/by-nc-nd/4.0/
9380,2412.14616v1,2412.14616,test,MCQ,arxiv-nonexclusive,http://arxiv.org/licenses/nonexclusive-distrib/1.0/
12187,2205.03182v1,2205.03182,test,fill_blank_50,arxiv-nonexclusive,http://arxiv.org/licenses/nonexclusive-distrib/1.0/
12538,2404.19182v1,2404.19182,test,fill_blank_75,arxiv-nonexclusive,http://arxiv.org/licenses/nonexclusive-distrib/1.0/
18639,2407.07702v1,2407.07702,test,fill_blank_100,arxiv-nonexclusive,http://arxiv.org/licenses/nonexclusive-distrib/1.0/
4176,2505.18534v1,2505.18534,test,fill_blank_25,cc-by-nc-nd,http://creativecommons.org/licenses/by-nc-nd/4.0/
1020,2507.16550v1,2507.16550,test,MCQ,cc-by-nc-nd,http://creativecommons.org/licenses/by-nc-nd/4.0/
8873,2207.04744v1,2207.04744,test,fill_blank_75,cc-by-nc-nd,http://creativecommons.org/licenses/by-nc-nd/4.0/
2352,2507.10207v1,2507.10207,test,fill_blank_50,arxiv-nonexclusive,http://arxiv.org/licenses/nonexclusive-distrib/1.0/
13017,2409.14521v2,2409.14521,test,fill_blank_50,arxiv-nonexclusive,http://arxiv.org/licenses/nonexclusive-distrib/1.0/
16412,2010.11840v1,2010.11840,test,fill_blank_50,arxiv-nonexclusive,http://arxiv.org/licenses/nonexclusive-distrib/1.0/
9468,2101.04249v2,2101.04249,test,fill_blank_75,cc-by-nc-nd,http://creativecommons.org/licenses/by-nc-nd/4.0/
18296,2501.06355v1,2501.06355,test,fill_blank_25,arxiv-nonexclusive,http://arxiv.org/licenses/nonexclusive-distrib/1.0/
762,2209.11483v3,2209.11483,test,fill_blank_50,cc-by-nc-nd,http://creativecommons.org/licenses/by-nc-nd/4.0/
3590,2506.13003v1,2506.13003,test,MCQ,arxiv-nonexclusive,http://arxiv.org/licenses/nonexclusive-distrib/1.0/
1783,2506.07532v1,2506.07532,test,fill_blank_75,arxiv-nonexclusive,http://arxiv.org/licenses/nonexclusive-distrib/1.0/
15231,2408.16464v1,2408.16464,test,fill_blank_25,arxiv-nonexclusive,http://arxiv.org/licenses/nonexclusive-distrib/1.0/
16660,1810.09958v1,1810.09958,test,MCQ,arxiv-nonexclusive,http://arxiv.org/licenses/nonexclusive-distrib/1.0/
10107,2009.09380v1,2009.09380,test,fill_blank_50,arxiv-nonexclusive,http://arxiv.org/licenses/nonexclusive-distrib/1.0/
3525,2202.01946v1,2202.01946,test,MCQ,arxiv-nonexclusive,http://arxiv.org/licenses/nonexclusive-distrib/1.0/
6538,2505.11321v1,2505.11321,test,fill_blank_75,arxiv-nonexclusive,http://arxiv.org/licenses/nonexclusive-distrib/1.0/
3582,2506.13003v1,2506.13003,test,fill_blank_50,arxiv-nonexclusive,http://arxiv.org/licenses/nonexclusive-distrib/1.0/
16055,1706.03721v1,1706.03721,test,MCQ,arxiv-nonexclusive,http://arxiv.org/licenses/nonexclusive-distrib/1.0/
12282,2507.14035v1,2507.14035,test,fill_blank_50,arxiv-nonexclusive,http://arxiv.org/licenses/nonexclusive-distrib/1.0/
16507,2407.13123v2,2407.13123,test,fill_blank_50,arxiv-nonexclusive,http://arxiv.org/licenses/nonexclusive-distrib/1.0/
7055,2508.08022v1,2508.08022,test,MCQ,arxiv-nonexclusive,http://arxiv.org/licenses/nonexclusive-distrib/1.0/
13205,2107.03434v2,2107.03434,test,MCQ,arxiv-nonexclusive,http://arxiv.org/licenses/nonexclusive-distrib/1.0/
417,2507.16666v1,2507.16666,test,fill_blank_50,arxiv-nonexclusive,http://arxiv.org/licenses/nonexclusive-distrib/1.0/
12659,2103.15733v1,2103.15733,test,fill_blank_100,arxiv-nonexclusive,http://arxiv.org/licenses/nonexclusive-distrib/1.0/
10881,2207.07493v4,2207.07493,test,fill_blank_25,arxiv-nonexclusive,http://arxiv.org/licenses/nonexclusive-distrib/1.0/
11843,2010.13171v1,2010.13171,test,fill_blank_75,arxiv-nonexclusive,http://arxiv.org/licenses/nonexclusive-distrib/1.0/
8438,2506.22094v1,2506.22094,test,fill_blank_75,cc-by-nc-nd,http://creativecommons.org/licenses/by-nc-nd/4.0/
6585,2507.22013v1,2507.22013,test,MCQ,arxiv-nonexclusive,http://arxiv.org/licenses/nonexclusive-distrib/1.0/
3038,2505.12902v1,2505.12902,test,fill_blank_75,arxiv-nonexclusive,http://arxiv.org/licenses/nonexclusive-distrib/1.0/
18714,2409.17738v1,2409.17738,test,fill_blank_100,cc-by-nc-nd,http://creativecommons.org/licenses/by-nc-nd/4.0/
1024,2507.16550v1,2507.16550,test,fill_blank_100,cc-by-nc-nd,http://creativecommons.org/licenses/by-nc-nd/4.0/
5550,2504.09743v1,2504.09743,test,MCQ,arxiv-nonexclusive,http://arxiv.org/licenses/nonexclusive-distrib/1.0/
8917,2212.10748v1,2212.10748,test,fill_blank_50,arxiv-nonexclusive,http://arxiv.org/licenses/nonexclusive-distrib/1.0/
2729,2506.08930v1,2506.08930,test,fill_blank_100,arxiv-nonexclusive,http://arxiv.org/licenses/nonexclusive-distrib/1.0/
579,2503.08937v1,2503.08937,test,fill_blank_100,arxiv-nonexclusive,http://arxiv.org/licenses/nonexclusive-distrib/1.0/
287,2508.04322v1,2508.04322,test,fill_blank_50,arxiv-nonexclusive,http://arxiv.org/licenses/nonexclusive-distrib/1.0/
7354,2507.19657v1,2507.19657,test,fill_blank_100,arxiv-nonexclusive,http://arxiv.org/licenses/nonexclusive-distrib/1.0/
8958,2403.03675v1,2403.03675,test,fill_blank_75,arxiv-nonexclusive,http://arxiv.org/licenses/nonexclusive-distrib/1.0/
76,2505.02964v1,2505.02964,test,fill_blank_25,arxiv-nonexclusive,http://arxiv.org/licenses/nonexclusive-distrib/1.0/
2035,2505.07893v1,2505.07893,test,MCQ,cc-by-nc-nd,http://creativecommons.org/licenses/by-nc-nd/4.0/
9855,2502.06128v2,2502.06128,test,MCQ,arxiv-nonexclusive,http://arxiv.org/licenses/nonexclusive-distrib/1.0/
11537,2411.15995v2,2411.15995,test,fill_blank_50,cc-by-nc-nd,http://creativecommons.org/licenses/by-nc-nd/4.0/
6351,2506.22465v1,2506.22465,test,fill_blank_25,arxiv-nonexclusive,http://arxiv.org/licenses/nonexclusive-distrib/1.0/
9240,2407.19299v3,2407.19299,test,MCQ,cc-by-nc-nd,http://creativecommons.org/licenses/by-nc-nd/4.0/
12999,2409.14521v2,2409.14521,test,fill_blank_100,arxiv-nonexclusive,http://arxiv.org/licenses/nonexclusive-distrib/1.0/
3009,2507.12240v1,2507.12240,test,fill_blank_100,arxiv-nonexclusive,http://arxiv.org/licenses/nonexclusive-distrib/1.0/
5808,2506.17870v1,2506.17870,test,fill_blank_75,cc-by-nc-nd,http://creativecommons.org/licenses/by-nc-nd/4.0/
15859,2205.12207v1,2205.12207,test,fill_blank_100,cc-by-nc-nd,http://creativecommons.org/licenses/by-nc-nd/4.0/
8189,1003.5309v1,1003.5309,test,fill_blank_100,arxiv-nonexclusive,http://arxiv.org/licenses/nonexclusive-distrib/1.0/
5664,2405.00141v1,2405.00141,test,fill_blank_100,cc-by-nc-nd,http://creativecommons.org/licenses/by-nc-nd/4.0/
13387,2308.05315v1,2308.05315,test,fill_blank_50,arxiv-nonexclusive,http://arxiv.org/licenses/nonexclusive-distrib/1.0/
3406,2508.00409v1,2508.00409,test,fill_blank_25,arxiv-nonexclusive,http://arxiv.org/licenses/nonexclusive-distrib/1.0/
13322,2411.06015v1,2411.06015,test,fill_blank_50,arxiv-nonexclusive,http://arxiv.org/licenses/nonexclusive-distrib/1.0/
18765,2409.09590v1,2409.09590,test,MCQ,arxiv-nonexclusive,http://arxiv.org/licenses/nonexclusive-distrib/1.0/
2017,2508.11791v1,2508.11791,test,fill_blank_50,arxiv-nonexclusive,http://arxiv.org/licenses/nonexclusive-distrib/1.0/
9978,2402.06814v1,2402.06814,test,fill_blank_75,arxiv-nonexclusive,http://arxiv.org/licenses/nonexclusive-distrib/1.0/
9932,2104.15132v3,2104.15132,test,fill_blank_50,cc-by-nc-nd,http://creativecommons.org/licenses/by-nc-nd/4.0/
9337,2406.12596v3,2406.12596,test,fill_blank_50,arxiv-nonexclusive,http://arxiv.org/licenses/nonexclusive-distrib/1.0/
11562,2410.09588v1,2410.09588,test,fill_blank_50,arxiv-nonexclusive,http://arxiv.org/licenses/nonexclusive-distrib/1.0/
11097,2403.17810v1,2403.17810,test,fill_blank_50,arxiv-nonexclusive,http://arxiv.org/licenses/nonexclusive-distrib/1.0/
972,2506.23350v1,2506.23350,test,fill_blank_50,cc-by-nc-nd,http://creativecommons.org/licenses/by-nc-nd/4.0/
5810,2506.17870v1,2506.17870,test,MCQ,cc-by-nc-nd,http://creativecommons.org/licenses/by-nc-nd/4.0/
9569,2310.16765v1,2310.16765,test,fill_blank_100,arxiv-nonexclusive,http://arxiv.org/licenses/nonexclusive-distrib/1.0/
16318,2305.02074v2,2305.02074,test,fill_blank_75,arxiv-nonexclusive,http://arxiv.org/licenses/nonexclusive-distrib/1.0/
17573,2502.21080v1,2502.21080,test,fill_blank_75,cc-by-nc-nd,http://creativecommons.org/licenses/by-nc-nd/4.0/
15686,2409.17295v1,2409.17295,test,fill_blank_25,arxiv-nonexclusive,http://arxiv.org/licenses/nonexclusive-distrib/1.0/
1360,2108.07165v1,2108.07165,test,MCQ,arxiv-nonexclusive,http://arxiv.org/licenses/nonexclusive-distrib/1.0/
13588,2105.11834v1,2105.11834,test,fill_blank_75,arxiv-nonexclusive,http://arxiv.org/licenses/nonexclusive-distrib/1.0/
12705,2403.08900v1,2403.08900,test,MCQ,arxiv-nonexclusive,http://arxiv.org/licenses/nonexclusive-distrib/1.0/
15325,2311.12273v1,2311.12273,test,MCQ,arxiv-nonexclusive,http://arxiv.org/licenses/nonexclusive-distrib/1.0/
12354,2302.00156v1,2302.00156,test,fill_blank_100,cc-by-nc-nd,http://creativecommons.org/licenses/by-nc-nd/4.0/
8635,2507.09843v1,2507.09843,test,MCQ,arxiv-nonexclusive,http://arxiv.org/licenses/nonexclusive-distrib/1.0/
16176,1107.0234v1,1107.0234,test,fill_blank_25,arxiv-nonexclusive,http://arxiv.org/licenses/nonexclusive-distrib/1.0/
8639,2507.09843v1,2507.09843,test,fill_blank_100,arxiv-nonexclusive,http://arxiv.org/licenses/nonexclusive-distrib/1.0/
2008,2508.11791v1,2508.11791,test,fill_blank_75,arxiv-nonexclusive,http://arxiv.org/licenses/nonexclusive-distrib/1.0/
2324,2206.02109v2,2206.02109,test,fill_blank_100,arxiv-nonexclusive,http://arxiv.org/licenses/nonexclusive-distrib/1.0/
1729,2409.11191v1,2409.11191,test,fill_blank_100,arxiv-nonexclusive,http://arxiv.org/licenses/nonexclusive-distrib/1.0/
3909,2507.15515v1,2507.15515,test,fill_blank_100,arxiv-nonexclusive,http://arxiv.org/licenses/nonexclusive-distrib/1.0/
18598,2105.04107v3,2105.04107,test,fill_blank_75,arxiv-nonexclusive,http://arxiv.org/licenses/nonexclusive-distrib/1.0/
8411,2505.21691v2,2505.21691,test,fill_blank_25,arxiv-nonexclusive,http://arxiv.org/licenses/nonexclusive-distrib/1.0/
15644,2405.12432v1,2405.12432,test,fill_blank_100,arxiv-nonexclusive,http://arxiv.org/licenses/nonexclusive-distrib/1.0/
3635,2301.03857v3,2301.03857,test,MCQ,arxiv-nonexclusive,http://arxiv.org/licenses/nonexclusive-distrib/1.0/
13107,2411.07086v1,2411.07086,test,fill_blank_50,arxiv-nonexclusive,http://arxiv.org/licenses/nonexclusive-distrib/1.0/
14547,2407.10382v3,2407.10382,test,fill_blank_50,arxiv-nonexclusive,http://arxiv.org/licenses/nonexclusive-distrib/1.0/
19258,2412.18749v1,2412.18749,test,fill_blank_75,arxiv-nonexclusive,http://arxiv.org/licenses/nonexclusive-distrib/1.0/
2918,2507.13826v1,2507.13826,test,fill_blank_75,arxiv-nonexclusive,http://arxiv.org/licenses/nonexclusive-distrib/1.0/
583,2503.08937v1,2503.08937,test,fill_blank_75,arxiv-nonexclusive,http://arxiv.org/licenses/nonexclusive-distrib/1.0/
11995,2108.11697v1,2108.11697,test,MCQ,arxiv-nonexclusive,http://arxiv.org/licenses/nonexclusive-distrib/1.0/
12398,1508.00691v1,1508.00691,test,fill_blank_75,arxiv-nonexclusive,http://arxiv.org/licenses/nonexclusive-distrib/1.0/
8160,2110.12224v2,2110.12224,test,MCQ,arxiv-nonexclusive,http://arxiv.org/licenses/nonexclusive-distrib/1.0/
103,2507.01581v1,2507.01581,test,fill_blank_75,arxiv-nonexclusive,http://arxiv.org/licenses/nonexclusive-distrib/1.0/
101,2507.01581v1,2507.01581,test,fill_blank_25,arxiv-nonexclusive,http://arxiv.org/licenses/nonexclusive-distrib/1.0/
3313,2507.07474v1,2507.07474,test,fill_blank_75,cc-by-nc-nd,http://creativecommons.org/licenses/by-nc-nd/4.0/
2907,2507.13826v1,2507.13826,test,fill_blank_50,arxiv-nonexclusive,http://arxiv.org/licenses/nonexclusive-distrib/1.0/
2707,2506.08930v1,2506.08930,test,fill_blank_50,arxiv-nonexclusive,http://arxiv.org/licenses/nonexclusive-distrib/1.0/
2093,2508.05884v1,2508.05884,test,fill_blank_75,arxiv-nonexclusive,http://arxiv.org/licenses/nonexclusive-distrib/1.0/
16353,2010.01002v1,2010.01002,test,fill_blank_75,arxiv-nonexclusive,http://arxiv.org/licenses/nonexclusive-distrib/1.0/
16414,2010.11840v1,2010.11840,test,fill_blank_100,arxiv-nonexclusive,http://arxiv.org/licenses/nonexclusive-distrib/1.0/
13268,2306.08532v1,2306.08532,test,fill_blank_75,arxiv-nonexclusive,http://arxiv.org/licenses/nonexclusive-distrib/1.0/
17250,2412.00442v1,2412.00442,test,MCQ,cc-by-nc-nd,http://creativecommons.org/licenses/by-nc-nd/4.0/
10675,1301.1215v1,1301.1215,test,MCQ,arxiv-nonexclusive,http://arxiv.org/licenses/nonexclusive-distrib/1.0/
12828,2501.06726v2,2501.06726,test,fill_blank_75,arxiv-nonexclusive,http://arxiv.org/licenses/nonexclusive-distrib/1.0/
1000,2401.10315v3,2401.10315,test,MCQ,arxiv-nonexclusive,http://arxiv.org/licenses/nonexclusive-distrib/1.0/
16622,2110.14585v2,2110.14585,test,fill_blank_50,cc-by-nc-nd,http://creativecommons.org/licenses/by-nc-nd/4.0/
3992,2508.04075v1,2508.04075,test,fill_blank_50,arxiv-nonexclusive,http://arxiv.org/licenses/nonexclusive-distrib/1.0/
11043,2412.19811v1,2412.19811,test,fill_blank_75,arxiv-nonexclusive,http://arxiv.org/licenses/nonexclusive-distrib/1.0/
18599,2105.04107v3,2105.04107,test,fill_blank_100,arxiv-nonexclusive,http://arxiv.org/licenses/nonexclusive-distrib/1.0/
6988,2504.18168v1,2504.18168,test,fill_blank_75,arxiv-nonexclusive,http://arxiv.org/licenses/nonexclusive-distrib/1.0/
5473,2207.08737v2,2207.08737,test,fill_blank_75,arxiv-nonexclusive,http://arxiv.org/licenses/nonexclusive-distrib/1.0/
10169,2406.16280v1,2406.16280,test,fill_blank_100,arxiv-nonexclusive,http://arxiv.org/licenses/nonexclusive-distrib/1.0/
15129,2502.12642v1,2502.12642,test,fill_blank_100,arxiv-nonexclusive,http://arxiv.org/licenses/nonexclusive-distrib/1.0/
11102,2403.17810v1,2403.17810,test,fill_blank_50,arxiv-nonexclusive,http://arxiv.org/licenses/nonexclusive-distrib/1.0/
5990,2506.16808v1,2506.16808,test,MCQ,arxiv-nonexclusive,http://arxiv.org/licenses/nonexclusive-distrib/1.0/
7080,2508.12141v1,2508.12141,test,MCQ,cc-by-nc-nd,http://creativecommons.org/licenses/by-nc-nd/4.0/
14239,2501.12752v1,2501.12752,test,fill_blank_100,cc-by-nc-nd,http://creativecommons.org/licenses/by-nc-nd/4.0/
9832,2209.02633v3,2209.02633,test,fill_blank_50,arxiv-nonexclusive,http://arxiv.org/licenses/nonexclusive-distrib/1.0/
7858,2506.17764v1,2506.17764,test,fill_blank_75,arxiv-nonexclusive,http://arxiv.org/licenses/nonexclusive-distrib/1.0/
8640,2507.09843v1,2507.09843,test,MCQ,arxiv-nonexclusive,http://arxiv.org/licenses/nonexclusive-distrib/1.0/
15728,2412.15597v2,2412.15597,test,fill_blank_75,arxiv-nonexclusive,http://arxiv.org/licenses/nonexclusive-distrib/1.0/
9471,2101.04249v2,2101.04249,test,fill_blank_25,cc-by-nc-nd,http://creativecommons.org/licenses/by-nc-nd/4.0/
4964,2507.03848v1,2507.03848,test,fill_blank_100,arxiv-nonexclusive,http://arxiv.org/licenses/nonexclusive-distrib/1.0/
7185,2503.21102v1,2503.21102,test,MCQ,arxiv-nonexclusive,http://arxiv.org/licenses/nonexclusive-distrib/1.0/
6443,1605.00971v2,1605.00971,test,fill_blank_75,arxiv-nonexclusive,http://arxiv.org/licenses/nonexclusive-distrib/1.0/
7925,2506.12599v3,2506.12599,test,MCQ,arxiv-nonexclusive,http://arxiv.org/licenses/nonexclusive-distrib/1.0/
8528,2503.11226v1,2503.11226,test,fill_blank_75,arxiv-nonexclusive,http://arxiv.org/licenses/nonexclusive-distrib/1.0/
6450,2502.03117v1,2502.03117,test,MCQ,arxiv-nonexclusive,http://arxiv.org/licenses/nonexclusive-distrib/1.0/
10755,2203.10783v1,2203.10783,test,MCQ,arxiv-nonexclusive,http://arxiv.org/licenses/nonexclusive-distrib/1.0/
15719,2412.15597v2,2412.15597,test,fill_blank_100,arxiv-nonexclusive,http://arxiv.org/licenses/nonexclusive-distrib/1.0/
1324,2507.15914v1,2507.15914,test,fill_blank_100,arxiv-nonexclusive,http://arxiv.org/licenses/nonexclusive-distrib/1.0/
7760,2504.20425v1,2504.20425,test,MCQ,arxiv-nonexclusive,http://arxiv.org/licenses/nonexclusive-distrib/1.0/
10807,2009.00669v3,2009.00669,test,fill_blank_50,arxiv-nonexclusive,http://arxiv.org/licenses/nonexclusive-distrib/1.0/
10102,2009.09380v1,2009.09380,test,fill_blank_50,arxiv-nonexclusive,http://arxiv.org/licenses/nonexclusive-distrib/1.0/
15044,2502.01137v1,2502.01137,test,fill_blank_100,arxiv-nonexclusive,http://arxiv.org/licenses/nonexclusive-distrib/1.0/
755,2209.11483v3,2209.11483,test,MCQ,cc-by-nc-nd,http://creativecommons.org/licenses/by-nc-nd/4.0/
11789,2402.06306v1,2402.06306,test,fill_blank_100,arxiv-nonexclusive,http://arxiv.org/licenses/nonexclusive-distrib/1.0/
3117,2505.08030v1,2505.08030,test,fill_blank_50,arxiv-nonexclusive,http://arxiv.org/licenses/nonexclusive-distrib/1.0/
8574,2506.04952v1,2506.04952,test,fill_blank_100,arxiv-nonexclusive,http://arxiv.org/licenses/nonexclusive-distrib/1.0/
4761,2503.10525v1,2503.10525,test,fill_blank_25,arxiv-nonexclusive,http://arxiv.org/licenses/nonexclusive-distrib/1.0/
1523,2203.04032v1,2203.04032,test,fill_blank_75,arxiv-nonexclusive,http://arxiv.org/licenses/nonexclusive-distrib/1.0/
11464,2410.04681v1,2410.04681,test,fill_blank_100,arxiv-nonexclusive,http://arxiv.org/licenses/nonexclusive-distrib/1.0/
138,2507.03915v1,2507.03915,test,fill_blank_75,arxiv-nonexclusive,http://arxiv.org/licenses/nonexclusive-distrib/1.0/
563,2503.08937v1,2503.08937,test,fill_blank_75,arxiv-nonexclusive,http://arxiv.org/licenses/nonexclusive-distrib/1.0/
2900,2506.23937v1,2506.23937,test,MCQ,cc-by-nc-nd,http://creativecommons.org/licenses/by-nc-nd/4.0/
6110,2506.23488v1,2506.23488,test,MCQ,arxiv-nonexclusive,http://arxiv.org/licenses/nonexclusive-distrib/1.0/
18778,2409.09590v1,2409.09590,test,fill_blank_75,arxiv-nonexclusive,http://arxiv.org/licenses/nonexclusive-distrib/1.0/
303,2508.04322v1,2508.04322,test,fill_blank_75,arxiv-nonexclusive,http://arxiv.org/licenses/nonexclusive-distrib/1.0/
74,2505.02964v1,2505.02964,test,fill_blank_100,arxiv-nonexclusive,http://arxiv.org/licenses/nonexclusive-distrib/1.0/
15019,2209.02021v5,2209.02021,test,fill_blank_100,arxiv-nonexclusive,http://arxiv.org/licenses/nonexclusive-distrib/1.0/
11845,2010.13171v1,2010.13171,test,MCQ,arxiv-nonexclusive,http://arxiv.org/licenses/nonexclusive-distrib/1.0/
9942,2104.15132v3,2104.15132,test,fill_blank_50,cc-by-nc-nd,http://creativecommons.org/licenses/by-nc-nd/4.0/
4277,2504.18155v1,2504.18155,test,fill_blank_50,cc-by-nc-nd,http://creativecommons.org/licenses/by-nc-nd/4.0/
7010,2508.11366v1,2508.11366,test,MCQ,arxiv-nonexclusive,http://arxiv.org/licenses/nonexclusive-distrib/1.0/
6529,2505.11321v1,2505.11321,test,fill_blank_100,arxiv-nonexclusive,http://arxiv.org/licenses/nonexclusive-distrib/1.0/
12842,2501.06726v2,2501.06726,test,fill_blank_50,arxiv-nonexclusive,http://arxiv.org/licenses/nonexclusive-distrib/1.0/
11901,2305.03189v1,2305.03189,test,fill_blank_25,arxiv-nonexclusive,http://arxiv.org/licenses/nonexclusive-distrib/1.0/
577,2503.08937v1,2503.08937,test,fill_blank_50,arxiv-nonexclusive,http://arxiv.org/licenses/nonexclusive-distrib/1.0/
19228,2405.09663v1,2405.09663,test,fill_blank_75,arxiv-nonexclusive,http://arxiv.org/licenses/nonexclusive-distrib/1.0/
4793,2504.02211v2,2504.02211,test,fill_blank_75,arxiv-nonexclusive,http://arxiv.org/licenses/nonexclusive-distrib/1.0/
13215,2107.03434v2,2107.03434,test,MCQ,arxiv-nonexclusive,http://arxiv.org/licenses/nonexclusive-distrib/1.0/
11103,2403.17810v1,2403.17810,test,fill_blank_75,arxiv-nonexclusive,http://arxiv.org/licenses/nonexclusive-distrib/1.0/
3248,2507.12582v1,2507.12582,test,fill_blank_75,arxiv-nonexclusive,http://arxiv.org/licenses/nonexclusive-distrib/1.0/
6214,2506.04433v1,2506.04433,test,fill_blank_100,arxiv-nonexclusive,http://arxiv.org/licenses/nonexclusive-distrib/1.0/
576,2503.08937v1,2503.08937,test,fill_blank_25,arxiv-nonexclusive,http://arxiv.org/licenses/nonexclusive-distrib/1.0/
6378,2505.05090v1,2505.05090,test,fill_blank_75,arxiv-nonexclusive,http://arxiv.org/licenses/nonexclusive-distrib/1.0/
632,2508.08206v1,2508.08206,test,fill_blank_50,arxiv-nonexclusive,http://arxiv.org/licenses/nonexclusive-distrib/1.0/
16315,2305.02074v2,2305.02074,test,MCQ,arxiv-nonexclusive,http://arxiv.org/licenses/nonexclusive-distrib/1.0/
4879,2507.12019v1,2507.12019,test,fill_blank_100,arxiv-nonexclusive,http://arxiv.org/licenses/nonexclusive-distrib/1.0/
6664,2507.04662v1,2507.04662,test,fill_blank_100,arxiv-nonexclusive,http://arxiv.org/licenses/nonexclusive-distrib/1.0/
9419,1410.5076v2,1410.5076,test,fill_blank_100,arxiv-nonexclusive,http://arxiv.org/licenses/nonexclusive-distrib/1.0/
18880,2209.06566v2,2209.06566,test,MCQ,arxiv-nonexclusive,http://arxiv.org/licenses/nonexclusive-distrib/1.0/
12943,2309.08844v1,2309.08844,test,fill_blank_75,arxiv-nonexclusive,http://arxiv.org/licenses/nonexclusive-distrib/1.0/
5632,1708.03792v1,1708.03792,test,fill_blank_50,arxiv-nonexclusive,http://arxiv.org/licenses/nonexclusive-distrib/1.0/
5124,2210.17530v1,2210.17530,test,fill_blank_100,arxiv-nonexclusive,http://arxiv.org/licenses/nonexclusive-distrib/1.0/
16954,2404.15099v1,2404.15099,test,fill_blank_100,arxiv-nonexclusive,http://arxiv.org/licenses/nonexclusive-distrib/1.0/
3133,2506.22000v1,2506.22000,test,fill_blank_75,cc-by-nc-nd,http://creativecommons.org/licenses/by-nc-nd/4.0/
13538,2411.09660v1,2411.09660,test,fill_blank_75,arxiv-nonexclusive,http://arxiv.org/licenses/nonexclusive-distrib/1.0/
17119,2501.02335v3,2501.02335,test,fill_blank_100,arxiv-nonexclusive,http://arxiv.org/licenses/nonexclusive-distrib/1.0/
9018,2404.02349v1,2404.02349,test,fill_blank_75,arxiv-nonexclusive,http://arxiv.org/licenses/nonexclusive-distrib/1.0/
11777,2402.06306v1,2402.06306,test,fill_blank_50,arxiv-nonexclusive,http://arxiv.org/licenses/nonexclusive-distrib/1.0/
11506,2405.14691v1,2405.14691,test,fill_blank_25,arxiv-nonexclusive,http://arxiv.org/licenses/nonexclusive-distrib/1.0/
17087,2405.18919v2,2405.18919,test,fill_blank_50,arxiv-nonexclusive,http://arxiv.org/licenses/nonexclusive-distrib/1.0/
976,2409.08525v1,2409.08525,test,fill_blank_25,arxiv-nonexclusive,http://arxiv.org/licenses/nonexclusive-distrib/1.0/
7182,2507.01641v2,2507.01641,test,fill_blank_50,arxiv-nonexclusive,http://arxiv.org/licenses/nonexclusive-distrib/1.0/
7138,2401.15344v1,2401.15344,test,fill_blank_75,arxiv-nonexclusive,http://arxiv.org/licenses/nonexclusive-distrib/1.0/
7967,2505.04453v1,2505.04453,test,fill_blank_50,arxiv-nonexclusive,http://arxiv.org/licenses/nonexclusive-distrib/1.0/
15284,2508.08002v1,2508.08002,test,fill_blank_100,arxiv-nonexclusive,http://arxiv.org/licenses/nonexclusive-distrib/1.0/
4178,2505.18534v1,2505.18534,test,fill_blank_75,cc-by-nc-nd,http://creativecommons.org/licenses/by-nc-nd/4.0/
5396,2308.15696v1,2308.15696,test,fill_blank_25,arxiv-nonexclusive,http://arxiv.org/licenses/nonexclusive-distrib/1.0/
12794,2108.11123v1,2108.11123,test,fill_blank_100,arxiv-nonexclusive,http://arxiv.org/licenses/nonexclusive-distrib/1.0/
4488,2508.09532v1,2508.09532,test,fill_blank_75,arxiv-nonexclusive,http://arxiv.org/licenses/nonexclusive-distrib/1.0/
7928,2506.12599v3,2506.12599,test,fill_blank_75,arxiv-nonexclusive,http://arxiv.org/licenses/nonexclusive-distrib/1.0/
11487,2405.14691v1,2405.14691,test,fill_blank_50,arxiv-nonexclusive,http://arxiv.org/licenses/nonexclusive-distrib/1.0/
3995,2508.04075v1,2508.04075,test,MCQ,arxiv-nonexclusive,http://arxiv.org/licenses/nonexclusive-distrib/1.0/
8403,2505.21691v2,2505.21691,test,fill_blank_75,arxiv-nonexclusive,http://arxiv.org/licenses/nonexclusive-distrib/1.0/
11698,2108.10414v1,2108.10414,test,fill_blank_75,arxiv-nonexclusive,http://arxiv.org/licenses/nonexclusive-distrib/1.0/
6103,2506.23488v1,2506.23488,test,fill_blank_75,arxiv-nonexclusive,http://arxiv.org/licenses/nonexclusive-distrib/1.0/
6649,2507.04662v1,2507.04662,test,fill_blank_100,arxiv-nonexclusive,http://arxiv.org/licenses/nonexclusive-distrib/1.0/
16797,2106.16144v1,2106.16144,test,fill_blank_50,arxiv-nonexclusive,http://arxiv.org/licenses/nonexclusive-distrib/1.0/
6213,2506.04433v1,2506.04433,test,fill_blank_75,arxiv-nonexclusive,http://arxiv.org/licenses/nonexclusive-distrib/1.0/
9382,2412.14616v1,2412.14616,test,fill_blank_50,arxiv-nonexclusive,http://arxiv.org/licenses/nonexclusive-distrib/1.0/
8269,2507.10113v1,2507.10113,test,fill_blank_100,arxiv-nonexclusive,http://arxiv.org/licenses/nonexclusive-distrib/1.0/
8031,2507.16132v1,2507.16132,test,fill_blank_25,arxiv-nonexclusive,http://arxiv.org/licenses/nonexclusive-distrib/1.0/
4109,2508.02950v1,2508.02950,test,fill_blank_100,arxiv-nonexclusive,http://arxiv.org/licenses/nonexclusive-distrib/1.0/
9238,2407.19299v3,2407.19299,test,fill_blank_75,cc-by-nc-nd,http://creativecommons.org/licenses/by-nc-nd/4.0/
17592,2109.12711v1,2109.12711,test,fill_blank_50,arxiv-nonexclusive,http://arxiv.org/licenses/nonexclusive-distrib/1.0/
2681,2501.05742v1,2501.05742,test,fill_blank_25,arxiv-nonexclusive,http://arxiv.org/licenses/nonexclusive-distrib/1.0/
3249,2507.12582v1,2507.12582,test,fill_blank_100,arxiv-nonexclusive,http://arxiv.org/licenses/nonexclusive-distrib/1.0/
7409,2411.10960v1,2411.10960,test,fill_blank_100,arxiv-nonexclusive,http://arxiv.org/licenses/nonexclusive-distrib/1.0/
15143,2502.12642v1,2502.12642,test,fill_blank_75,arxiv-nonexclusive,http://arxiv.org/licenses/nonexclusive-distrib/1.0/
18958,2409.14726v1,2409.14726,test,fill_blank_75,arxiv-nonexclusive,http://arxiv.org/licenses/nonexclusive-distrib/1.0/
12099,2310.06532v1,2310.06532,test,fill_blank_100,cc-by-nc-nd,http://creativecommons.org/licenses/by-nc-nd/4.0/
8445,2506.22094v1,2506.22094,test,MCQ,cc-by-nc-nd,http://creativecommons.org/licenses/by-nc-nd/4.0/
10998,2303.14351v1,2303.14351,test,fill_blank_75,arxiv-nonexclusive,http://arxiv.org/licenses/nonexclusive-distrib/1.0/
18353,2508.03417v1,2508.03417,test,fill_blank_75,arxiv-nonexclusive,http://arxiv.org/licenses/nonexclusive-distrib/1.0/
10197,2401.10396v1,2401.10396,test,fill_blank_50,cc-by-nc-nd,http://creativecommons.org/licenses/by-nc-nd/4.0/
16688,2410.11495v3,2410.11495,test,fill_blank_75,cc-by-nc-nd,http://creativecommons.org/licenses/by-nc-nd/4.0/
1776,2506.07532v1,2506.07532,test,fill_blank_25,arxiv-nonexclusive,http://arxiv.org/licenses/nonexclusive-distrib/1.0/
1606,2503.08986v1,2503.08986,test,fill_blank_25,arxiv-nonexclusive,http://arxiv.org/licenses/nonexclusive-distrib/1.0/
7754,2504.20425v1,2504.20425,test,fill_blank_100,arxiv-nonexclusive,http://arxiv.org/licenses/nonexclusive-distrib/1.0/
11578,1801.05868v1,1801.05868,test,fill_blank_75,arxiv-nonexclusive,http://arxiv.org/licenses/nonexclusive-distrib/1.0/
6454,2502.03117v1,2502.03117,test,fill_blank_100,arxiv-nonexclusive,http://arxiv.org/licenses/nonexclusive-distrib/1.0/
10547,2009.08346v2,2009.08346,test,fill_blank_50,arxiv-nonexclusive,http://arxiv.org/licenses/nonexclusive-distrib/1.0/
13937,2502.11053v2,2502.11053,test,fill_blank_50,arxiv-nonexclusive,http://arxiv.org/licenses/nonexclusive-distrib/1.0/
19151,2508.14457v1,2508.14457,test,fill_blank_25,arxiv-nonexclusive,http://arxiv.org/licenses/nonexclusive-distrib/1.0/
9407,1410.5076v2,1410.5076,test,fill_blank_50,arxiv-nonexclusive,http://arxiv.org/licenses/nonexclusive-distrib/1.0/
10734,2111.09413v1,2111.09413,test,fill_blank_100,arxiv-nonexclusive,http://arxiv.org/licenses/nonexclusive-distrib/1.0/
10686,2508.04171v1,2508.04171,test,fill_blank_25,arxiv-nonexclusive,http://arxiv.org/licenses/nonexclusive-distrib/1.0/
4899,2505.19843v1,2505.19843,test,fill_blank_100,arxiv-nonexclusive,http://arxiv.org/licenses/nonexclusive-distrib/1.0/
6587,2507.22013v1,2507.22013,test,fill_blank_50,arxiv-nonexclusive,http://arxiv.org/licenses/nonexclusive-distrib/1.0/
948,2507.04067v1,2507.04067,test,fill_blank_75,arxiv-nonexclusive,http://arxiv.org/licenses/nonexclusive-distrib/1.0/
12054,2501.00732v1,2501.00732,test,fill_blank_100,cc-by-nc-nd,http://creativecommons.org/licenses/by-nc-nd/4.0/
5408,2308.15696v1,2308.15696,test,fill_blank_75,arxiv-nonexclusive,http://arxiv.org/licenses/nonexclusive-distrib/1.0/
3957,2508.11792v1,2508.11792,test,fill_blank_50,arxiv-nonexclusive,http://arxiv.org/licenses/nonexclusive-distrib/1.0/
820,2504.09799v1,2504.09799,test,MCQ,arxiv-nonexclusive,http://arxiv.org/licenses/nonexclusive-distrib/1.0/
3589,2506.13003v1,2506.13003,test,fill_blank_100,arxiv-nonexclusive,http://arxiv.org/licenses/nonexclusive-distrib/1.0/
17821,1509.02664v1,1509.02664,test,fill_blank_25,arxiv-nonexclusive,http://arxiv.org/licenses/nonexclusive-distrib/1.0/
104,2507.01581v1,2507.01581,test,fill_blank_100,arxiv-nonexclusive,http://arxiv.org/licenses/nonexclusive-distrib/1.0/
6537,2505.11321v1,2505.11321,test,fill_blank_50,arxiv-nonexclusive,http://arxiv.org/licenses/nonexclusive-distrib/1.0/
9204,2305.16288v2,2305.16288,test,fill_blank_100,cc-by-nc-nd,http://creativecommons.org/licenses/by-nc-nd/4.0/
16933,2307.06442v2,2307.06442,test,fill_blank_75,cc-by-nc-nd,http://creativecommons.org/licenses/by-nc-nd/4.0/
4764,2503.10525v1,2503.10525,test,fill_blank_100,arxiv-nonexclusive,http://arxiv.org/licenses/nonexclusive-distrib/1.0/
5619,1708.03792v1,1708.03792,test,fill_blank_100,arxiv-nonexclusive,http://arxiv.org/licenses/nonexclusive-distrib/1.0/
2459,2506.19688v2,2506.19688,test,fill_blank_100,arxiv-nonexclusive,http://arxiv.org/licenses/nonexclusive-distrib/1.0/
5643,2405.00141v1,2405.00141,test,fill_blank_75,cc-by-nc-nd,http://creativecommons.org/licenses/by-nc-nd/4.0/
11794,2207.07999v1,2207.07999,test,fill_blank_100,arxiv-nonexclusive,http://arxiv.org/licenses/nonexclusive-distrib/1.0/
10553,2009.08346v2,2009.08346,test,fill_blank_75,arxiv-nonexclusive,http://arxiv.org/licenses/nonexclusive-distrib/1.0/
11439,2405.12236v2,2405.12236,test,fill_blank_100,arxiv-nonexclusive,http://arxiv.org/licenses/nonexclusive-distrib/1.0/
9692,1905.07607v1,1905.07607,test,fill_blank_50,arxiv-nonexclusive,http://arxiv.org/licenses/nonexclusive-distrib/1.0/
17935,2207.04847v1,2207.04847,test,MCQ,arxiv-nonexclusive,http://arxiv.org/licenses/nonexclusive-distrib/1.0/
10997,2303.14351v1,2303.14351,test,fill_blank_50,arxiv-nonexclusive,http://arxiv.org/licenses/nonexclusive-distrib/1.0/
9425,2203.05152v1,2203.05152,test,MCQ,arxiv-nonexclusive,http://arxiv.org/licenses/nonexclusive-distrib/1.0/
12918,2010.07216v1,2010.07216,test,fill_blank_75,arxiv-nonexclusive,http://arxiv.org/licenses/nonexclusive-distrib/1.0/
13839,2206.03250v1,2206.03250,test,fill_blank_100,arxiv-nonexclusive,http://arxiv.org/licenses/nonexclusive-distrib/1.0/
11275,2501.05879v1,2501.05879,test,MCQ,cc-by-nc-nd,http://creativecommons.org/licenses/by-nc-nd/4.0/
5376,2505.00549v1,2505.00549,test,fill_blank_25,arxiv-nonexclusive,http://arxiv.org/licenses/nonexclusive-distrib/1.0/
6588,2507.22013v1,2507.22013,test,fill_blank_75,arxiv-nonexclusive,http://arxiv.org/licenses/nonexclusive-distrib/1.0/
796,2501.02271v1,2501.02271,test,fill_blank_25,arxiv-nonexclusive,http://arxiv.org/licenses/nonexclusive-distrib/1.0/
8637,2507.09843v1,2507.09843,test,fill_blank_50,arxiv-nonexclusive,http://arxiv.org/licenses/nonexclusive-distrib/1.0/
13893,2208.07045v1,2208.07045,test,fill_blank_75,arxiv-nonexclusive,http://arxiv.org/licenses/nonexclusive-distrib/1.0/
17070,2405.18919v2,2405.18919,test,MCQ,arxiv-nonexclusive,http://arxiv.org/licenses/nonexclusive-distrib/1.0/
14967,2406.14107v1,2406.14107,test,fill_blank_50,arxiv-nonexclusive,http://arxiv.org/licenses/nonexclusive-distrib/1.0/
10687,2508.04171v1,2508.04171,test,fill_blank_50,arxiv-nonexclusive,http://arxiv.org/licenses/nonexclusive-distrib/1.0/
3116,2505.08030v1,2505.08030,test,fill_blank_25,arxiv-nonexclusive,http://arxiv.org/licenses/nonexclusive-distrib/1.0/
11129,2405.10553v1,2405.10553,test,fill_blank_100,arxiv-nonexclusive,http://arxiv.org/licenses/nonexclusive-distrib/1.0/
1558,2507.14210v1,2507.14210,test,fill_blank_75,arxiv-nonexclusive,http://arxiv.org/licenses/nonexclusive-distrib/1.0/
7380,2507.17494v1,2507.17494,test,MCQ,arxiv-nonexclusive,http://arxiv.org/licenses/nonexclusive-distrib/1.0/
17593,2109.12711v1,2109.12711,test,fill_blank_75,arxiv-nonexclusive,http://arxiv.org/licenses/nonexclusive-distrib/1.0/
8250,2506.01382v1,2506.01382,test,MCQ,arxiv-nonexclusive,http://arxiv.org/licenses/nonexclusive-distrib/1.0/
8652,2507.09843v1,2507.09843,test,fill_blank_50,arxiv-nonexclusive,http://arxiv.org/licenses/nonexclusive-distrib/1.0/
10099,2009.09380v1,2009.09380,test,fill_blank_100,arxiv-nonexclusive,http://arxiv.org/licenses/nonexclusive-distrib/1.0/
10929,2406.06245v1,2406.06245,test,fill_blank_100,arxiv-nonexclusive,http://arxiv.org/licenses/nonexclusive-distrib/1.0/
16798,2106.16144v1,2106.16144,test,fill_blank_75,arxiv-nonexclusive,http://arxiv.org/licenses/nonexclusive-distrib/1.0/
10985,2404.15643v1,2404.15643,test,MCQ,arxiv-nonexclusive,http://arxiv.org/licenses/nonexclusive-distrib/1.0/
1715,2409.11191v1,2409.11191,test,MCQ,arxiv-nonexclusive,http://arxiv.org/licenses/nonexclusive-distrib/1.0/
204,2505.11509v1,2505.11509,test,fill_blank_100,cc-by-nc-nd,http://creativecommons.org/licenses/by-nc-nd/4.0/
11737,2407.03280v1,2407.03280,test,fill_blank_50,arxiv-nonexclusive,http://arxiv.org/licenses/nonexclusive-distrib/1.0/
10990,2404.15643v1,2404.15643,test,MCQ,arxiv-nonexclusive,http://arxiv.org/licenses/nonexclusive-distrib/1.0/
12119,2310.07853v1,2310.07853,test,fill_blank_100,arxiv-nonexclusive,http://arxiv.org/licenses/nonexclusive-distrib/1.0/
10480,2410.08726v1,2410.08726,test,MCQ,arxiv-nonexclusive,http://arxiv.org/licenses/nonexclusive-distrib/1.0/
198,2508.03579v2,2508.03579,test,fill_blank_75,arxiv-nonexclusive,http://arxiv.org/licenses/nonexclusive-distrib/1.0/
7378,2507.17494v1,2507.17494,test,fill_blank_75,arxiv-nonexclusive,http://arxiv.org/licenses/nonexclusive-distrib/1.0/
1608,2503.08986v1,2503.08986,test,fill_blank_75,arxiv-nonexclusive,http://arxiv.org/licenses/nonexclusive-distrib/1.0/
10756,2203.10783v1,2203.10783,test,fill_blank_25,arxiv-nonexclusive,http://arxiv.org/licenses/nonexclusive-distrib/1.0/
5785,1410.0956v1,1410.0956,test,MCQ,arxiv-nonexclusive,http://arxiv.org/licenses/nonexclusive-distrib/1.0/
11808,2207.07999v1,2207.07999,test,fill_blank_75,arxiv-nonexclusive,http://arxiv.org/licenses/nonexclusive-distrib/1.0/
8964,2403.03675v1,2403.03675,test,fill_blank_100,arxiv-nonexclusive,http://arxiv.org/licenses/nonexclusive-distrib/1.0/
9934,2104.15132v3,2104.15132,test,fill_blank_100,cc-by-nc-nd,http://creativecommons.org/licenses/by-nc-nd/4.0/
2819,2507.05829v1,2507.05829,test,fill_blank_100,arxiv-nonexclusive,http://arxiv.org/licenses/nonexclusive-distrib/1.0/
5354,2503.07471v1,2503.07471,test,fill_blank_100,cc-by-nc-nd,http://creativecommons.org/licenses/by-nc-nd/4.0/
12502,2405.02873v2,2405.02873,test,fill_blank_50,arxiv-nonexclusive,http://arxiv.org/licenses/nonexclusive-distrib/1.0/
1600,2503.08986v1,2503.08986,test,MCQ,arxiv-nonexclusive,http://arxiv.org/licenses/nonexclusive-distrib/1.0/
15053,2502.01137v1,2502.01137,test,fill_blank_75,arxiv-nonexclusive,http://arxiv.org/licenses/nonexclusive-distrib/1.0/
9854,2502.06128v2,2502.06128,test,fill_blank_100,arxiv-nonexclusive,http://arxiv.org/licenses/nonexclusive-distrib/1.0/
12329,2006.13087v1,2006.13087,test,fill_blank_100,arxiv-nonexclusive,http://arxiv.org/licenses/nonexclusive-distrib/1.0/
12950,2309.08844v1,2309.08844,test,MCQ,arxiv-nonexclusive,http://arxiv.org/licenses/nonexclusive-distrib/1.0/
16868,2411.11998v1,2411.11998,test,fill_blank_75,arxiv-nonexclusive,http://arxiv.org/licenses/nonexclusive-distrib/1.0/
