problem_id,paper_id,type,original_split,paper_disjoint_split
10907,2309.15483v1,fill_blank_50,train,train
3429,2508.00409v1,fill_blank_100,train,train
5043,2503.22378v1,fill_blank_75,train,train
15342,2502.20468v1,fill_blank_50,train,train
8862,2207.04744v1,fill_blank_50,train,train
18623,2501.01555v1,fill_blank_75,train,train
11774,2402.06306v1,fill_blank_100,train,train
13172,2401.05164v1,fill_blank_50,train,test
7782,2508.13661v1,fill_blank_50,train,train
6314,2505.01853v1,fill_blank_100,train,train
9320,2004.14850v1,MCQ,train,train
4170,2505.18534v1,MCQ,train,test
16563,2207.00264v1,fill_blank_75,train,train
12388,1508.00691v1,fill_blank_75,train,train
18763,2402.06290v1,fill_blank_75,train,train
1602,2503.08986v1,fill_blank_50,train,train
18764,2402.06290v1,fill_blank_100,train,train
17467,2211.12955v2,fill_blank_50,train,train
15608,2303.03287v2,fill_blank_75,train,train
9142,2408.13329v1,fill_blank_50,train,train
19203,2311.03741v3,fill_blank_75,train,train
8272,2507.10113v1,fill_blank_50,train,train
12614,2412.19071v1,fill_blank_100,train,train
15094,2403.00605v1,fill_blank_100,train,train
16664,1810.09958v1,fill_blank_100,train,train
1201,2406.07989v1,fill_blank_25,train,test
3693,2505.15403v1,fill_blank_75,train,train
17134,2501.02335v3,fill_blank_100,train,test
8651,2507.09843v1,fill_blank_25,train,test
5047,2503.22378v1,fill_blank_50,train,train
7859,2506.17764v1,fill_blank_100,train,train
13068,2012.07034v1,fill_blank_75,train,test
1189,2406.07989v1,fill_blank_100,train,test
15979,2012.01726v1,fill_blank_100,train,train
11879,2212.07950v1,fill_blank_100,train,train
2849,2504.11729v1,fill_blank_100,train,train
3053,2505.12902v1,fill_blank_75,train,train
16778,2412.03181v1,fill_blank_75,train,train
18301,2501.06355v1,fill_blank_25,train,train
4768,2503.10525v1,fill_blank_75,train,train
14136,2302.05439v1,fill_blank_25,train,train
4156,2505.19983v1,fill_blank_25,train,train
299,2508.04322v1,fill_blank_100,train,train
5395,2308.15696v1,MCQ,train,train
18783,2409.09590v1,fill_blank_75,train,test
4439,2506.01400v1,fill_blank_100,train,train
5044,2503.22378v1,fill_blank_100,train,train
13924,2411.08759v3,fill_blank_100,train,train
12865,2504.03648v1,MCQ,train,train
8042,2508.12215v1,fill_blank_50,train,test
9428,2203.05152v1,fill_blank_75,train,train
1075,2505.16327v1,MCQ,train,test
4431,2506.01400v1,fill_blank_25,train,train
10748,2203.10783v1,fill_blank_75,train,train
9420,2203.05152v1,MCQ,train,train
17023,2405.19771v2,fill_blank_75,train,train
13192,2107.03434v2,fill_blank_50,train,train
13058,2012.07034v1,fill_blank_75,train,test
10142,2309.08995v1,fill_blank_50,train,test
19032,0507039v1,fill_blank_50,train,train
2738,2506.08930v1,fill_blank_75,train,test
9093,2010.03413v1,fill_blank_75,train,train
1424,2507.03928v1,fill_blank_100,train,train
8851,2401.06908v1,fill_blank_25,train,train
4489,2508.09532v1,fill_blank_100,train,train
16064,1706.03721v1,fill_blank_100,train,test
15448,2410.17525v1,fill_blank_75,train,train
11623,2411.19795v1,fill_blank_75,train,train
895,2503.09393v2,MCQ,train,train
9215,2304.14232v4,MCQ,train,train
2284,2502.03450v2,fill_blank_100,train,train
3397,2301.11557v1,fill_blank_50,train,train
15865,2103.09156v2,MCQ,train,train
4909,2505.19843v1,fill_blank_100,train,train
438,2507.16666v1,fill_blank_75,train,train
966,2507.04067v1,fill_blank_25,train,train
16127,2411.02757v1,fill_blank_50,train,train
9693,1905.07607v1,fill_blank_75,train,train
9193,2305.16288v2,fill_blank_75,train,train
8729,2504.08811v2,fill_blank_100,train,train
12953,2309.08844v1,fill_blank_75,train,test
9488,2101.04249v2,fill_blank_75,train,test
9208,2304.14232v4,fill_blank_75,train,train
3922,2507.09852v1,fill_blank_50,train,train
7277,2504.12956v1,fill_blank_50,train,train
11101,2403.17810v1,fill_blank_25,train,train
578,2503.08937v1,fill_blank_75,train,train
11840,2010.13171v1,MCQ,train,train
9334,2406.12596v3,fill_blank_100,train,train
13482,2503.05700v1,fill_blank_50,train,train
9648,1004.1997v1,fill_blank_75,train,train
12330,2203.10534v1,MCQ,train,train
10210,2304.01510v2,MCQ,train,test
15677,2409.17295v1,fill_blank_50,train,train
7818,2507.18864v1,fill_blank_75,train,train
12152,2401.10280v1,fill_blank_50,train,train
3444,2507.20504v1,fill_blank_100,train,train
2930,2504.19954v1,MCQ,train,train
11224,2411.10259v1,fill_blank_100,train,test
13642,2502.17472v1,fill_blank_50,train,train
18367,2304.03594v1,fill_blank_50,train,train
3862,2506.11351v1,fill_blank_50,train,test
12995,2409.14521v2,MCQ,train,train
8332,2507.16211v1,fill_blank_50,train,train
16034,2211.15990v1,fill_blank_100,train,train
6462,2009.12533v1,fill_blank_50,train,train
6448,2502.03117v1,fill_blank_75,train,train
11653,2202.08742v1,fill_blank_75,train,train
7134,2401.15344v1,fill_blank_100,train,test
12222,2303.02850v2,fill_blank_50,train,test
4482,2505.15841v1,fill_blank_50,train,train
1833,2404.07315v2,fill_blank_75,train,train
8656,2507.09843v1,fill_blank_25,train,test
10028,2205.12155v2,fill_blank_75,train,train
3047,2505.12902v1,fill_blank_50,train,train
16060,1706.03721v1,MCQ,train,test
9418,1410.5076v2,fill_blank_75,train,train
10732,2111.09413v1,fill_blank_50,train,test
16828,2407.19541v2,fill_blank_75,train,train
11739,2407.03280v1,fill_blank_100,train,train
14413,2211.11180v2,fill_blank_75,train,train
17939,2207.04847v1,fill_blank_100,train,train
7717,2407.01957v1,fill_blank_50,train,train
4950,2507.03848v1,MCQ,train,train
11947,2011.01920v1,fill_blank_50,train,train
5610,1708.03792v1,MCQ,train,test
18798,2208.06881v1,fill_blank_75,train,train
3398,2301.11557v1,fill_blank_75,train,train
13171,2401.05164v1,fill_blank_25,train,test
3832,2508.10826v1,fill_blank_50,train,train
13576,2105.11834v1,fill_blank_25,train,train
13240,2402.16591v1,MCQ,train,train
18628,2407.07702v1,fill_blank_75,train,train
6357,2506.22465v1,fill_blank_50,train,test
9798,2310.06604v2,fill_blank_75,train,train
17450,2211.12955v2,MCQ,train,train
3394,2301.11557v1,fill_blank_100,train,train
1068,2508.09149v1,fill_blank_75,train,train
3764,2504.09178v1,fill_blank_100,train,train
1662,2508.06526v1,fill_blank_50,train,test
6377,2505.05090v1,fill_blank_50,train,train
18192,2103.12192v2,fill_blank_50,train,train
1118,2506.22844v1,fill_blank_75,train,train
10737,2111.09413v1,fill_blank_50,train,test
7204,2407.13510v1,fill_blank_100,train,train
10363,2410.03732v1,fill_blank_75,train,train
7757,2504.20425v1,fill_blank_50,train,test
7199,2503.21102v1,fill_blank_100,train,train
8097,2507.12221v1,fill_blank_50,train,train
77,2505.02964v1,fill_blank_50,train,train
12639,2206.02308v1,fill_blank_100,train,train
5532,2505.12502v1,fill_blank_50,train,train
14972,2406.14107v1,fill_blank_50,train,train
14987,2407.00933v1,fill_blank_50,train,train
5470,2207.08737v2,MCQ,train,test
1912,2507.13037v1,fill_blank_50,train,train
13852,2402.13096v1,fill_blank_50,train,train
18709,2409.17738v1,fill_blank_100,train,train
8907,2306.06404v1,fill_blank_50,train,train
3893,1008.1380v1,fill_blank_75,train,train
568,2503.08937v1,fill_blank_75,train,train
8267,2507.10113v1,fill_blank_50,train,train
4426,2506.01400v1,fill_blank_25,train,train
17699,2205.12073v2,fill_blank_100,train,train
8009,2503.13907v1,fill_blank_100,train,train
1580,2503.02156v1,MCQ,train,test
1215,2103.15757v1,MCQ,train,test
12495,2401.08624v1,MCQ,train,train
18932,2405.02681v1,fill_blank_50,train,train
3549,2103.09694v1,fill_blank_100,train,train
16316,2305.02074v2,fill_blank_25,train,train
8417,2505.21691v2,fill_blank_50,train,train
11040,2412.19811v1,MCQ,train,train
15118,2412.16354v1,fill_blank_75,train,train
11824,2209.05783v2,fill_blank_100,train,train
11012,2303.14351v1,fill_blank_50,train,train
943,2507.04067v1,fill_blank_75,train,train
12473,2310.03969v1,fill_blank_75,train,train
7598,2505.14153v1,fill_blank_75,train,train
2289,2504.00407v2,fill_blank_100,train,train
17492,2502.09405v1,fill_blank_50,train,train
9816,2108.11979v1,fill_blank_25,train,train
1557,2507.14210v1,fill_blank_50,train,test
9381,2412.14616v1,fill_blank_25,train,test
754,2308.11152v1,fill_blank_100,train,train
1532,2203.04032v1,fill_blank_50,train,train
8923,2212.10748v1,fill_blank_75,train,train
16603,2408.08074v3,fill_blank_75,train,train
18218,1901.03641v1,fill_blank_75,train,train
12453,2111.09676v1,fill_blank_75,train,train
5567,2504.09743v1,fill_blank_50,train,train
14605,2202.10635v1,MCQ,train,train
18021,2411.00374v3,fill_blank_25,train,train
3907,2507.15515v1,fill_blank_50,train,train
2533,2507.14852v1,fill_blank_75,train,train
14997,2407.00933v1,fill_blank_50,train,train
2053,2111.15301v1,fill_blank_75,train,train
18366,2304.03594v1,fill_blank_25,train,train
3526,2202.01946v1,fill_blank_25,train,train
13823,2206.03250v1,fill_blank_75,train,test
13502,2501.12043v1,fill_blank_50,train,test
14990,2407.00933v1,MCQ,train,train
6789,2508.08232v1,fill_blank_100,train,train
1482,2508.11971v1,fill_blank_50,train,train
6485,2505.08079v3,MCQ,train,train
2068,2508.05884v1,fill_blank_75,train,train
17936,2207.04847v1,fill_blank_25,train,train
16810,2211.09599v1,MCQ,train,train
12945,2309.08844v1,MCQ,train,test
1893,2304.00744v1,fill_blank_75,train,train
5843,2507.17695v1,fill_blank_75,train,train
7890,2508.02122v1,MCQ,train,train
6923,2411.07485v1,fill_blank_75,train,train
17176,2304.11464v2,fill_blank_25,train,train
9639,1004.1997v1,fill_blank_100,train,train
6672,2507.04662v1,fill_blank_50,train,train
6808,2505.08298v1,fill_blank_75,train,test
11685,2108.10414v1,MCQ,train,train
1259,2310.05271v1,fill_blank_100,train,train
13697,2208.14538v1,fill_blank_50,train,train
4697,2508.06975v1,fill_blank_50,train,train
2805,2507.05829v1,MCQ,train,test
6886,2506.20430v1,fill_blank_25,train,train
2554,2503.02913v1,fill_blank_100,train,train
12933,2412.02538v2,fill_blank_75,train,train
15102,2311.05712v1,fill_blank_50,train,test
1047,2403.12268v2,fill_blank_50,train,train
15822,2102.09527v2,fill_blank_50,train,train
18771,2409.09590v1,fill_blank_25,train,test
16329,2309.11917v2,fill_blank_100,train,train
12844,2501.06726v2,fill_blank_100,train,train
7544,2507.05042v1,fill_blank_100,train,test
19181,2206.01228v1,fill_blank_25,train,train
4988,2507.03848v1,fill_blank_75,train,train
4600,2102.03040v1,MCQ,train,train
13669,2306.00544v3,fill_blank_100,train,train
8668,2506.19030v2,fill_blank_75,train,train
11783,2402.06306v1,fill_blank_75,train,train
464,2504.06512v1,fill_blank_100,train,train
5812,2506.17870v1,fill_blank_50,train,train
13514,2501.12043v1,fill_blank_100,train,test
3722,2506.18243v1,fill_blank_50,train,train
6219,2506.04433v1,fill_blank_100,train,train
11917,1611.08938v1,fill_blank_50,train,train
7765,2402.11925v1,MCQ,train,train
5221,2508.00234v1,fill_blank_25,train,train
17704,2205.12073v2,fill_blank_100,train,train
13374,2304.08789v3,fill_blank_100,train,train
6350,2506.22465v1,MCQ,train,test
16084,2402.01665v1,fill_blank_100,train,train
17781,2409.00941v1,fill_blank_25,train,train
8853,2401.06908v1,fill_blank_75,train,train
10710,2311.07199v2,MCQ,train,train
18297,2501.06355v1,fill_blank_50,train,train
9552,2406.19084v1,fill_blank_50,train,train
8584,2507.08507v1,fill_blank_100,train,train
10895,2204.07037v2,MCQ,train,train
1918,2507.13037v1,fill_blank_75,train,train
1447,2507.03928v1,fill_blank_50,train,train
1597,2503.02156v1,fill_blank_50,train,test
10334,2411.18836v1,fill_blank_100,train,train
9636,1004.1997v1,fill_blank_25,train,train
9511,2306.15590v2,fill_blank_25,train,train
11105,2403.17810v1,MCQ,train,train
5787,1410.0956v1,fill_blank_50,train,train
10290,2406.05444v1,MCQ,train,train
4689,2507.19845v1,fill_blank_100,train,train
18258,2312.07288v3,fill_blank_75,train,train
16644,2502.17875v1,fill_blank_100,train,train
15350,2502.20468v1,MCQ,train,train
8585,2507.08507v1,MCQ,train,train
8285,2307.07201v1,MCQ,train,train
4184,2505.18534v1,fill_blank_100,train,test
3802,2506.19376v1,fill_blank_50,train,train
15918,2410.06700v2,fill_blank_75,train,train
1255,2310.05271v1,MCQ,train,train
9359,2109.11774v2,fill_blank_100,train,train
3798,2506.19376v1,fill_blank_75,train,train
278,2312.08599v1,fill_blank_75,train,train
16624,2110.14585v2,fill_blank_100,train,train
13735,2502.15436v1,MCQ,train,train
11689,2108.10414v1,fill_blank_100,train,train
4513,2508.09532v1,fill_blank_75,train,train
12658,2103.15733v1,fill_blank_75,train,train
11710,2403.11806v1,MCQ,train,train
409,2507.12368v1,fill_blank_100,train,train
9931,2104.15132v3,fill_blank_25,train,train
18319,2405.14046v2,fill_blank_100,train,train
1421,2507.03928v1,fill_blank_25,train,train
12957,2309.08844v1,fill_blank_50,train,test
10980,2404.15643v1,MCQ,train,train
1022,2507.16550v1,fill_blank_50,train,train
3825,2503.13478v1,MCQ,train,train
14064,2405.06368v4,fill_blank_100,train,train
12094,2310.06532v1,fill_blank_100,train,train
11457,2410.04681v1,fill_blank_50,train,test
358,2504.01676v1,fill_blank_75,train,train
1401,2401.15756v1,fill_blank_25,train,train
12653,2103.15733v1,fill_blank_75,train,train
3861,2506.11351v1,fill_blank_25,train,test
5436,2501.15091v1,fill_blank_25,train,train
4099,2508.02950v1,fill_blank_100,train,test
8409,2505.21691v2,fill_blank_100,train,train
10185,2401.10396v1,MCQ,train,train
12774,2108.11123v1,fill_blank_100,train,test
13457,2206.13007v1,fill_blank_50,train,train
4885,2507.12019v1,MCQ,train,train
5644,2405.00141v1,fill_blank_100,train,test
13137,2203.13621v2,fill_blank_50,train,train
6925,2411.07485v1,MCQ,train,train
10054,1006.3919v1,fill_blank_100,train,train
284,2312.08599v1,fill_blank_100,train,train
12334,2203.10534v1,fill_blank_100,train,train
17884,2306.02911v2,fill_blank_100,train,train
1798,2501.16306v1,fill_blank_75,train,train
4462,2506.22445v1,fill_blank_50,train,train
6688,2504.09986v3,fill_blank_75,train,train
15107,2311.05712v1,fill_blank_50,train,test
7933,2506.12599v3,fill_blank_75,train,test
17341,2403.02942v2,fill_blank_25,train,train
4553,2508.00851v1,fill_blank_75,train,train
4187,2505.18534v1,fill_blank_50,train,test
8957,2403.03675v1,fill_blank_50,train,test
16999,2304.06988v1,fill_blank_100,train,test
7390,2010.07052v3,MCQ,train,train
15008,2410.23366v1,fill_blank_75,train,train
3638,2301.03857v3,fill_blank_75,train,train
4375,2507.06520v1,MCQ,train,train
544,2508.06616v1,fill_blank_100,train,train
4542,2503.04860v1,fill_blank_50,train,train
11864,1112.3972v1,fill_blank_100,train,train
18608,2501.01555v1,fill_blank_75,train,train
13339,2404.11136v2,fill_blank_100,train,test
13019,2409.14521v2,fill_blank_100,train,train
9354,2109.11774v2,fill_blank_100,train,train
16088,2402.01665v1,fill_blank_75,train,train
16293,2201.09228v2,fill_blank_75,train,train
7265,2504.10798v1,MCQ,train,train
11769,2110.14128v1,fill_blank_100,train,train
8113,2505.17530v2,fill_blank_75,train,train
3583,2506.13003v1,fill_blank_75,train,train
10136,2309.08995v1,fill_blank_25,train,test
15463,2410.17525v1,fill_blank_75,train,train
19176,2206.01228v1,fill_blank_25,train,train
8908,2306.06404v1,fill_blank_75,train,train
1359,2108.07165v1,fill_blank_100,train,train
13020,2409.16811v1,MCQ,train,train
11527,2411.15995v2,fill_blank_50,train,train
6003,2506.10925v1,fill_blank_75,train,train
9379,2412.14616v1,fill_blank_100,train,test
4898,2505.19843v1,fill_blank_75,train,train
5089,2505.09028v1,fill_blank_100,train,train
12685,2403.07903v1,MCQ,train,train
8522,2503.11226v1,fill_blank_50,train,train
16608,2408.08074v3,fill_blank_75,train,train
13713,2208.14538v1,fill_blank_75,train,train
13818,2206.03250v1,fill_blank_75,train,test
4172,2505.18534v1,fill_blank_50,train,test
3678,2410.00896v1,fill_blank_75,train,train
6663,2507.04662v1,fill_blank_75,train,train
6804,2505.08298v1,fill_blank_100,train,test
1042,2403.12268v2,fill_blank_50,train,train
2010,2508.11791v1,MCQ,train,train
10759,2203.10783v1,fill_blank_100,train,train
4748,2503.19549v2,fill_blank_75,train,train
312,2508.09582v1,fill_blank_50,train,test
5869,2507.16210v1,fill_blank_100,train,train
16413,2010.11840v1,fill_blank_75,train,train
7513,2507.05042v1,fill_blank_75,train,test
4586,2310.15529v1,fill_blank_25,train,train
8389,2505.08221v2,fill_blank_100,train,train
17955,2412.07269v2,MCQ,train,train
11875,2212.07950v1,MCQ,train,train
7443,2506.11729v1,fill_blank_75,train,train
18250,1006.3537v1,MCQ,train,train
9995,2402.06814v1,MCQ,train,test
5406,2308.15696v1,fill_blank_25,train,train
7497,2508.12185v1,fill_blank_50,train,test
17643,2310.18180v1,fill_blank_75,train,train
1306,2505.07555v1,fill_blank_25,train,train
6345,2506.22465v1,MCQ,train,test
4433,2506.01400v1,fill_blank_75,train,train
12415,2502.01482v1,MCQ,train,train
17550,2207.02563v1,MCQ,train,train
12183,2412.06861v2,fill_blank_75,train,train
11208,2411.10259v1,fill_blank_75,train,test
8171,2110.12224v2,fill_blank_25,train,train
2530,2507.14852v1,MCQ,train,train
319,2508.09582v1,fill_blank_100,train,test
10709,2311.07199v2,fill_blank_100,train,train
1582,2503.02156v1,fill_blank_50,train,test
10476,2410.08726v1,fill_blank_25,train,train
5998,2506.16808v1,fill_blank_75,train,train
13059,2012.07034v1,fill_blank_100,train,test
12206,2303.02850v2,fill_blank_25,train,test
6117,2507.09244v1,fill_blank_50,train,train
7813,2507.18864v1,fill_blank_75,train,train
1162,2406.04188v2,fill_blank_50,train,test
16177,1107.0234v1,fill_blank_50,train,train
677,2505.14055v1,fill_blank_50,train,test
1925,2507.03950v1,MCQ,train,train
8025,2507.16132v1,MCQ,train,train
8825,2307.08474v1,MCQ,train,train
13828,2206.03250v1,fill_blank_75,train,test
18202,2103.12192v2,fill_blank_50,train,train
4122,2506.23817v1,fill_blank_50,train,test
1142,2504.11905v1,fill_blank_50,train,train
1513,2306.12228v1,fill_blank_75,train,train
392,2506.23045v2,fill_blank_50,train,train
1191,2406.07989v1,fill_blank_25,train,test
11992,2108.11697v1,fill_blank_50,train,train
3724,2506.18243v1,fill_blank_100,train,train
13903,2411.08759v3,fill_blank_75,train,train
18768,2409.09590v1,fill_blank_75,train,test
10335,2201.03709v1,MCQ,train,train
16802,2106.16144v1,fill_blank_50,train,train
11134,2312.09467v1,fill_blank_100,train,train
5219,2508.00234v1,fill_blank_100,train,train
3168,2505.08682v1,fill_blank_75,train,train
5472,2207.08737v2,fill_blank_50,train,test
11876,2212.07950v1,fill_blank_25,train,train
9849,2502.06128v2,fill_blank_100,train,train
10261,2409.02346v1,fill_blank_25,train,train
3651,2508.05204v1,fill_blank_25,train,train
15988,2012.01726v1,fill_blank_75,train,train
13057,2012.07034v1,fill_blank_50,train,test
15366,2208.10653v1,fill_blank_25,train,test
4938,2505.02530v1,fill_blank_75,train,train
3654,2508.05204v1,fill_blank_100,train,train
7427,2508.08225v1,fill_blank_50,train,train
5552,2504.09743v1,fill_blank_50,train,train
7772,2402.11925v1,fill_blank_50,train,train
5888,2508.02359v1,fill_blank_75,train,train
5874,2503.08466v1,fill_blank_100,train,train
11358,2507.16513v1,fill_blank_75,train,test
5486,2507.20657v1,fill_blank_25,train,train
6425,2312.03255v1,MCQ,train,train
12011,2112.08861v2,fill_blank_25,train,train
8100,2507.12221v1,MCQ,train,train
3503,2506.13730v1,fill_blank_75,train,train
12111,2310.07853v1,fill_blank_25,train,train
12205,2303.02850v2,MCQ,train,test
15382,2208.10653v1,fill_blank_50,train,test
9076,2405.02818v1,fill_blank_25,train,train
1835,2404.07315v2,MCQ,train,train
10722,2311.07199v2,fill_blank_50,train,train
18070,2102.00990v2,MCQ,train,train
14921,2101.06016v1,fill_blank_25,train,train
9724,2308.13268v1,fill_blank_100,train,test
7491,2508.12185v1,fill_blank_25,train,test
12302,2104.01402v1,fill_blank_50,train,train
698,2505.13994v1,fill_blank_75,train,train
8830,2307.08474v1,MCQ,train,train
11200,2411.10259v1,MCQ,train,test
12472,2310.03969v1,fill_blank_50,train,train
16193,2107.01582v1,fill_blank_75,train,train
6421,2312.03255v1,fill_blank_25,train,train
8103,2507.12221v1,fill_blank_75,train,train
3167,2505.08682v1,fill_blank_50,train,train
3679,2410.00896v1,fill_blank_100,train,train
12250,2303.02850v2,MCQ,train,test
2723,2506.08930v1,fill_blank_75,train,test
6385,2505.05090v1,MCQ,train,train
4209,2504.16529v1,fill_blank_100,train,train
11209,2411.10259v1,fill_blank_100,train,test
12759,2502.09216v1,fill_blank_100,train,train
4908,2505.19843v1,fill_blank_75,train,train
9274,2309.04161v2,fill_blank_100,train,train
13264,2306.08532v1,fill_blank_100,train,test
2211,2406.07910v1,fill_blank_25,train,train
3809,2503.13478v1,fill_blank_100,train,train
628,2508.08206v1,fill_blank_75,train,train
11201,2411.10259v1,fill_blank_25,train,test
10338,2201.03709v1,fill_blank_75,train,train
5530,2505.12502v1,MCQ,train,train
17369,2304.07813v1,fill_blank_100,train,train
7183,2507.01641v2,fill_blank_75,train,train
4430,2506.01400v1,MCQ,train,train
1555,2507.14210v1,MCQ,train,test
4882,2507.12019v1,fill_blank_50,train,train
7379,2507.17494v1,fill_blank_100,train,train
4639,2504.02613v2,fill_blank_100,train,train
12793,2108.11123v1,fill_blank_75,train,test
19088,2501.01038v2,fill_blank_75,train,train
12697,2403.07903v1,fill_blank_50,train,train
11923,1611.08938v1,fill_blank_75,train,train
15249,2412.18876v1,fill_blank_100,train,train
15078,2403.00605v1,fill_blank_75,train,train
7949,2506.12599v3,fill_blank_100,train,test
6504,2409.02748v1,fill_blank_100,train,train
16396,2209.01562v1,fill_blank_25,train,train
13860,2412.01187v1,MCQ,train,train
12240,2303.02850v2,MCQ,train,test
3550,2103.09694v1,MCQ,train,train
17117,2501.02335v3,fill_blank_50,train,test
19179,2206.01228v1,fill_blank_100,train,train
6352,2506.22465v1,fill_blank_50,train,test
4385,2012.13923v1,MCQ,train,train
12310,2104.01402v1,MCQ,train,train
4394,2012.13923v1,fill_blank_100,train,train
14112,2208.11967v1,fill_blank_50,train,train
8817,2508.14739v1,fill_blank_50,train,train
7652,2311.08840v1,fill_blank_50,train,train
94,2507.22317v1,fill_blank_100,train,train
18938,2405.02681v1,fill_blank_75,train,train
15180,2412.16301v1,MCQ,train,train
3599,2506.13003v1,fill_blank_100,train,train
10269,2409.02346v1,fill_blank_100,train,train
4778,2504.02211v2,fill_blank_75,train,train
16066,1706.03721v1,fill_blank_25,train,test
15773,2410.15357v2,fill_blank_75,train,train
15817,2102.09527v2,fill_blank_50,train,train
17025,2010.14825v1,MCQ,train,train
12577,2502.16592v1,fill_blank_50,train,train
1778,2506.07532v1,fill_blank_75,train,test
691,2505.13994v1,fill_blank_25,train,train
16959,2104.03131v1,fill_blank_100,train,train
2182,2505.23154v1,fill_blank_50,train,train
7175,2507.01641v2,MCQ,train,train
5616,1708.03792v1,fill_blank_25,train,test
10584,2408.06288v1,fill_blank_100,train,train
15018,2209.02021v5,fill_blank_75,train,train
5129,2210.17530v1,fill_blank_100,train,train
10811,2501.16805v1,fill_blank_25,train,train
4648,2504.02613v2,fill_blank_75,train,train
8763,1611.03226v1,fill_blank_75,train,train
8419,2505.21691v2,fill_blank_100,train,train
2206,2406.07910v1,fill_blank_25,train,train
668,2505.14055v1,fill_blank_75,train,test
422,2507.16666v1,fill_blank_50,train,train
19272,2312.13045v1,fill_blank_50,train,train
12411,2412.16779v1,fill_blank_25,train,train
10793,2205.05036v1,fill_blank_75,train,train
3894,1008.1380v1,fill_blank_100,train,train
15392,2208.10653v1,fill_blank_50,train,test
15365,2208.10653v1,MCQ,train,test
9265,2012.12843v2,MCQ,train,train
7404,2411.10960v1,fill_blank_100,train,train
16320,2309.11917v2,MCQ,train,train
1405,2401.15756v1,MCQ,train,train
13036,2409.16811v1,fill_blank_25,train,train
9339,2406.12596v3,fill_blank_100,train,train
8204,1003.5309v1,fill_blank_100,train,train
13159,2401.05164v1,fill_blank_100,train,test
11849,2010.13171v1,fill_blank_100,train,train
4835,2207.03001v1,MCQ,train,train
1356,2108.07165v1,fill_blank_25,train,train
1127,2504.11905v1,fill_blank_50,train,train
1657,2508.06526v1,fill_blank_50,train,test
8795,2109.04354v2,MCQ,train,train
18792,2409.09590v1,fill_blank_50,train,test
9726,2308.13268v1,fill_blank_25,train,test
4722,2507.12593v2,fill_blank_50,train,train
10749,2203.10783v1,fill_blank_100,train,train
692,2505.13994v1,fill_blank_50,train,train
8004,2206.03108v1,fill_blank_100,train,train
1595,2503.02156v1,MCQ,train,test
12644,2206.02308v1,fill_blank_100,train,train
12112,2310.07853v1,fill_blank_50,train,train
10901,2204.07037v2,fill_blank_25,train,train
1553,2507.14210v1,fill_blank_75,train,test
3534,2202.01946v1,fill_blank_100,train,train
8582,2507.08507v1,fill_blank_50,train,train
17424,2502.03637v1,fill_blank_100,train,train
9060,2208.07528v1,MCQ,train,train
526,2503.13583v2,fill_blank_25,train,train
15043,2502.01137v1,fill_blank_75,train,train
2551,2503.02913v1,fill_blank_25,train,train
15117,2412.16354v1,fill_blank_50,train,train
7465,2508.10574v1,MCQ,train,train
15290,2508.08002v1,MCQ,train,train
3608,2507.02013v1,fill_blank_75,train,train
1414,2507.03928v1,fill_blank_100,train,train
6800,2505.08298v1,MCQ,train,test
15125,2502.12642v1,MCQ,train,train
2734,2506.08930v1,fill_blank_100,train,test
7306,2407.16483v2,fill_blank_25,train,train
900,2503.09393v2,MCQ,train,train
6828,2112.00633v1,fill_blank_75,train,test
15100,2311.05712v1,MCQ,train,test
10691,2508.04171v1,fill_blank_25,train,train
17071,2405.18919v2,fill_blank_25,train,train
9625,2202.11696v1,MCQ,train,train
11749,2407.03280v1,fill_blank_100,train,train
7168,2508.15581v1,fill_blank_75,train,test
15082,2403.00605v1,fill_blank_50,train,train
10122,2309.08995v1,fill_blank_50,train,test
4029,2506.14557v2,fill_blank_100,train,train
12230,2303.02850v2,MCQ,train,test
5462,2207.08737v2,fill_blank_50,train,test
10339,2201.03709v1,fill_blank_100,train,train
3830,2508.10826v1,MCQ,train,train
4132,2506.23817v1,fill_blank_50,train,test
5607,2508.15375v1,fill_blank_50,train,train
1671,2508.06526v1,fill_blank_25,train,test
9920,2210.08829v1,MCQ,train,train
3570,2505.01712v2,MCQ,train,train
5328,2503.07471v1,fill_blank_75,train,train
10680,2508.04171v1,MCQ,train,train
3659,2508.05204v1,fill_blank_100,train,train
5615,1708.03792v1,MCQ,train,test
9975,2402.06814v1,MCQ,train,test
1694,2508.14753v1,fill_blank_100,train,train
8671,2506.19030v2,fill_blank_25,train,train
9214,2304.14232v4,fill_blank_100,train,train
7763,2504.20425v1,fill_blank_75,train,test
7733,2407.01957v1,fill_blank_75,train,train
9122,2110.09012v3,fill_blank_50,train,train
11822,2209.05783v2,fill_blank_50,train,train
16619,2110.14585v2,fill_blank_100,train,train
5397,2308.15696v1,fill_blank_50,train,train
18374,2304.03594v1,fill_blank_100,train,train
11956,2011.01920v1,fill_blank_25,train,train
12225,2303.02850v2,MCQ,train,test
5195,2203.04090v3,MCQ,train,train
7147,2401.15344v1,fill_blank_50,train,test
3657,2508.05204v1,fill_blank_50,train,train
1584,2503.02156v1,fill_blank_100,train,test
1547,2507.14210v1,fill_blank_50,train,test
11847,2010.13171v1,fill_blank_50,train,train
6296,2412.12914v3,fill_blank_25,train,train
12769,2502.09216v1,fill_blank_100,train,train
5700,2506.23511v1,MCQ,train,train
4808,2305.13706v2,fill_blank_75,train,train
8750,2508.12248v2,MCQ,train,train
13260,2306.08532v1,MCQ,train,test
597,2505.22783v1,fill_blank_50,train,train
11971,2106.16079v1,fill_blank_25,train,train
7421,2508.08225v1,fill_blank_25,train,train
8434,2506.22094v1,fill_blank_100,train,train
6622,2507.20587v1,fill_blank_50,train,train
5398,2308.15696v1,fill_blank_75,train,train
4050,2504.09437v1,MCQ,train,test
3378,2507.13130v1,fill_blank_75,train,train
830,2504.09799v1,MCQ,train,train
2336,2508.05590v1,fill_blank_25,train,train
18766,2409.09590v1,fill_blank_25,train,test
6068,2203.12715v1,fill_blank_75,train,train
8741,2505.21456v1,fill_blank_25,train,train
15903,2410.06700v2,fill_blank_75,train,train
11658,2202.08742v1,fill_blank_75,train,train
8064,2508.12215v1,fill_blank_100,train,test
9883,2107.06181v1,fill_blank_75,train,train
9748,2311.02884v1,fill_blank_75,train,train
4275,2504.18155v1,MCQ,train,train
16266,2209.01108v1,fill_blank_25,train,train
12021,2305.03704v1,fill_blank_25,train,train
5999,2506.16808v1,fill_blank_100,train,train
17753,2405.07255v1,fill_blank_75,train,train
13109,2411.07086v1,fill_blank_100,train,train
14557,2503.01300v1,fill_blank_50,train,train
13263,2306.08532v1,fill_blank_75,train,test
3198,2505.06256v1,fill_blank_75,train,train
12422,2502.01482v1,fill_blank_50,train,train
15305,2312.16918v3,MCQ,train,train
1509,2306.12228v1,fill_blank_100,train,train
8764,1611.03226v1,fill_blank_100,train,train
11963,2011.01920v1,fill_blank_75,train,train
13513,2501.12043v1,fill_blank_75,train,test
6109,2506.23488v1,fill_blank_100,train,train
19153,2508.14457v1,fill_blank_75,train,train
16853,2303.07456v1,fill_blank_75,train,train
9597,2404.05477v2,fill_blank_50,train,train
10683,2508.04171v1,fill_blank_75,train,train
8568,2506.04952v1,fill_blank_75,train,train
10146,2309.08995v1,fill_blank_25,train,test
2225,2505.14184v1,MCQ,train,train
6603,2508.11295v1,fill_blank_75,train,train
6837,2112.00633v1,fill_blank_50,train,test
7422,2508.08225v1,fill_blank_50,train,train
2572,2507.02613v1,fill_blank_50,train,train
8965,2403.03675v1,MCQ,train,test
6288,2501.01837v1,fill_blank_75,train,train
8698,2506.03813v1,fill_blank_75,train,train
12583,2502.16592v1,fill_blank_75,train,train
12275,2507.14035v1,MCQ,train,train
8783,2109.04354v2,fill_blank_75,train,train
17112,2501.02335v3,fill_blank_50,train,test
10730,2111.09413v1,MCQ,train,test
324,2508.09582v1,fill_blank_100,train,test
294,2508.04322v1,fill_blank_100,train,train
17123,2501.02335v3,fill_blank_75,train,test
16298,2201.09228v2,fill_blank_75,train,train
14895,2309.13545v1,MCQ,train,train
11410,2305.17575v1,MCQ,train,train
3407,2508.00409v1,fill_blank_50,train,train
3154,2505.21866v1,fill_blank_100,train,train
1668,2508.06526v1,fill_blank_75,train,test
12757,2502.09216v1,fill_blank_50,train,train
13278,2306.08532v1,fill_blank_75,train,test
9778,2202.08448v1,fill_blank_75,train,train
12087,2310.06532v1,fill_blank_50,train,train
16350,2010.01002v1,MCQ,train,train
11462,2410.04681v1,fill_blank_50,train,test
11507,2405.14691v1,fill_blank_50,train,train
2235,2505.14184v1,MCQ,train,train
7714,2407.01957v1,fill_blank_100,train,train
5464,2207.08737v2,fill_blank_100,train,test
1226,2103.15757v1,fill_blank_25,train,test
846,2503.18078v1,fill_blank_25,train,train
9977,2402.06814v1,fill_blank_50,train,test
17784,2409.00941v1,fill_blank_100,train,train
6812,2505.08298v1,fill_blank_50,train,test
2368,2508.14445v1,fill_blank_75,train,train
8193,1003.5309v1,fill_blank_75,train,train
16044,2401.01007v1,fill_blank_100,train,train
5037,2503.22378v1,fill_blank_50,train,train
1983,2504.07436v1,fill_blank_75,train,train
2535,2507.14852v1,MCQ,train,train
15108,2311.05712v1,fill_blank_75,train,test
16082,2402.01665v1,fill_blank_50,train,train
5739,2502.08557v3,fill_blank_100,train,train
11987,2108.11697v1,fill_blank_50,train,train
4609,2102.03040v1,fill_blank_100,train,train
380,2506.23045v2,MCQ,train,train
7382,2507.17494v1,fill_blank_50,train,train
16409,2010.11840v1,fill_blank_100,train,train
5477,2207.08737v2,fill_blank_50,train,test
5213,2508.00234v1,fill_blank_75,train,train
4627,2504.02613v2,fill_blank_50,train,train
16277,2209.01108v1,fill_blank_50,train,train
12808,2407.09944v2,fill_blank_75,train,test
1079,2505.16327v1,fill_blank_100,train,test
13422,2301.07560v2,fill_blank_50,train,train
5159,2208.13260v1,fill_blank_100,train,train
2184,2505.23154v1,fill_blank_100,train,train
7082,2508.12141v1,fill_blank_50,train,train
13626,2410.01632v1,fill_blank_25,train,train
7952,2506.12599v3,fill_blank_50,train,test
6260,2501.01837v1,MCQ,train,train
13636,2502.17472v1,fill_blank_25,train,train
4028,2506.14557v2,fill_blank_75,train,train
7856,2506.17764v1,fill_blank_25,train,train
8645,2507.09843v1,MCQ,train,test
15230,2408.16464v1,MCQ,train,train
7322,2407.16483v2,fill_blank_50,train,train
18415,2109.00154v3,MCQ,train,train
14876,2401.05383v1,fill_blank_25,train,train
18022,2411.00374v3,fill_blank_50,train,train
10592,2501.08100v1,fill_blank_50,train,train
3254,2504.12794v1,fill_blank_100,train,train
6568,2507.05121v1,fill_blank_75,train,train
12247,2303.02850v2,fill_blank_50,train,test
17226,2412.00442v1,fill_blank_25,train,train
1160,2406.04188v2,MCQ,train,test
621,2508.08206v1,fill_blank_25,train,train
11848,2010.13171v1,fill_blank_75,train,train
16057,1706.03721v1,fill_blank_50,train,test
5069,2405.02323v1,fill_blank_100,train,test
10264,2409.02346v1,fill_blank_100,train,train
5793,2506.17870v1,fill_blank_75,train,train
16032,2211.15990v1,fill_blank_50,train,train
15054,2502.01137v1,fill_blank_100,train,train
17028,2010.14825v1,fill_blank_75,train,train
8253,2506.01382v1,fill_blank_75,train,train
2789,2506.04804v1,fill_blank_100,train,train
11563,2410.09588v1,fill_blank_75,train,train
17793,2409.00941v1,fill_blank_75,train,train
4306,2504.09047v1,fill_blank_25,train,train
5194,2503.17806v1,fill_blank_100,train,train
13066,2012.07034v1,fill_blank_25,train,test
1062,2505.03556v1,fill_blank_50,train,train
1126,2504.11905v1,fill_blank_25,train,train
4589,2310.15529v1,fill_blank_100,train,train
8660,2506.19030v2,MCQ,train,train
7059,2508.08022v1,fill_blank_100,train,train
11657,2202.08742v1,fill_blank_50,train,train
11290,2411.10560v1,MCQ,train,train
1782,2506.07532v1,fill_blank_50,train,test
635,2508.08206v1,MCQ,train,train
3537,2202.01946v1,fill_blank_50,train,train
12817,2407.09944v2,fill_blank_50,train,test
12413,2412.16779v1,fill_blank_75,train,train
9638,1004.1997v1,fill_blank_75,train,train
18446,2309.12200v1,fill_blank_25,train,train
12392,1508.00691v1,fill_blank_50,train,train
18650,2411.17056v2,MCQ,train,train
606,2505.22783v1,fill_blank_25,train,train
16479,2407.11563v1,fill_blank_100,train,train
15420,2307.00969v1,MCQ,train,train
1465,2508.11971v1,MCQ,train,train
15498,2403.13314v1,fill_blank_75,train,train
3815,2503.13478v1,MCQ,train,train
5687,2308.07646v1,fill_blank_50,train,train
8523,2503.11226v1,fill_blank_75,train,train
18247,1006.3537v1,fill_blank_50,train,train
795,2501.02271v1,MCQ,train,train
12333,2203.10534v1,fill_blank_75,train,train
396,2507.12368v1,fill_blank_25,train,train
15006,2410.23366v1,fill_blank_25,train,train
10132,2309.08995v1,fill_blank_50,train,test
7120,2401.15344v1,MCQ,train,test
14410,2211.11180v2,MCQ,train,train
3918,2507.15515v1,fill_blank_75,train,train
2575,2507.02613v1,MCQ,train,train
11138,2312.09467v1,fill_blank_75,train,train
6304,2412.12914v3,fill_blank_100,train,train
7104,2508.01635v1,fill_blank_100,train,train
15369,2208.10653v1,fill_blank_100,train,test
9296,2501.02001v1,fill_blank_25,train,train
70,2505.02964v1,MCQ,train,train
4484,2505.15841v1,fill_blank_100,train,train
9248,2407.19299v3,fill_blank_75,train,train
2577,2507.02613v1,fill_blank_50,train,train
2792,2506.04804v1,fill_blank_50,train,train
15087,2403.00605v1,fill_blank_50,train,train
13500,2501.12043v1,MCQ,train,test
7297,2407.16483v2,fill_blank_50,train,train
13504,2501.12043v1,fill_blank_100,train,test
4068,2504.09437v1,fill_blank_75,train,test
4333,2506.04833v1,fill_blank_75,train,train
7142,2401.15344v1,fill_blank_50,train,test
8329,2504.16972v2,fill_blank_100,train,train
7198,2503.21102v1,fill_blank_75,train,train
9541,2406.19084v1,fill_blank_25,train,train
6178,2209.12253v3,fill_blank_75,train,train
7500,2508.12185v1,MCQ,train,test
7774,2402.11925v1,fill_blank_100,train,train
9077,2405.02818v1,fill_blank_50,train,train
12881,2401.01504v1,fill_blank_25,train,train
7778,2402.11925v1,fill_blank_75,train,train
1213,2406.07989v1,fill_blank_75,train,test
5634,1708.03792v1,fill_blank_100,train,test
17779,2101.09672v1,fill_blank_100,train,train
3708,2508.12964v1,fill_blank_75,train,test
16852,2303.07456v1,fill_blank_50,train,train
3718,2508.12964v1,fill_blank_75,train,test
10143,2309.08995v1,fill_blank_75,train,test
18409,2312.04805v1,fill_blank_100,train,train
12375,2411.03237v1,MCQ,train,train
15083,2403.00605v1,fill_blank_75,train,train
11461,2410.04681v1,fill_blank_25,train,test
7070,2508.12141v1,MCQ,train,train
5263,2508.02048v1,fill_blank_75,train,train
4731,2507.12593v2,fill_blank_25,train,train
12709,2403.08900v1,fill_blank_100,train,train
11519,2405.14691v1,fill_blank_100,train,train
9101,2010.03413v1,fill_blank_25,train,train
4298,2504.18155v1,fill_blank_75,train,train
15633,2405.12432v1,fill_blank_75,train,train
7996,2206.03108v1,fill_blank_25,train,train
3132,2506.22000v1,fill_blank_50,train,train
13318,2111.11650v2,fill_blank_75,train,train
3004,2507.12240v1,fill_blank_100,train,train
227,2508.04570v1,fill_blank_50,train,train
16069,1706.03721v1,fill_blank_100,train,test
2893,2506.23937v1,fill_blank_75,train,train
3694,2505.15403v1,fill_blank_100,train,train
9445,2101.04249v2,MCQ,train,test
6518,2409.02748v1,fill_blank_75,train,train
4097,2508.02950v1,fill_blank_50,train,test
18773,2409.09590v1,fill_blank_75,train,test
16704,2410.16219v1,fill_blank_100,train,train
5870,2503.08466v1,MCQ,train,train
4740,2503.19549v2,MCQ,train,train
18633,2407.07702v1,fill_blank_75,train,train
16957,2104.03131v1,fill_blank_50,train,train
12942,2309.08844v1,fill_blank_50,train,test
7117,2508.01635v1,fill_blank_50,train,train
15003,2410.23366v1,fill_blank_75,train,train
6353,2506.22465v1,fill_blank_75,train,test
9873,1412.2385v1,fill_blank_75,train,train
10996,2303.14351v1,fill_blank_25,train,train
10204,2304.01510v2,fill_blank_100,train,test
12179,2412.06861v2,fill_blank_100,train,train
5296,2508.03391v1,fill_blank_25,train,test
9323,2004.14850v1,fill_blank_75,train,train
4235,2312.13683v1,MCQ,train,train
9949,2006.12238v1,fill_blank_100,train,train
7479,2508.12185v1,fill_blank_100,train,test
8978,2403.03675v1,fill_blank_75,train,test
16187,2107.01582v1,fill_blank_50,train,train
13439,2206.13007v1,fill_blank_100,train,train
7257,2504.08078v1,fill_blank_50,train,train
16085,2402.01665v1,MCQ,train,train
4058,2504.09437v1,fill_blank_75,train,test
6625,2507.20587v1,MCQ,train,train
17818,1509.02664v1,fill_blank_75,train,train
3364,2508.07720v1,fill_blank_100,train,train
13674,2306.00544v3,fill_blank_100,train,train
3404,2301.11557v1,fill_blank_100,train,train
12638,2206.02308v1,fill_blank_75,train,train
18045,2201.05524v1,MCQ,train,train
8542,2506.23755v1,fill_blank_50,train,train
1863,2507.03952v1,fill_blank_75,train,train
4805,2305.13706v2,MCQ,train,train
17371,2304.07813v1,fill_blank_25,train,train
18224,1901.03641v1,fill_blank_100,train,train
8569,2506.04952v1,fill_blank_100,train,train
3643,2301.03857v3,fill_blank_75,train,train
17871,2309.04998v3,fill_blank_25,train,train
8050,2508.12215v1,MCQ,train,test
3849,2506.11351v1,fill_blank_100,train,test
7356,2507.19657v1,fill_blank_25,train,train
13054,2012.07034v1,fill_blank_100,train,test
11125,2405.10553v1,MCQ,train,train
1495,2306.12228v1,MCQ,train,train
7287,2504.12956v1,fill_blank_50,train,train
5323,2501.10676v2,fill_blank_75,train,train
17022,2405.19771v2,fill_blank_50,train,train
7094,2505.24177v1,fill_blank_100,train,test
9727,2308.13268v1,fill_blank_50,train,test
17030,2010.14825v1,MCQ,train,train
4182,2505.18534v1,fill_blank_50,train,test
9484,2101.04249v2,fill_blank_100,train,test
6523,2505.11321v1,fill_blank_75,train,train
13488,2109.07729v1,fill_blank_75,train,train
2625,2508.00274v1,MCQ,train,train
4604,2102.03040v1,fill_blank_100,train,train
17314,2409.11871v1,fill_blank_100,train,train
6527,2505.11321v1,fill_blank_50,train,train
10163,2406.16280v1,fill_blank_75,train,train
2205,2406.07910v1,MCQ,train,train
5813,2506.17870v1,fill_blank_75,train,train
12676,2111.15630v1,fill_blank_25,train,train
10452,2211.10014v1,fill_blank_50,train,train
5277,2508.03391v1,fill_blank_50,train,test
13833,2206.03250v1,fill_blank_75,train,test
8387,2505.08221v2,fill_blank_50,train,train
622,2508.08206v1,fill_blank_50,train,train
14462,2502.09368v1,fill_blank_50,train,train
10558,2009.08346v2,fill_blank_75,train,train
8054,2508.12215v1,fill_blank_100,train,test
6564,2505.00747v1,fill_blank_100,train,train
9271,2309.04161v2,fill_blank_25,train,train
5157,2208.13260v1,fill_blank_50,train,train
10193,2401.10396v1,fill_blank_75,train,train
667,2505.14055v1,fill_blank_50,train,test
4276,2504.18155v1,fill_blank_25,train,train
3921,2507.09852v1,fill_blank_25,train,train
1779,2506.07532v1,fill_blank_100,train,test
7092,2505.24177v1,fill_blank_50,train,test
4945,2507.03848v1,MCQ,train,train
16718,2410.16219v1,fill_blank_75,train,train
11649,2202.08742v1,fill_blank_100,train,train
10792,2205.05036v1,fill_blank_50,train,train
5358,2505.00549v1,fill_blank_75,train,train
8045,2508.12215v1,MCQ,train,test
4183,2505.18534v1,fill_blank_75,train,test
9733,2308.13268v1,fill_blank_75,train,test
1765,2506.07532v1,MCQ,train,test
16972,2104.03131v1,fill_blank_50,train,train
7721,2407.01957v1,fill_blank_25,train,train
7089,2505.24177v1,fill_blank_100,train,test
5032,2407.07434v1,fill_blank_50,train,train
1222,2103.15757v1,fill_blank_50,train,test
8960,2403.03675v1,MCQ,train,test
10030,2205.12155v2,MCQ,train,train
9299,2501.02001v1,fill_blank_100,train,train
10678,1301.1215v1,fill_blank_75,train,train
10392,2312.05768v1,fill_blank_50,train,train
7098,2505.24177v1,fill_blank_75,train,test
6690,2504.09986v3,MCQ,train,train
4179,2505.18534v1,fill_blank_100,train,test
1094,2505.16327v1,fill_blank_100,train,test
10019,2205.12155v2,fill_blank_100,train,train
1105,2506.22844v1,MCQ,train,train
7955,2506.12599v3,MCQ,train,test
10648,2408.16280v1,fill_blank_75,train,train
5331,2503.07471v1,fill_blank_25,train,train
18767,2409.09590v1,fill_blank_50,train,test
10809,2009.00669v3,fill_blank_100,train,train
9512,2306.15590v2,fill_blank_50,train,train
9722,2308.13268v1,fill_blank_50,train,test
8878,2206.07987v2,fill_blank_75,train,train
16317,2305.02074v2,fill_blank_50,train,train
7052,2508.08022v1,fill_blank_50,train,train
7758,2504.20425v1,fill_blank_75,train,test
2375,2508.14445v1,MCQ,train,train
8083,2412.04210v1,fill_blank_75,train,train
7965,2505.04453v1,MCQ,train,train
4115,2506.23817v1,MCQ,train,test
18747,2402.06290v1,fill_blank_50,train,train
15994,2106.04636v1,fill_blank_100,train,train
4868,2504.09325v1,fill_blank_75,train,train
18292,2501.06355v1,fill_blank_50,train,train
11648,2202.08742v1,fill_blank_75,train,train
3873,2505.01818v1,fill_blank_75,train,train
18375,2304.03594v1,MCQ,train,train
9652,1004.1997v1,fill_blank_50,train,train
18930,2405.02681v1,MCQ,train,train
8266,2507.10113v1,fill_blank_25,train,train
18478,2403.00229v1,fill_blank_75,train,train
7867,2506.17764v1,fill_blank_50,train,train
15963,2407.02342v1,fill_blank_75,train,train
13888,2407.14890v1,fill_blank_75,train,train
9834,2209.02633v3,fill_blank_100,train,train
6586,2507.22013v1,fill_blank_25,train,train
11107,2403.17810v1,fill_blank_50,train,train
9173,2410.21658v1,fill_blank_75,train,train
13067,2012.07034v1,fill_blank_50,train,test
13661,2306.00544v3,fill_blank_25,train,train
18024,2411.00374v3,fill_blank_100,train,train
702,2505.13994v1,fill_blank_50,train,train
16068,1706.03721v1,fill_blank_75,train,test
8117,2505.17530v2,fill_blank_50,train,train
12954,2309.08844v1,fill_blank_100,train,test
397,2507.12368v1,fill_blank_50,train,train
12923,2010.07216v1,fill_blank_75,train,train
3493,2506.13730v1,fill_blank_75,train,train
8533,2503.11226v1,fill_blank_75,train,train
16927,2307.06442v2,fill_blank_50,train,train
1384,2506.03063v1,fill_blank_100,train,train
8938,2305.10184v1,fill_blank_75,train,train
13243,2402.16591v1,fill_blank_75,train,train
10603,2501.08100v1,fill_blank_75,train,train
2828,2507.05829v1,fill_blank_75,train,test
9842,2502.06128v2,fill_blank_50,train,train
12278,2507.14035v1,fill_blank_75,train,train
9837,2209.02633v3,fill_blank_50,train,train
15675,2409.17295v1,MCQ,train,train
3690,2505.15403v1,MCQ,train,train
1107,2506.22844v1,fill_blank_50,train,train
3104,2503.17912v1,fill_blank_100,train,train
13928,2502.11053v2,fill_blank_75,train,train
15307,2312.16918v3,fill_blank_50,train,train
6678,2504.09986v3,fill_blank_75,train,train
6503,2409.02748v1,fill_blank_75,train,train
10702,2405.03230v1,fill_blank_50,train,train
18266,2312.07288v3,fill_blank_25,train,train
16043,2401.01007v1,fill_blank_75,train,train
12114,2310.07853v1,fill_blank_100,train,train
10257,2409.02346v1,fill_blank_50,train,train
17767,2101.09672v1,fill_blank_50,train,train
16087,2402.01665v1,fill_blank_50,train,train
2563,2503.02913v1,fill_blank_75,train,train
9772,2202.08448v1,fill_blank_50,train,train
17604,2109.12711v1,fill_blank_100,train,train
13517,2501.12043v1,fill_blank_50,train,test
18863,2209.06566v2,fill_blank_75,train,train
3684,2410.00896v1,fill_blank_100,train,train
7773,2402.11925v1,fill_blank_75,train,train
19280,2312.13045v1,MCQ,train,train
10736,2111.09413v1,fill_blank_25,train,test
11758,2110.14128v1,fill_blank_75,train,train
12810,2407.09944v2,MCQ,train,test
10133,2309.08995v1,fill_blank_75,train,test
10398,2502.09857v1,fill_blank_75,train,train
7666,2506.22082v1,fill_blank_25,train,train
1305,2505.07555v1,MCQ,train,train
15233,2408.16464v1,fill_blank_75,train,train
18605,2501.01555v1,MCQ,train,train
5513,2508.09782v1,fill_blank_75,train,train
12459,2111.09676v1,fill_blank_100,train,train
9378,2412.14616v1,fill_blank_75,train,test
10454,2211.10014v1,fill_blank_100,train,train
12619,2412.19071v1,fill_blank_100,train,train
9901,2107.06181v1,fill_blank_25,train,train
7186,2503.21102v1,fill_blank_25,train,train
1149,2406.04188v2,fill_blank_100,train,test
11314,2302.11204v2,fill_blank_100,train,train
154,2507.03915v1,fill_blank_100,train,train
16178,1107.0234v1,fill_blank_75,train,train
18298,2501.06355v1,fill_blank_75,train,train
586,2507.13176v1,fill_blank_25,train,train
7946,2506.12599v3,fill_blank_25,train,test
2889,2506.23937v1,fill_blank_100,train,train
17628,2310.18180v1,fill_blank_75,train,train
5514,2508.09782v1,fill_blank_100,train,train
9427,2203.05152v1,fill_blank_50,train,train
11663,2202.08742v1,fill_blank_75,train,train
608,2505.22783v1,fill_blank_75,train,train
2953,2508.08663v1,fill_blank_75,train,train
13863,2412.01187v1,fill_blank_75,train,train
17116,2501.02335v3,fill_blank_25,train,test
4630,2504.02613v2,MCQ,train,train
4902,2505.19843v1,fill_blank_50,train,train
15479,2206.04498v1,fill_blank_100,train,train
9150,2408.13329v1,MCQ,train,train
9678,2110.14112v1,fill_blank_75,train,train
9764,2202.08448v1,fill_blank_100,train,train
14545,2407.10382v3,MCQ,train,train
318,2508.09582v1,fill_blank_75,train,test
19007,2502.16267v1,fill_blank_50,train,train
12673,2111.15630v1,fill_blank_75,train,train
15683,2409.17295v1,fill_blank_75,train,train
7124,2401.15344v1,fill_blank_100,train,test
3859,2506.11351v1,fill_blank_100,train,test
17475,2207.07050v1,MCQ,train,train
2783,2507.20524v1,fill_blank_75,train,train
15112,2412.16354v1,fill_blank_50,train,train
10383,2312.05768v1,fill_blank_75,train,train
1235,2505.10194v1,MCQ,train,train
18740,2402.06290v1,MCQ,train,train
1659,2508.06526v1,fill_blank_100,train,test
6570,2507.05121v1,MCQ,train,train
7871,2506.17764v1,fill_blank_25,train,train
4009,2508.04075v1,fill_blank_100,train,train
8657,2507.09843v1,fill_blank_50,train,test
15989,2012.01726v1,fill_blank_100,train,train
2249,2508.15294v1,fill_blank_100,train,train
13332,2411.06015v1,fill_blank_50,train,train
10689,2508.04171v1,fill_blank_100,train,train
10289,2507.12917v2,fill_blank_100,train,train
15253,2412.18876v1,fill_blank_75,train,train
7519,2507.05042v1,fill_blank_100,train,test
11042,2412.19811v1,fill_blank_50,train,train
6984,2504.18168v1,fill_blank_100,train,test
1583,2503.02156v1,fill_blank_75,train,test
7752,2504.20425v1,fill_blank_50,train,test
15267,2508.08002v1,fill_blank_50,train,train
6990,2504.18168v1,MCQ,train,test
7071,2508.12141v1,fill_blank_25,train,train
5623,1708.03792v1,fill_blank_75,train,test
8905,2306.06404v1,MCQ,train,train
11693,2108.10414v1,fill_blank_75,train,train
8418,2505.21691v2,fill_blank_75,train,train
11540,2502.08757v1,MCQ,train,train
12288,2507.14035v1,fill_blank_75,train,train
672,2505.14055v1,fill_blank_50,train,test
13768,2407.11265v1,fill_blank_75,train,train
18634,2407.07702v1,fill_blank_100,train,train
14879,2401.05383v1,fill_blank_100,train,train
9109,2010.03413v1,fill_blank_100,train,train
11489,2405.14691v1,fill_blank_100,train,train
8101,2507.12221v1,fill_blank_25,train,train
9943,2104.15132v3,fill_blank_75,train,train
17306,2409.11871v1,fill_blank_25,train,train
1697,2508.14753v1,fill_blank_50,train,train
867,2508.09882v1,fill_blank_50,train,train
2434,2505.23259v1,fill_blank_100,train,train
10773,2501.10182v1,fill_blank_75,train,train
9148,2408.13329v1,fill_blank_75,train,train
3383,2507.13130v1,fill_blank_75,train,train
10138,2309.08995v1,fill_blank_75,train,test
11218,2411.10259v1,fill_blank_75,train,test
13655,2306.00544v3,MCQ,train,train
11411,2305.17575v1,fill_blank_25,train,train
2032,2505.07893v1,fill_blank_50,train,train
3755,2504.09178v1,MCQ,train,train
10824,2501.16805v1,fill_blank_100,train,train
887,2508.09882v1,fill_blank_50,train,train
7328,2508.14956v1,fill_blank_75,train,train
10294,2406.05444v1,fill_blank_100,train,train
1025,2507.16550v1,MCQ,train,train
15738,2508.14983v1,fill_blank_75,train,train
11414,2305.17575v1,fill_blank_100,train,train
10248,2405.20168v1,fill_blank_75,train,train
9058,2208.07528v1,fill_blank_75,train,train
8010,2503.13907v1,MCQ,train,train
13822,2206.03250v1,fill_blank_50,train,test
10899,2204.07037v2,fill_blank_100,train,train
1387,2506.03063v1,fill_blank_50,train,train
1198,2406.07989v1,fill_blank_75,train,test
14919,2309.13545v1,fill_blank_100,train,train
10104,2009.09380v1,fill_blank_100,train,train
17859,2309.04998v3,fill_blank_100,train,train
12339,2203.10534v1,fill_blank_100,train,train
9548,2406.19084v1,fill_blank_75,train,train
7119,2508.01635v1,fill_blank_100,train,train
390,2506.23045v2,MCQ,train,train
12503,2405.02873v2,fill_blank_75,train,train
62,2505.01834v1,fill_blank_50,train,train
4694,2507.19845v1,fill_blank_100,train,train
6929,2411.07485v1,fill_blank_100,train,train
10307,2406.05444v1,fill_blank_50,train,train
8565,2506.04952v1,MCQ,train,train
1973,2504.07436v1,fill_blank_75,train,train
9833,2209.02633v3,fill_blank_75,train,train
2964,2508.08663v1,fill_blank_100,train,train
8760,1611.03226v1,MCQ,train,train
16168,2412.17356v1,fill_blank_75,train,train
4659,2506.07880v1,fill_blank_100,train,train
2883,2506.23937v1,fill_blank_75,train,train
7494,2508.12185v1,fill_blank_100,train,test
8407,2505.21691v2,fill_blank_50,train,train
5920,2504.20608v1,MCQ,train,train
10137,2309.08995v1,fill_blank_50,train,test
9709,1905.07607v1,fill_blank_100,train,train
4998,2507.08299v1,fill_blank_75,train,train
10234,2304.01510v2,fill_blank_100,train,test
13305,2111.11650v2,MCQ,train,train
1466,2508.11971v1,fill_blank_25,train,train
7407,2411.10960v1,fill_blank_50,train,train
3370,2507.13130v1,MCQ,train,train
6965,2504.00975v3,MCQ,train,train
13158,2401.05164v1,fill_blank_75,train,test
4208,2504.16529v1,fill_blank_75,train,train
10103,2009.09380v1,fill_blank_75,train,train
8566,2506.04952v1,fill_blank_25,train,train
2207,2406.07910v1,fill_blank_50,train,train
9140,2408.13329v1,MCQ,train,train
17175,2304.11464v2,MCQ,train,train
10453,2211.10014v1,fill_blank_75,train,train
761,2209.11483v3,fill_blank_25,train,train
2895,2506.23937v1,MCQ,train,train
15632,2405.12432v1,fill_blank_50,train,train
1497,2306.12228v1,fill_blank_50,train,train
12137,2306.01894v2,fill_blank_50,train,train
9104,2010.03413v1,fill_blank_100,train,train
9694,1905.07607v1,fill_blank_100,train,train
7810,2507.18864v1,MCQ,train,train
7276,2504.12956v1,fill_blank_25,train,train
11788,2402.06306v1,fill_blank_75,train,train
7066,2508.12141v1,fill_blank_25,train,train
11163,2104.06614v1,fill_blank_75,train,train
13282,2407.06227v2,fill_blank_50,train,train
1512,2306.12228v1,fill_blank_50,train,train
18937,2405.02681v1,fill_blank_50,train,train
2870,2506.07647v1,MCQ,train,train
2118,2401.12914v1,fill_blank_75,train,train
4361,2202.02515v1,fill_blank_25,train,train
226,2508.04570v1,fill_blank_25,train,train
15104,2311.05712v1,fill_blank_100,train,test
6757,2507.20477v1,fill_blank_50,train,train
13242,2402.16591v1,fill_blank_50,train,train
447,2504.06512v1,fill_blank_50,train,train
18377,2304.03594v1,fill_blank_50,train,train
19278,2312.13045v1,fill_blank_75,train,train
10483,2410.08726v1,fill_blank_75,train,train
17679,2502.12622v1,fill_blank_100,train,train
1456,2507.17153v1,fill_blank_25,train,train
1550,2507.14210v1,MCQ,train,test
9317,2012.08173v1,fill_blank_50,train,train
15351,2502.20468v1,fill_blank_25,train,train
214,2505.11509v1,fill_blank_100,train,train
1186,2406.07989v1,fill_blank_25,train,test
17828,1509.02664v1,fill_blank_75,train,train
15682,2409.17295v1,fill_blank_50,train,train
7771,2402.11925v1,fill_blank_25,train,train
6703,2508.09159v2,fill_blank_75,train,train
2669,2505.07755v1,fill_blank_100,train,train
18348,2508.03417v1,fill_blank_75,train,train
17959,2412.07269v2,fill_blank_100,train,train
7931,2506.12599v3,fill_blank_25,train,test
5496,2507.20657v1,fill_blank_25,train,train
6229,2506.04433v1,fill_blank_100,train,train
12818,2407.09944v2,fill_blank_75,train,test
7948,2506.12599v3,fill_blank_75,train,test
9657,2209.04496v1,fill_blank_50,train,train
10152,2309.08995v1,fill_blank_50,train,test
10024,2205.12155v2,fill_blank_100,train,train
1449,2507.03928v1,fill_blank_100,train,train
16850,2303.07456v1,MCQ,train,train
5292,2508.03391v1,fill_blank_50,train,test
9653,1004.1997v1,fill_blank_75,train,train
3457,2402.13804v1,fill_blank_50,train,train
6673,2507.04662v1,fill_blank_75,train,train
5068,2405.02323v1,fill_blank_75,train,test
4960,2507.03848v1,MCQ,train,train
17053,2208.10112v1,fill_blank_75,train,train
8338,2507.16211v1,fill_blank_75,train,train
8577,2507.08507v1,fill_blank_50,train,train
1972,2504.07436v1,fill_blank_50,train,train
7115,2508.01635v1,MCQ,train,train
4363,2202.02515v1,fill_blank_75,train,train
7934,2506.12599v3,fill_blank_100,train,test
13356,2404.11136v2,fill_blank_25,train,test
11588,2412.04876v1,fill_blank_75,train,train
11459,2410.04681v1,fill_blank_100,train,test
3319,2507.07474v1,fill_blank_100,train,train
11211,2411.10259v1,fill_blank_25,train,test
3752,2506.11446v1,fill_blank_50,train,train
14559,2503.01300v1,fill_blank_100,train,train
8847,2401.06908v1,fill_blank_50,train,train
11709,2403.11806v1,fill_blank_100,train,train
10770,2501.10182v1,MCQ,train,train
12798,2407.09944v2,fill_blank_75,train,test
1266,2310.05271v1,fill_blank_25,train,train
7337,2508.14956v1,fill_blank_50,train,train
18133,2501.13552v1,fill_blank_75,train,train
2269,2502.03450v2,fill_blank_100,train,train
963,2507.04067v1,fill_blank_75,train,train
18701,2409.17738v1,fill_blank_25,train,train
1230,2103.15757v1,MCQ,train,test
18785,2409.09590v1,MCQ,train,test
13437,2206.13007v1,fill_blank_50,train,train
18450,2206.05427v1,MCQ,train,train
1027,2507.16550v1,fill_blank_50,train,train
414,2507.12368v1,fill_blank_100,train,train
18708,2409.17738v1,fill_blank_75,train,train
8393,2505.08221v2,fill_blank_75,train,train
4100,2508.02950v1,MCQ,train,test
4339,2506.04833v1,fill_blank_100,train,train
12806,2407.09944v2,fill_blank_25,train,test
19222,2405.09663v1,fill_blank_50,train,train
10266,2409.02346v1,fill_blank_25,train,train
17813,1509.02664v1,fill_blank_75,train,train
17178,2304.11464v2,fill_blank_75,train,train
3455,2402.13804v1,MCQ,train,train
12687,2403.07903v1,fill_blank_50,train,train
178,2503.04148v1,fill_blank_75,train,train
13327,2411.06015v1,fill_blank_50,train,train
5784,1410.0956v1,fill_blank_100,train,train
13241,2402.16591v1,fill_blank_25,train,train
13734,2502.15436v1,fill_blank_100,train,train
7815,2507.18864v1,MCQ,train,train
17358,2304.07813v1,fill_blank_75,train,train
13312,2111.11650v2,fill_blank_50,train,train
3454,2507.20504v1,fill_blank_100,train,train
17872,2309.04998v3,fill_blank_50,train,train
1353,2108.07165v1,fill_blank_75,train,train
9449,2101.04249v2,fill_blank_100,train,test
12938,2412.02538v2,fill_blank_75,train,train
6994,2504.18168v1,fill_blank_100,train,test
17234,2412.00442v1,fill_blank_100,train,train
9462,2101.04249v2,fill_blank_50,train,test
17118,2501.02335v3,fill_blank_75,train,test
14285,2108.10535v2,MCQ,train,train
4282,2504.18155v1,fill_blank_50,train,train
5611,1708.03792v1,fill_blank_25,train,test
858,2503.18078v1,fill_blank_75,train,train
1408,2401.15756v1,fill_blank_75,train,train
8198,1003.5309v1,fill_blank_75,train,train
1193,2406.07989v1,fill_blank_75,train,test
4883,2507.12019v1,fill_blank_75,train,train
15770,2410.15357v2,MCQ,train,train
4325,2503.03620v1,MCQ,train,train
8648,2507.09843v1,fill_blank_75,train,test
13177,2401.05164v1,fill_blank_50,train,test
18894,2108.11879v1,fill_blank_100,train,train
2323,2206.02109v2,fill_blank_75,train,train
7307,2407.16483v2,fill_blank_50,train,train
18244,1006.3537v1,fill_blank_100,train,train
11654,2202.08742v1,fill_blank_100,train,train
7927,2506.12599v3,fill_blank_50,train,test
150,2507.03915v1,MCQ,train,train
12595,2501.03608v1,MCQ,train,test
1224,2103.15757v1,fill_blank_100,train,test
12434,2411.09906v2,fill_blank_100,train,train
2657,2506.06876v1,fill_blank_50,train,train
10904,2204.07037v2,fill_blank_100,train,train
4905,2505.19843v1,MCQ,train,train
5002,2507.08299v1,fill_blank_50,train,train
3283,2504.12794v1,fill_blank_75,train,train
6966,2504.00975v3,fill_blank_25,train,train
3948,2508.11792v1,fill_blank_75,train,train
13328,2411.06015v1,fill_blank_75,train,train
13773,2407.11265v1,fill_blank_75,train,train
16565,2207.00264v1,MCQ,train,train
11518,2405.14691v1,fill_blank_75,train,train
12608,2501.03608v1,fill_blank_75,train,test
17405,2501.08825v1,MCQ,train,train
8333,2507.16211v1,fill_blank_75,train,train
15344,2502.20468v1,fill_blank_100,train,train
11388,2306.06664v1,fill_blank_75,train,train
8227,2507.03918v1,fill_blank_50,train,train
11108,2403.17810v1,fill_blank_75,train,train
6108,2506.23488v1,fill_blank_75,train,train
427,2507.16666v1,fill_blank_50,train,train
12483,2310.03969v1,fill_blank_75,train,train
13824,2206.03250v1,fill_blank_100,train,test
13814,2105.12265v1,fill_blank_100,train,train
7489,2508.12185v1,fill_blank_100,train,test
4858,2504.09325v1,fill_blank_75,train,train
8490,2503.13043v1,MCQ,train,train
2258,2508.15294v1,fill_blank_75,train,train
5267,2508.02048v1,fill_blank_50,train,train
16673,1810.09958v1,fill_blank_75,train,train
15607,2303.03287v2,fill_blank_50,train,train
5553,2504.09743v1,fill_blank_75,train,train
398,2507.12368v1,fill_blank_75,train,train
12965,2305.16105v1,MCQ,train,train
9119,2110.09012v3,fill_blank_100,train,train
18519,2101.06948v1,fill_blank_100,train,train
10231,2304.01510v2,fill_blank_25,train,test
3373,2507.13130v1,fill_blank_75,train,train
16319,2305.02074v2,fill_blank_100,train,train
12317,2006.13087v1,fill_blank_50,train,train
19290,2201.02408v3,MCQ,train,train
9779,2202.08448v1,fill_blank_100,train,train
1528,2203.04032v1,fill_blank_75,train,train
5728,2502.08557v3,fill_blank_75,train,train
2480,2505.18739v1,MCQ,train,train
665,2505.14055v1,MCQ,train,test
8435,2506.22094v1,MCQ,train,train
965,2507.04067v1,MCQ,train,train
10787,2205.05036v1,fill_blank_50,train,train
6212,2506.04433v1,fill_blank_50,train,train
12657,2103.15733v1,fill_blank_50,train,train
13519,2501.12043v1,fill_blank_100,train,test
17350,2501.00366v1,MCQ,train,train
4804,2305.13706v2,fill_blank_100,train,train
5983,2508.00011v1,fill_blank_75,train,train
3710,2508.12964v1,MCQ,train,test
7574,2506.02666v2,fill_blank_100,train,train
4538,2503.04860v1,fill_blank_75,train,train
8956,2403.03675v1,fill_blank_25,train,test
8265,2507.10113v1,MCQ,train,train
1364,2108.07165v1,fill_blank_100,train,train
4989,2507.03848v1,fill_blank_100,train,train
3888,1008.1380v1,fill_blank_75,train,train
8408,2505.21691v2,fill_blank_75,train,train
8909,2306.06404v1,fill_blank_100,train,train
2565,2507.02613v1,MCQ,train,train
16588,2409.06946v1,fill_blank_75,train,train
7139,2401.15344v1,fill_blank_100,train,test
8850,2401.06908v1,MCQ,train,train
9080,2405.02818v1,MCQ,train,train
7938,2506.12599v3,fill_blank_75,train,test
13940,2502.11053v2,MCQ,train,train
120,2505.04114v1,MCQ,train,train
9799,2310.06604v2,fill_blank_100,train,train
5125,2210.17530v1,MCQ,train,train
1388,2506.03063v1,fill_blank_75,train,train
8062,2508.12215v1,fill_blank_50,train,test
9495,2306.15590v2,MCQ,train,train
10865,2207.07493v4,MCQ,train,train
2929,2507.13826v1,fill_blank_100,train,train
1556,2507.14210v1,fill_blank_25,train,test
8033,2507.16132v1,fill_blank_75,train,train
1988,2504.07436v1,fill_blank_75,train,train
19227,2405.09663v1,fill_blank_50,train,train
14009,2508.03740v1,fill_blank_100,train,train
14877,2401.05383v1,fill_blank_50,train,train
12604,2501.03608v1,fill_blank_100,train,test
8040,2508.12215v1,MCQ,train,test
5497,2507.20657v1,fill_blank_50,train,train
18362,2508.03417v1,fill_blank_50,train,train
4123,2506.23817v1,fill_blank_75,train,test
18167,2401.12803v1,fill_blank_50,train,train
6079,2203.12715v1,fill_blank_100,train,train
17311,2409.11871v1,fill_blank_25,train,train
6623,2507.20587v1,fill_blank_75,train,train
8268,2507.10113v1,fill_blank_75,train,train
1044,2403.12268v2,fill_blank_100,train,train
5630,1708.03792v1,MCQ,train,test
12262,2406.12299v1,fill_blank_50,train,train
18597,2105.04107v3,fill_blank_50,train,train
15038,1906.05153v3,fill_blank_75,train,train
9273,2309.04161v2,fill_blank_75,train,train
15178,2103.12415v2,fill_blank_75,train,train
12607,2501.03608v1,fill_blank_50,train,test
9940,2104.15132v3,MCQ,train,train
5197,2203.04090v3,fill_blank_50,train,train
6558,2505.00747v1,fill_blank_75,train,train
5633,1708.03792v1,fill_blank_75,train,test
17654,2310.18180v1,fill_blank_100,train,train
10157,2309.08995v1,fill_blank_50,train,test
13382,2308.05315v1,fill_blank_50,train,train
7373,2508.07572v2,fill_blank_75,train,train
1929,2507.03950v1,fill_blank_100,train,train
3427,2508.00409v1,fill_blank_50,train,train
5478,2207.08737v2,fill_blank_75,train,test
13210,2107.03434v2,MCQ,train,train
12178,2412.06861v2,fill_blank_75,train,train
3555,2103.09694v1,MCQ,train,train
15788,2410.15357v2,fill_blank_75,train,train
10808,2009.00669v3,fill_blank_75,train,train
10214,2304.01510v2,fill_blank_100,train,test
12407,2412.16779v1,fill_blank_50,train,train
18774,2409.09590v1,fill_blank_100,train,test
1773,2506.07532v1,fill_blank_75,train,test
7512,2507.05042v1,fill_blank_50,train,test
0,2505.00321v1,MCQ,train,train
1589,2503.02156v1,fill_blank_100,train,test
2409,2505.01076v2,fill_blank_100,train,train
10510,2503.01382v1,MCQ,train,train
5777,1410.0956v1,fill_blank_50,train,train
8383,2404.19090v1,fill_blank_75,train,train
7174,2507.01641v2,fill_blank_100,train,train
12383,1508.00691v1,fill_blank_75,train,train
7471,2508.10574v1,fill_blank_25,train,train
5212,2508.00234v1,fill_blank_50,train,train
13872,2412.01187v1,fill_blank_50,train,train
16687,2410.11495v3,fill_blank_50,train,train
18197,2103.12192v2,fill_blank_50,train,train
11870,2212.07950v1,MCQ,train,train
7755,2504.20425v1,MCQ,train,test
18828,2101.09137v2,fill_blank_75,train,train
2418,2505.01076v2,fill_blank_75,train,train
11741,2407.03280v1,fill_blank_25,train,train
9617,2202.11696v1,fill_blank_50,train,train
12498,2401.08624v1,fill_blank_75,train,train
5498,2507.20657v1,fill_blank_75,train,train
458,2504.06512v1,fill_blank_75,train,train
79,2505.02964v1,fill_blank_100,train,train
14888,2404.19646v1,fill_blank_75,train,train
10613,2406.03086v1,fill_blank_75,train,train
4893,2505.19843v1,fill_blank_75,train,train
3658,2508.05204v1,fill_blank_75,train,train
18832,2101.09137v2,fill_blank_50,train,train
13262,2306.08532v1,fill_blank_50,train,test
4470,2505.15841v1,MCQ,train,train
760,2209.11483v3,MCQ,train,train
815,2506.22461v1,MCQ,train,train
11918,1611.08938v1,fill_blank_75,train,train
15491,2206.04498v1,fill_blank_25,train,train
6049,2312.08162v1,fill_blank_100,train,train
14973,2406.14107v1,fill_blank_75,train,train
3673,2410.00896v1,fill_blank_75,train,train
17972,2009.02542v1,fill_blank_50,train,train
15790,2210.05055v3,MCQ,train,train
3848,2506.11351v1,fill_blank_75,train,test
15354,2502.20468v1,fill_blank_100,train,train
193,2508.03579v2,fill_blank_75,train,train
9917,2210.08829v1,fill_blank_50,train,train
1526,2203.04032v1,fill_blank_25,train,train
93,2507.22317v1,fill_blank_75,train,train
11212,2411.10259v1,fill_blank_50,train,test
257,2504.07119v1,fill_blank_50,train,train
13345,2404.11136v2,MCQ,train,test
3368,2507.13130v1,fill_blank_75,train,train
14354,2501.06744v1,fill_blank_100,train,train
13274,2306.08532v1,fill_blank_100,train,test
7567,2506.02666v2,fill_blank_50,train,train
17882,2306.02911v2,fill_blank_50,train,train
13621,2410.01632v1,fill_blank_25,train,train
1396,2506.03063v1,fill_blank_25,train,train
11357,2507.16513v1,fill_blank_50,train,test
8916,2212.10748v1,fill_blank_25,train,train
18625,2407.07702v1,MCQ,train,train
7203,2407.13510v1,fill_blank_75,train,train
10747,2203.10783v1,fill_blank_50,train,train
3908,2507.15515v1,fill_blank_75,train,train
10670,1301.1215v1,MCQ,train,train
9824,2108.11979v1,fill_blank_100,train,train
7644,2311.08840v1,fill_blank_100,train,train
6374,2505.05090v1,fill_blank_100,train,train
9365,2305.10302v1,MCQ,train,train
7201,2407.13510v1,fill_blank_25,train,train
5139,2505.08328v1,fill_blank_100,train,train
7363,2508.07572v2,fill_blank_75,train,train
3367,2507.13130v1,fill_blank_50,train,train
9149,2408.13329v1,fill_blank_100,train,train
2542,2503.02913v1,fill_blank_50,train,train
11982,2106.16079v1,fill_blank_50,train,train
8986,2402.11630v2,fill_blank_25,train,train
8563,2506.04952v1,fill_blank_75,train,train
15472,2206.04498v1,fill_blank_50,train,train
2553,2503.02913v1,fill_blank_75,train,train
11610,2412.11212v1,MCQ,train,train
18667,2411.17056v2,fill_blank_50,train,train
16013,2211.15990v1,fill_blank_75,train,train
3642,2301.03857v3,fill_blank_50,train,train
1173,2406.04188v2,fill_blank_75,train,test
589,2507.13176v1,fill_blank_100,train,train
4149,2505.19983v1,fill_blank_100,train,train
6713,2508.09159v2,fill_blank_75,train,train
2932,2504.19954v1,fill_blank_50,train,train
1434,2507.03928v1,fill_blank_100,train,train
8714,2508.06243v1,fill_blank_100,train,train
6960,2507.20399v1,MCQ,train,train
4944,2505.02530v1,fill_blank_100,train,train
8378,2404.19090v1,fill_blank_75,train,train
8947,2305.10184v1,fill_blank_50,train,train
4592,2310.15529v1,fill_blank_50,train,train
11374,2507.16513v1,fill_blank_100,train,test
7381,2507.17494v1,fill_blank_25,train,train
6809,2505.08298v1,fill_blank_100,train,test
17058,2208.10112v1,fill_blank_75,train,train
5075,2405.02323v1,MCQ,train,test
1089,2505.16327v1,fill_blank_100,train,test
9239,2407.19299v3,fill_blank_100,train,train
7058,2508.08022v1,fill_blank_75,train,train
1829,2404.07315v2,fill_blank_100,train,train
8440,2506.22094v1,MCQ,train,train
4901,2505.19843v1,fill_blank_25,train,train
8141,2505.17530v2,fill_blank_25,train,train
707,2505.13994v1,fill_blank_50,train,train
12138,2306.01894v2,fill_blank_75,train,train
5378,2505.00549v1,fill_blank_75,train,train
7125,2401.15344v1,MCQ,train,test
4053,2504.09437v1,fill_blank_75,train,test
3118,2505.08030v1,fill_blank_75,train,train
9990,2402.06814v1,MCQ,train,test
595,2505.22783v1,MCQ,train,train
16065,1706.03721v1,MCQ,train,test
10674,1301.1215v1,fill_blank_100,train,train
13414,2501.17808v1,fill_blank_100,train,train
7050,2508.08022v1,MCQ,train,train
9081,2405.02818v1,fill_blank_25,train,train
4284,2504.18155v1,fill_blank_100,train,train
16167,2412.17356v1,fill_blank_50,train,train
2448,2506.19688v2,fill_blank_75,train,train
12655,2103.15733v1,MCQ,train,train
2405,2505.01076v2,MCQ,train,train
3860,2506.11351v1,MCQ,train,test
6480,2505.08079v3,MCQ,train,train
8977,2403.03675v1,fill_blank_50,train,test
11778,2402.06306v1,fill_blank_75,train,train
988,2409.08525v1,fill_blank_75,train,train
16269,2209.01108v1,fill_blank_100,train,train
6794,2508.08232v1,fill_blank_100,train,train
2962,2508.08663v1,fill_blank_50,train,train
9069,2208.07528v1,fill_blank_100,train,train
7028,2503.03070v1,fill_blank_75,train,train
13343,2404.11136v2,fill_blank_75,train,test
6372,2505.05090v1,fill_blank_50,train,train
9298,2501.02001v1,fill_blank_75,train,train
7371,2508.07572v2,fill_blank_25,train,train
7096,2505.24177v1,fill_blank_25,train,test
1944,2507.03950v1,fill_blank_100,train,train
7762,2504.20425v1,fill_blank_50,train,test
1028,2507.16550v1,fill_blank_75,train,train
12854,1903.04243v1,fill_blank_100,train,train
12549,2404.19182v1,fill_blank_100,train,train
2735,2506.08930v1,MCQ,train,test
12863,2504.03648v1,fill_blank_75,train,train
7482,2508.12185v1,fill_blank_50,train,test
19273,2312.13045v1,fill_blank_75,train,train
6013,2506.10925v1,fill_blank_75,train,train
82,2507.22317v1,fill_blank_50,train,train
4442,2506.22445v1,fill_blank_50,train,train
1150,2406.04188v2,MCQ,train,test
16024,2211.15990v1,fill_blank_100,train,train
3014,2507.12240v1,fill_blank_100,train,train
12478,2310.03969v1,fill_blank_75,train,train
4861,2504.09325v1,fill_blank_25,train,train
9768,2202.08448v1,fill_blank_75,train,train
2254,2508.15294v1,fill_blank_100,train,train
1207,2406.07989v1,fill_blank_50,train,test
7672,2506.22082v1,fill_blank_50,train,train
17042,2208.10112v1,fill_blank_50,train,train
6093,2505.21408v1,fill_blank_75,train,train
6158,2506.06718v2,fill_blank_75,train,train
17086,2405.18919v2,fill_blank_25,train,train
1981,2504.07436v1,fill_blank_25,train,train
6991,2504.18168v1,fill_blank_25,train,test
6509,2409.02748v1,fill_blank_100,train,train
3403,2301.11557v1,fill_blank_75,train,train
3419,2508.00409v1,fill_blank_100,train,train
12125,2310.07853v1,MCQ,train,train
15854,2205.12207v1,fill_blank_100,train,train
7753,2504.20425v1,fill_blank_75,train,test
11943,2011.01920v1,fill_blank_75,train,train
3135,2506.22000v1,MCQ,train,train
4539,2503.04860v1,fill_blank_100,train,train
15133,2502.12642v1,fill_blank_75,train,train
11603,2412.04876v1,fill_blank_75,train,train
12576,2502.16592v1,fill_blank_25,train,train
16172,1107.0234v1,fill_blank_50,train,train
16679,2410.11495v3,fill_blank_100,train,train
564,2503.08937v1,fill_blank_100,train,train
1228,2103.15757v1,fill_blank_75,train,test
1106,2506.22844v1,fill_blank_25,train,train
12882,2401.01504v1,fill_blank_50,train,train
2369,2508.14445v1,fill_blank_100,train,train
9151,2408.13329v1,fill_blank_25,train,train
18195,2103.12192v2,MCQ,train,train
5614,1708.03792v1,fill_blank_100,train,test
11767,2110.14128v1,fill_blank_50,train,train
12128,2310.07853v1,fill_blank_75,train,train
9858,2502.06128v2,fill_blank_75,train,train
9972,2402.06814v1,fill_blank_50,train,test
12829,2501.06726v2,fill_blank_100,train,train
1375,2506.03063v1,MCQ,train,train
16308,2305.02074v2,fill_blank_75,train,train
1521,2203.04032v1,fill_blank_25,train,train
853,2503.18078v1,fill_blank_75,train,train
3169,2505.08682v1,fill_blank_100,train,train
799,2501.02271v1,fill_blank_100,train,train
18058,2201.05524v1,fill_blank_75,train,train
4121,2506.23817v1,fill_blank_25,train,test
16194,2107.01582v1,fill_blank_100,train,train
11773,2402.06306v1,fill_blank_75,train,train
674,2505.14055v1,fill_blank_100,train,test
4603,2102.03040v1,fill_blank_75,train,train
5437,2501.15091v1,fill_blank_50,train,train
4794,2504.02211v2,fill_blank_100,train,train
67,2505.02964v1,fill_blank_50,train,train
2818,2507.05829v1,fill_blank_75,train,test
17598,2109.12711v1,fill_blank_75,train,train
17100,2402.11050v2,MCQ,train,train
14999,2407.00933v1,fill_blank_100,train,train
5121,2210.17530v1,fill_blank_25,train,train
975,2409.08525v1,MCQ,train,train
8202,1003.5309v1,fill_blank_50,train,train
4157,2505.19983v1,fill_blank_50,train,train
6507,2409.02748v1,fill_blank_50,train,train
12597,2501.03608v1,fill_blank_50,train,test
10254,2409.02346v1,fill_blank_100,train,train
2213,2406.07910v1,fill_blank_75,train,train
2443,2505.23259v1,fill_blank_75,train,train
10198,2401.10396v1,fill_blank_75,train,train
2689,2501.05742v1,fill_blank_100,train,train
10451,2211.10014v1,fill_blank_25,train,train
3854,2506.11351v1,fill_blank_100,train,test
8043,2508.12215v1,fill_blank_75,train,test
6747,2505.13880v3,fill_blank_50,train,train
6922,2411.07485v1,fill_blank_50,train,train
7038,2503.03070v1,fill_blank_75,train,train
14998,2407.00933v1,fill_blank_75,train,train
9247,2407.19299v3,fill_blank_50,train,train
13728,2502.15436v1,fill_blank_75,train,train
277,2312.08599v1,fill_blank_50,train,train
12908,2311.01334v1,fill_blank_75,train,train
9963,2006.12238v1,fill_blank_75,train,train
7953,2506.12599v3,fill_blank_75,train,test
11019,2303.14351v1,fill_blank_100,train,train
19209,2311.03741v3,fill_blank_100,train,train
712,2505.13994v1,fill_blank_50,train,train
13069,2012.07034v1,fill_blank_100,train,test
5152,2208.13260v1,fill_blank_50,train,train
12784,2108.11123v1,fill_blank_100,train,test
12053,2501.00732v1,fill_blank_75,train,train
2600,2312.04418v2,MCQ,train,train
5073,2405.02323v1,fill_blank_75,train,test
16158,2412.17356v1,fill_blank_75,train,train
13694,2411.05346v1,fill_blank_100,train,train
16340,2010.01002v1,MCQ,train,train
16760,2408.02943v1,MCQ,train,train
18299,2501.06355v1,fill_blank_100,train,train
78,2505.02964v1,fill_blank_75,train,train
1474,2508.11971v1,fill_blank_100,train,train
18719,2404.09149v1,fill_blank_100,train,train
2124,2010.00098v2,fill_blank_100,train,train
5076,2405.02323v1,fill_blank_25,train,test
15512,2408.15772v1,fill_blank_50,train,train
16500,2407.13123v2,MCQ,train,train
9108,2010.03413v1,fill_blank_75,train,train
6863,2506.20430v1,fill_blank_75,train,train
5460,2207.08737v2,MCQ,train,test
5842,2507.17695v1,fill_blank_50,train,train
4128,2506.23817v1,fill_blank_75,train,test
2663,2505.07877v1,fill_blank_75,train,train
7789,2508.13661v1,fill_blank_100,train,train
5507,2508.09782v1,fill_blank_50,train,train
3692,2505.15403v1,fill_blank_50,train,train
89,2507.22317v1,fill_blank_100,train,train
18678,2204.01097v1,fill_blank_75,train,train
9219,2304.14232v4,fill_blank_100,train,train
7178,2507.01641v2,fill_blank_75,train,train
16629,2110.14585v2,fill_blank_100,train,train
6268,2501.01837v1,fill_blank_75,train,train
12051,2501.00732v1,fill_blank_25,train,train
1178,2406.04188v2,fill_blank_75,train,test
826,2504.09799v1,fill_blank_25,train,train
11622,2411.19795v1,fill_blank_50,train,train
6807,2505.08298v1,fill_blank_50,train,test
7114,2508.01635v1,fill_blank_100,train,train
6857,2506.20430v1,fill_blank_50,train,train
12575,2502.16592v1,MCQ,train,train
5879,2503.08466v1,fill_blank_100,train,train
8642,2507.09843v1,fill_blank_50,train,test
12675,2111.15630v1,MCQ,train,train
3265,2504.12794v1,MCQ,train,train
1043,2403.12268v2,fill_blank_75,train,train
6119,2507.09244v1,fill_blank_100,train,train
8959,2403.03675v1,fill_blank_100,train,test
19134,2107.07782v1,fill_blank_100,train,train
11705,2403.11806v1,MCQ,train,train
12452,2111.09676v1,fill_blank_50,train,train
16033,2211.15990v1,fill_blank_75,train,train
192,2508.03579v2,fill_blank_50,train,train
7296,2407.16483v2,fill_blank_25,train,train
4918,2505.02530v1,fill_blank_75,train,train
1329,2507.15914v1,fill_blank_100,train,train
17373,2304.07813v1,fill_blank_75,train,train
1273,2308.08946v2,fill_blank_75,train,train
6210,2506.04433v1,MCQ,train,train
16159,2412.17356v1,fill_blank_100,train,train
69,2505.02964v1,fill_blank_100,train,train
11968,2106.16079v1,fill_blank_75,train,train
1687,2508.14753v1,fill_blank_50,train,train
5273,2508.03391v1,fill_blank_75,train,test
845,2503.18078v1,MCQ,train,train
5484,2207.08737v2,fill_blank_100,train,test
13808,2105.12265v1,fill_blank_75,train,train
17029,2010.14825v1,fill_blank_100,train,train
3699,2505.15403v1,fill_blank_100,train,train
5135,2505.08328v1,MCQ,train,train
10693,2508.04171v1,fill_blank_75,train,train
6349,2506.22465v1,fill_blank_100,train,test
17363,2304.07813v1,fill_blank_75,train,train
1227,2103.15757v1,fill_blank_50,train,test
11428,2405.12236v2,fill_blank_75,train,train
5599,2508.15375v1,fill_blank_100,train,train
16574,2207.00264v1,fill_blank_100,train,train
359,2504.01676v1,fill_blank_100,train,train
6292,2501.01837v1,fill_blank_50,train,train
11792,2207.07999v1,fill_blank_50,train,train
16498,2407.13123v2,fill_blank_75,train,train
13118,2309.04549v1,fill_blank_75,train,train
8702,2506.03813v1,fill_blank_50,train,train
18705,2409.17738v1,MCQ,train,train
17364,2304.07813v1,fill_blank_100,train,train
6369,2506.22465v1,fill_blank_100,train,test
5714,2506.23511v1,fill_blank_100,train,train
7093,2505.24177v1,fill_blank_75,train,test
1784,2506.07532v1,fill_blank_100,train,test
1987,2504.07436v1,fill_blank_50,train,train
10164,2406.16280v1,fill_blank_100,train,train
5283,2508.03391v1,fill_blank_75,train,test
5531,2505.12502v1,fill_blank_25,train,train
13856,2402.13096v1,fill_blank_25,train,train
1663,2508.06526v1,fill_blank_75,train,test
2069,2508.05884v1,fill_blank_100,train,train
223,2508.04570v1,fill_blank_75,train,train
262,2504.07119v1,fill_blank_50,train,train
123,2505.04114v1,fill_blank_75,train,train
9192,2305.16288v2,fill_blank_50,train,train
6595,2507.22013v1,MCQ,train,train
15853,2205.12207v1,fill_blank_75,train,train
5621,1708.03792v1,fill_blank_25,train,test
907,2503.09393v2,fill_blank_50,train,train
5103,2505.09028v1,fill_blank_75,train,train
13216,2107.03434v2,fill_blank_25,train,train
2,2505.00321v1,fill_blank_50,train,train
4834,2207.03001v1,fill_blank_100,train,train
4811,2305.13706v2,fill_blank_25,train,train
12672,2111.15630v1,fill_blank_50,train,train
7983,2505.04453v1,fill_blank_75,train,train
9073,2405.02818v1,fill_blank_75,train,train
11860,1112.3972v1,MCQ,train,train
12803,2407.09944v2,fill_blank_75,train,test
7951,2506.12599v3,fill_blank_25,train,test
13535,2411.09660v1,MCQ,train,train
1840,2404.07315v2,MCQ,train,train
9352,2109.11774v2,fill_blank_50,train,train
4747,2503.19549v2,fill_blank_50,train,train
8700,2506.03813v1,MCQ,train,train
5829,2507.17695v1,fill_blank_100,train,train
9539,2406.19084v1,fill_blank_100,train,train
252,2504.07119v1,fill_blank_50,train,train
4127,2506.23817v1,fill_blank_50,train,test
6814,2505.08298v1,fill_blank_100,train,test
6604,2508.11295v1,fill_blank_100,train,train
168,2503.04148v1,fill_blank_75,train,train
2568,2507.02613v1,fill_blank_75,train,train
17752,2405.07255v1,fill_blank_50,train,train
15113,2412.16354v1,fill_blank_75,train,train
1982,2504.07436v1,fill_blank_50,train,train
17241,2412.00442v1,fill_blank_25,train,train
15678,2409.17295v1,fill_blank_75,train,train
14993,2407.00933v1,fill_blank_75,train,train
2816,2507.05829v1,fill_blank_25,train,test
6420,2312.03255v1,MCQ,train,train
12279,2507.14035v1,fill_blank_100,train,train
12813,2407.09944v2,fill_blank_75,train,test
7947,2506.12599v3,fill_blank_50,train,test
10009,2205.12155v2,fill_blank_100,train,train
13520,2501.12043v1,MCQ,train,test
6608,2508.11295v1,fill_blank_75,train,train
15378,2208.10653v1,fill_blank_75,train,test
17319,2409.11871v1,fill_blank_100,train,train
6168,2209.12253v3,fill_blank_75,train,train
7817,2507.18864v1,fill_blank_50,train,train
6959,2507.20399v1,fill_blank_100,train,train
7719,2407.01957v1,fill_blank_100,train,train
15086,2403.00605v1,fill_blank_25,train,train
9823,2108.11979v1,fill_blank_75,train,train
9730,2308.13268v1,MCQ,train,test
16867,2411.11998v1,fill_blank_50,train,train
14886,2404.19646v1,fill_blank_25,train,train
14889,2404.19646v1,fill_blank_100,train,train
15676,2409.17295v1,fill_blank_25,train,train
8900,2306.06404v1,MCQ,train,train
19142,2107.07782v1,fill_blank_50,train,train
3213,2206.13882v1,fill_blank_75,train,train
7647,2311.08840v1,fill_blank_50,train,train
7149,2401.15344v1,fill_blank_100,train,test
7857,2506.17764v1,fill_blank_50,train,train
1843,2404.07315v2,fill_blank_75,train,train
18717,2404.09149v1,fill_blank_50,train,train
17132,2501.02335v3,fill_blank_50,train,test
6359,2506.22465v1,fill_blank_100,train,test
3883,2505.01818v1,fill_blank_75,train,train
1049,2403.12268v2,fill_blank_100,train,train
15654,2501.00170v1,fill_blank_100,train,train
5064,2405.02323v1,fill_blank_100,train,test
11328,2302.11204v2,fill_blank_75,train,train
1984,2504.07436v1,fill_blank_100,train,train
423,2507.16666v1,fill_blank_75,train,train
12605,2501.03608v1,MCQ,train,test
4125,2506.23817v1,MCQ,train,test
9903,2107.06181v1,fill_blank_75,train,train
13634,2502.17472v1,fill_blank_100,train,train
13509,2501.12043v1,fill_blank_100,train,test
2725,2506.08930v1,MCQ,train,test
13587,2105.11834v1,fill_blank_50,train,train
18504,2101.06948v1,fill_blank_100,train,train
12198,2412.06044v1,fill_blank_75,train,train
6658,2507.04662v1,fill_blank_75,train,train
2433,2505.23259v1,fill_blank_75,train,train
8953,2403.03675v1,fill_blank_75,train,test
981,2409.08525v1,fill_blank_25,train,train
2777,2507.20524v1,fill_blank_50,train,train
14869,0901.1123v1,fill_blank_100,train,train
16010,2211.15990v1,MCQ,train,train
1767,2506.07532v1,fill_blank_50,train,test
4452,2506.22445v1,fill_blank_50,train,train
6822,2112.00633v1,fill_blank_50,train,test
3442,2507.20504v1,fill_blank_50,train,train
10679,1301.1215v1,fill_blank_100,train,train
13718,2208.14538v1,fill_blank_75,train,train
19208,2311.03741v3,fill_blank_75,train,train
8617,2504.15967v1,fill_blank_50,train,train
12223,2303.02850v2,fill_blank_75,train,test
7863,2506.17764v1,fill_blank_75,train,train
17423,2502.03637v1,fill_blank_75,train,train
10805,2009.00669v3,MCQ,train,train
7827,2507.18864v1,fill_blank_50,train,train
14922,2101.06016v1,fill_blank_50,train,train
9683,2110.14112v1,fill_blank_75,train,train
6519,2409.02748v1,fill_blank_100,train,train
6694,2504.09986v3,fill_blank_100,train,train
19053,2407.13749v3,fill_blank_75,train,train
10950,2207.11021v1,MCQ,train,train
17044,2208.10112v1,fill_blank_100,train,train
7537,2507.05042v1,fill_blank_50,train,test
11363,2507.16513v1,fill_blank_75,train,test
8008,2503.13907v1,fill_blank_75,train,train
9159,2410.21658v1,fill_blank_100,train,train
9338,2406.12596v3,fill_blank_75,train,train
18077,2102.00990v2,fill_blank_50,train,train
11772,2402.06306v1,fill_blank_50,train,train
18833,2101.09137v2,fill_blank_75,train,train
14024,2508.03740v1,fill_blank_100,train,train
3039,2505.12902v1,fill_blank_100,train,train
10983,2404.15643v1,fill_blank_75,train,train
10918,2309.15483v1,fill_blank_75,train,train
1616,2503.08986v1,fill_blank_25,train,train
9305,2501.02001v1,MCQ,train,train
4088,2504.09437v1,fill_blank_75,train,test
11844,2010.13171v1,fill_blank_100,train,train
5798,2506.17870v1,fill_blank_75,train,train
4175,2505.18534v1,MCQ,train,test
9447,2101.04249v2,fill_blank_50,train,test
15643,2405.12432v1,fill_blank_75,train,train
3704,2508.12964v1,fill_blank_100,train,test
10199,2401.10396v1,fill_blank_100,train,train
12958,2309.08844v1,fill_blank_75,train,test
4809,2305.13706v2,fill_blank_100,train,train
12243,2303.02850v2,fill_blank_75,train,test
4569,2506.07799v1,fill_blank_100,train,train
384,2506.23045v2,fill_blank_100,train,train
13272,2306.08532v1,fill_blank_50,train,test
13259,2306.08532v1,fill_blank_100,train,test
15033,1906.05153v3,fill_blank_75,train,train
16093,2507.17850v1,fill_blank_75,train,train
5035,2503.22378v1,MCQ,train,train
4085,2504.09437v1,MCQ,train,test
13739,2502.15436v1,fill_blank_100,train,train
16484,2407.11563v1,fill_blank_100,train,train
4180,2505.18534v1,MCQ,train,test
12668,2111.15630v1,fill_blank_75,train,train
3687,2505.15403v1,fill_blank_50,train,train
16063,1706.03721v1,fill_blank_75,train,test
8245,2506.01382v1,MCQ,train,train
5252,2508.02048v1,fill_blank_50,train,train
722,2505.13994v1,fill_blank_50,train,train
3754,2506.11446v1,fill_blank_100,train,train
11793,2207.07999v1,fill_blank_75,train,train
8536,2503.11226v1,fill_blank_25,train,train
8773,2505.04085v2,fill_blank_75,train,train
4124,2506.23817v1,fill_blank_100,train,test
17676,2502.12622v1,fill_blank_25,train,train
3729,2506.18243v1,fill_blank_100,train,train
10813,2501.16805v1,fill_blank_75,train,train
389,2506.23045v2,fill_blank_100,train,train
435,2507.16666v1,MCQ,train,train
10305,2406.05444v1,MCQ,train,train
7074,2508.12141v1,fill_blank_100,train,train
1617,2503.08986v1,fill_blank_50,train,train
11538,2411.15995v2,fill_blank_75,train,train
3183,2505.08682v1,fill_blank_75,train,train
13628,2410.01632v1,fill_blank_75,train,train
3122,2506.22000v1,fill_blank_50,train,train
1913,2507.13037v1,fill_blank_75,train,train
18530,2412.16774v1,MCQ,train,train
983,2409.08525v1,fill_blank_75,train,train
12927,2412.02538v2,fill_blank_50,train,train
7170,2507.01641v2,MCQ,train,train
2739,2506.08930v1,fill_blank_100,train,test
65,2505.02964v1,MCQ,train,train
15015,2209.02021v5,MCQ,train,train
10315,2501.00476v1,MCQ,train,train
6893,2505.19538v1,fill_blank_75,train,train
8053,2508.12215v1,fill_blank_75,train,test
10473,2411.11028v2,fill_blank_75,train,train
18469,2206.05427v1,fill_blank_100,train,train
7429,2508.08225v1,fill_blank_100,train,train
3080,2505.09711v1,MCQ,train,train
9216,2304.14232v4,fill_blank_25,train,train
16648,2502.17875v1,fill_blank_75,train,train
8782,2109.04354v2,fill_blank_50,train,train
12696,2403.07903v1,fill_blank_25,train,train
1549,2507.14210v1,fill_blank_100,train,test
7570,2506.02666v2,MCQ,train,train
260,2504.07119v1,MCQ,train,train
18652,2411.17056v2,fill_blank_50,train,train
12609,2501.03608v1,fill_blank_100,train,test
7223,2503.06376v1,fill_blank_75,train,train
4173,2505.18534v1,fill_blank_75,train,test
15028,2209.02021v5,fill_blank_75,train,train
575,2503.08937v1,MCQ,train,train
17342,2403.02942v2,fill_blank_50,train,train
17563,2207.02563v1,fill_blank_75,train,train
4763,2503.10525v1,fill_blank_75,train,train
12298,2507.14035v1,fill_blank_75,train,train
11030,2012.02768v1,MCQ,train,train
11104,2403.17810v1,fill_blank_100,train,train
8452,2107.02431v1,fill_blank_50,train,train
16145,2411.02757v1,MCQ,train,train
15805,2210.05055v3,MCQ,train,train
9590,2103.00971v1,MCQ,train,train
15393,2208.10653v1,fill_blank_75,train,test
38,2505.07762v1,fill_blank_75,train,train
8713,2508.06243v1,fill_blank_75,train,train
12412,2412.16779v1,fill_blank_50,train,train
5618,1708.03792v1,fill_blank_75,train,test
1684,2508.06526v1,fill_blank_100,train,test
4461,2506.22445v1,fill_blank_25,train,train
8554,2506.23755v1,fill_blank_100,train,train
6778,2506.21966v1,fill_blank_75,train,train
14971,2406.14107v1,fill_blank_25,train,train
4268,2506.20858v1,fill_blank_75,train,train
292,2508.04322v1,fill_blank_50,train,train
17912,2309.14971v1,fill_blank_50,train,train
11468,2410.04681v1,fill_blank_75,train,test
17979,2009.02542v1,fill_blank_100,train,train
16858,2411.11998v1,fill_blank_75,train,train
5070,2405.02323v1,MCQ,train,test
9680,2110.14112v1,MCQ,train,train
10866,2207.07493v4,fill_blank_25,train,train
989,2409.08525v1,fill_blank_100,train,train
1524,2203.04032v1,fill_blank_100,train,train
11009,2303.14351v1,fill_blank_100,train,train
3845,2506.11351v1,MCQ,train,test
3940,2508.11792v1,MCQ,train,train
3784,2506.19376v1,fill_blank_100,train,train
5452,2501.15091v1,fill_blank_50,train,train
17448,2407.10986v2,fill_blank_75,train,train
13108,2411.07086v1,fill_blank_75,train,train
1252,2310.05271v1,fill_blank_50,train,train
9690,1905.07607v1,MCQ,train,train
3950,2508.11792v1,MCQ,train,train
16220,2204.09447v1,MCQ,train,train
6376,2505.05090v1,fill_blank_25,train,train
13622,2410.01632v1,fill_blank_50,train,train
12770,2108.11123v1,MCQ,train,test
10098,2009.09380v1,fill_blank_75,train,train
16691,2410.11495v3,fill_blank_25,train,train
18235,1903.01794v1,MCQ,train,train
5088,2505.09028v1,fill_blank_75,train,train
1548,2507.14210v1,fill_blank_75,train,test
13135,2203.13621v2,MCQ,train,train
1484,2508.11971v1,fill_blank_100,train,train
12405,2412.16779v1,MCQ,train,train
1658,2508.06526v1,fill_blank_75,train,test
18704,2409.17738v1,fill_blank_100,train,train
13284,2407.06227v2,fill_blank_100,train,train
2527,2507.14852v1,fill_blank_50,train,train
1234,2103.15757v1,fill_blank_100,train,test
18718,2404.09149v1,fill_blank_75,train,train
1084,2505.16327v1,fill_blank_100,train,test
9985,2402.06814v1,MCQ,train,test
15703,2102.07166v4,fill_blank_75,train,train
9550,2406.19084v1,MCQ,train,train
13166,2401.05164v1,fill_blank_25,train,test
12448,2411.09906v2,fill_blank_75,train,train
16309,2305.02074v2,fill_blank_100,train,train
15219,2409.08549v1,fill_blank_100,train,train
6598,2507.22013v1,fill_blank_75,train,train
3022,2507.12240v1,fill_blank_50,train,train
11668,2411.08264v1,fill_blank_75,train,train
10875,2207.07493v4,MCQ,train,train
8347,2507.16211v1,fill_blank_50,train,train
13273,2306.08532v1,fill_blank_75,train,test
12996,2409.14521v2,fill_blank_25,train,train
13277,2306.08532v1,fill_blank_50,train,test
11024,2012.02768v1,fill_blank_100,train,train
10292,2406.05444v1,fill_blank_50,train,train
6967,2504.00975v3,fill_blank_50,train,train
9332,2406.12596v3,fill_blank_50,train,train
6978,2504.00975v3,fill_blank_75,train,train
5523,2505.12502v1,fill_blank_75,train,train
596,2505.22783v1,fill_blank_25,train,train
2658,2506.06876v1,fill_blank_75,train,train
10007,2205.12155v2,fill_blank_50,train,train
6859,2506.20430v1,fill_blank_100,train,train
13348,2404.11136v2,fill_blank_75,train,test
5471,2207.08737v2,fill_blank_25,train,test
140,2507.03915v1,MCQ,train,train
13190,2107.03434v2,MCQ,train,train
1061,2505.03556v1,fill_blank_25,train,train
13173,2401.05164v1,fill_blank_75,train,test
5294,2508.03391v1,fill_blank_100,train,test
11575,1801.05868v1,MCQ,train,train
11577,1801.05868v1,fill_blank_50,train,train
10364,2410.03732v1,fill_blank_100,train,train
2279,2502.03450v2,fill_blank_100,train,train
6491,2505.08079v3,fill_blank_25,train,train
11877,2212.07950v1,fill_blank_50,train,train
4887,2507.12019v1,fill_blank_50,train,train
15394,2208.10653v1,fill_blank_100,train,test
1487,2508.11971v1,fill_blank_50,train,train
16169,2412.17356v1,fill_blank_100,train,train
16649,2502.17875v1,fill_blank_100,train,train
12449,2411.09906v2,fill_blank_100,train,train
3655,2508.05204v1,MCQ,train,train
4205,2504.16529v1,MCQ,train,train
5617,1708.03792v1,fill_blank_50,train,test
3568,2505.01712v2,fill_blank_75,train,train
8172,2110.12224v2,fill_blank_50,train,train
5204,2203.04090v3,fill_blank_100,train,train
6818,2505.08298v1,fill_blank_75,train,test
8638,2507.09843v1,fill_blank_75,train,test
10203,2304.01510v2,fill_blank_75,train,test
4283,2504.18155v1,fill_blank_75,train,train
16058,1706.03721v1,fill_blank_75,train,test
4288,2504.18155v1,fill_blank_75,train,train
2834,2507.05829v1,fill_blank_100,train,test
12261,2406.12299v1,fill_blank_25,train,train
15916,2410.06700v2,fill_blank_25,train,train
17754,2405.07255v1,fill_blank_100,train,train
1053,2403.12268v2,fill_blank_75,train,train
6817,2505.08298v1,fill_blank_50,train,test
2353,2507.10207v1,fill_blank_75,train,train
6535,2505.11321v1,MCQ,train,train
13909,2411.08759v3,fill_blank_100,train,train
3001,2507.12240v1,fill_blank_25,train,train
12777,2108.11123v1,fill_blank_50,train,test
17375,2304.07813v1,MCQ,train,train
10243,2405.20168v1,fill_blank_75,train,train
2537,2507.14852v1,fill_blank_50,train,train
91,2507.22317v1,fill_blank_25,train,train
18827,2101.09137v2,fill_blank_50,train,train
16943,2404.15099v1,fill_blank_75,train,train
7075,2508.12141v1,MCQ,train,train
18304,2501.06355v1,fill_blank_100,train,train
3999,2508.04075v1,fill_blank_100,train,train
17225,2412.00442v1,MCQ,train,train
2447,2506.19688v2,fill_blank_50,train,train
40,2505.01834v1,MCQ,train,train
13258,2306.08532v1,fill_blank_75,train,test
7202,2407.13510v1,fill_blank_50,train,train
3530,2202.01946v1,MCQ,train,train
12663,2103.15733v1,fill_blank_75,train,train
6972,2504.00975v3,fill_blank_50,train,train
9037,2507.14299v1,fill_blank_50,train,train
7161,2508.15581v1,fill_blank_25,train,test
9097,2010.03413v1,fill_blank_50,train,train
4207,2504.16529v1,fill_blank_50,train,train
13733,2502.15436v1,fill_blank_75,train,train
11482,2405.14691v1,fill_blank_50,train,train
17894,2306.02911v2,fill_blank_100,train,train
7155,2508.15581v1,MCQ,train,test
15965,2407.02342v1,MCQ,train,train
1334,2507.15914v1,fill_blank_100,train,train
1214,2406.07989v1,fill_blank_100,train,test
4409,2312.04688v1,fill_blank_100,train,train
8815,2508.14739v1,MCQ,train,train
7518,2507.05042v1,fill_blank_75,train,test
16354,2010.01002v1,fill_blank_100,train,train
17773,2101.09672v1,fill_blank_75,train,train
3580,2506.13003v1,MCQ,train,train
1331,2507.15914v1,fill_blank_25,train,train
13098,2411.07086v1,fill_blank_75,train,train
10039,2205.12155v2,fill_blank_100,train,train
3165,2505.08682v1,MCQ,train,train
8987,2402.11630v2,fill_blank_50,train,train
2954,2508.08663v1,fill_blank_100,train,train
1507,2306.12228v1,fill_blank_50,train,train
10359,2201.03709v1,fill_blank_100,train,train
7991,2206.03108v1,fill_blank_25,train,train
18539,2412.16774v1,fill_blank_100,train,train
16612,2110.14585v2,fill_blank_50,train,train
1689,2508.14753v1,fill_blank_100,train,train
4951,2507.03848v1,fill_blank_25,train,train
4607,2102.03040v1,fill_blank_50,train,train
10229,2304.01510v2,fill_blank_100,train,test
857,2503.18078v1,fill_blank_50,train,train
7173,2507.01641v2,fill_blank_75,train,train
10883,2207.07493v4,fill_blank_75,train,train
17885,2306.02911v2,MCQ,train,train
7157,2508.15581v1,fill_blank_50,train,test
7166,2508.15581v1,fill_blank_25,train,test
11435,2405.12236v2,MCQ,train,train
4024,2506.14557v2,fill_blank_100,train,train
13758,2407.11265v1,fill_blank_75,train,train
19206,2311.03741v3,fill_blank_25,train,train
14945,2101.06016v1,MCQ,train,train
980,2409.08525v1,MCQ,train,train
10577,2408.06288v1,fill_blank_50,train,train
12642,2206.02308v1,fill_blank_50,train,train
18866,2209.06566v2,fill_blank_25,train,train
16147,2411.02757v1,fill_blank_50,train,train
4307,2504.09047v1,fill_blank_50,train,train
98,2507.01581v1,fill_blank_75,train,train
15315,2311.12273v1,MCQ,train,train
14872,2401.05383v1,fill_blank_50,train,train
18538,2412.16774v1,fill_blank_75,train,train
6358,2506.22465v1,fill_blank_75,train,test
1103,2506.22844v1,fill_blank_75,train,train
8493,2503.13043v1,fill_blank_75,train,train
1573,2503.02156v1,fill_blank_75,train,test
18687,2204.01097v1,fill_blank_50,train,train
5504,2508.09782v1,fill_blank_100,train,train
13543,2411.09660v1,fill_blank_75,train,train
6987,2504.18168v1,fill_blank_50,train,test
9761,2202.08448v1,fill_blank_25,train,train
1463,2507.17153v1,fill_blank_75,train,train
18782,2409.09590v1,fill_blank_50,train,test
8005,2503.13907v1,MCQ,train,train
4087,2504.09437v1,fill_blank_50,train,test
3374,2507.13130v1,fill_blank_100,train,train
2208,2406.07910v1,fill_blank_75,train,train
3458,2402.13804v1,fill_blank_75,train,train
8096,2507.12221v1,fill_blank_25,train,train
1333,2507.15914v1,fill_blank_75,train,train
3173,2505.08682v1,fill_blank_75,train,train
8485,2503.13043v1,MCQ,train,train
15291,2508.08002v1,fill_blank_25,train,train
11683,2108.10414v1,fill_blank_75,train,train
10974,2405.01358v2,fill_blank_100,train,train
13203,2107.03434v2,fill_blank_75,train,train
3799,2506.19376v1,fill_blank_100,train,train
11560,2410.09588v1,MCQ,train,train
2728,2506.08930v1,fill_blank_75,train,test
12744,2403.08900v1,fill_blank_100,train,train
12129,2310.07853v1,fill_blank_100,train,train
306,2508.09582v1,fill_blank_25,train,test
13178,2401.05164v1,fill_blank_75,train,test
5509,2508.09782v1,fill_blank_100,train,train
8098,2507.12221v1,fill_blank_75,train,train
10688,2508.04171v1,fill_blank_75,train,train
2054,2111.15301v1,fill_blank_100,train,train
7998,2206.03108v1,fill_blank_75,train,train
13042,2012.07034v1,fill_blank_50,train,test
8425,2506.22094v1,MCQ,train,train
5660,2405.00141v1,MCQ,train,test
13127,2309.04549v1,fill_blank_50,train,train
2525,2507.14852v1,MCQ,train,train
14988,2407.00933v1,fill_blank_75,train,train
9725,2308.13268v1,MCQ,train,test
264,2504.07119v1,fill_blank_100,train,train
4869,2504.09325v1,fill_blank_100,train,train
10459,2211.10014v1,fill_blank_100,train,train
17855,2309.04998v3,MCQ,train,train
3727,2506.18243v1,fill_blank_50,train,train
10739,2111.09413v1,fill_blank_100,train,test
16161,2412.17356v1,fill_blank_25,train,train
54,2505.01834v1,fill_blank_100,train,train
6070,2203.12715v1,MCQ,train,train
15689,2409.17295v1,fill_blank_100,train,train
4110,2508.02950v1,MCQ,train,test
17024,2405.19771v2,fill_blank_100,train,train
1218,2103.15757v1,fill_blank_75,train,test
5877,2503.08466v1,fill_blank_50,train,train
11585,2412.04876v1,MCQ,train,train
8080,2412.04210v1,MCQ,train,train
4264,2504.21128v1,fill_blank_100,train,train
8770,2505.04085v2,MCQ,train,train
13590,1912.07860v1,MCQ,train,train
12089,2310.06532v1,fill_blank_100,train,train
18912,2301.13729v1,fill_blank_50,train,train
5040,2503.22378v1,MCQ,train,train
11075,2501.17883v1,MCQ,train,train
15778,2410.15357v2,fill_blank_75,train,train
13698,2208.14538v1,fill_blank_75,train,train
9272,2309.04161v2,fill_blank_50,train,train
11988,2108.11697v1,fill_blank_75,train,train
10192,2401.10396v1,fill_blank_50,train,train
2833,2507.05829v1,fill_blank_75,train,test
10469,2411.11028v2,fill_blank_100,train,train
849,2503.18078v1,fill_blank_100,train,train
1795,2501.16306v1,MCQ,train,train
3857,2506.11351v1,fill_blank_50,train,test
3399,2301.11557v1,fill_blank_100,train,train
16149,2411.02757v1,fill_blank_100,train,train
8079,2412.04210v1,fill_blank_100,train,train
18333,2508.03417v1,fill_blank_75,train,train
17057,2208.10112v1,fill_blank_50,train,train
542,2508.06616v1,fill_blank_50,train,train
6802,2505.08298v1,fill_blank_50,train,test
6065,2203.12715v1,MCQ,train,train
7372,2508.07572v2,fill_blank_50,train,train
15056,2305.13810v1,fill_blank_25,train,train
10003,2205.12155v2,fill_blank_75,train,train
7220,2503.06376v1,MCQ,train,train
5629,1708.03792v1,fill_blank_100,train,test
6492,2505.08079v3,fill_blank_50,train,train
16621,2110.14585v2,fill_blank_25,train,train
1458,2507.17153v1,fill_blank_75,train,train
16482,2407.11563v1,fill_blank_50,train,train
6348,2506.22465v1,fill_blank_75,train,test
15095,2311.05712v1,MCQ,train,test
1116,2506.22844v1,fill_blank_25,train,train
4133,2506.23817v1,fill_blank_75,train,test
5023,2407.07434v1,fill_blank_75,train,train
6941,2411.07485v1,fill_blank_25,train,train
1501,2306.12228v1,fill_blank_25,train,train
12159,2401.10280v1,fill_blank_100,train,train
7653,2311.08840v1,fill_blank_75,train,train
5878,2503.08466v1,fill_blank_75,train,train
4544,2503.04860v1,fill_blank_100,train,train
10442,2502.13657v1,fill_blank_50,train,train
3391,2301.11557v1,fill_blank_25,train,train
877,2508.09882v1,fill_blank_50,train,train
18066,2102.00990v2,fill_blank_25,train,train
9408,1410.5076v2,fill_blank_75,train,train
9383,2412.14616v1,fill_blank_75,train,test
6983,2504.18168v1,fill_blank_75,train,test
1398,2506.03063v1,fill_blank_75,train,train
3698,2505.15403v1,fill_blank_75,train,train
6635,2506.12461v1,MCQ,train,train
2078,2508.05884v1,fill_blank_75,train,train
9626,2202.11696v1,fill_blank_25,train,train
10727,2111.09413v1,fill_blank_50,train,test
9328,2004.14850v1,fill_blank_75,train,train
6620,2507.20587v1,MCQ,train,train
12188,2205.03182v1,fill_blank_75,train,train
5428,2308.15696v1,fill_blank_75,train,train
9568,2310.16765v1,fill_blank_75,train,train
16610,2110.14585v2,MCQ,train,train
13610,2410.01632v1,MCQ,train,train
13304,2407.06227v2,fill_blank_100,train,train
7914,2503.17565v2,fill_blank_100,train,train
8819,2508.14739v1,fill_blank_100,train,train
3460,2402.13804v1,MCQ,train,train
13053,2012.07034v1,fill_blank_75,train,test
1153,2406.04188v2,fill_blank_75,train,test
15717,2412.15597v2,fill_blank_50,train,train
12438,2411.09906v2,fill_blank_75,train,train
11675,2411.08264v1,MCQ,train,train
7750,2504.20425v1,MCQ,train,test
2765,2507.20524v1,MCQ,train,train
5663,2405.00141v1,fill_blank_75,train,test
12135,2306.01894v2,MCQ,train,train
8431,2506.22094v1,fill_blank_25,train,train
7997,2206.03108v1,fill_blank_50,train,train
16345,2010.01002v1,MCQ,train,train
4991,2507.03848v1,fill_blank_25,train,train
12385,1508.00691v1,MCQ,train,train
17597,2109.12711v1,fill_blank_50,train,train
3719,2508.12964v1,fill_blank_100,train,test
1269,2310.05271v1,fill_blank_100,train,train
19008,2502.16267v1,fill_blank_75,train,train
10646,2408.16280v1,fill_blank_25,train,train
1677,2508.06526v1,fill_blank_50,train,test
974,2506.23350v1,fill_blank_100,train,train
5274,2508.03391v1,fill_blank_100,train,test
13002,2409.14521v2,fill_blank_50,train,train
14005,2508.03740v1,MCQ,train,train
13353,2404.11136v2,fill_blank_75,train,test
3447,2507.20504v1,fill_blank_50,train,train
15723,2412.15597v2,fill_blank_75,train,train
8789,2109.04354v2,fill_blank_100,train,train
293,2508.04322v1,fill_blank_75,train,train
10218,2304.01510v2,fill_blank_75,train,test
14949,2101.06016v1,fill_blank_100,train,train
1206,2406.07989v1,fill_blank_25,train,test
17221,2412.00442v1,fill_blank_25,train,train
838,2504.09799v1,fill_blank_75,train,train
12476,2310.03969v1,fill_blank_25,train,train
8007,2503.13907v1,fill_blank_50,train,train
13269,2306.08532v1,fill_blank_100,train,test
3725,2506.18243v1,MCQ,train,train
17644,2310.18180v1,fill_blank_100,train,train
10724,2311.07199v2,fill_blank_100,train,train
8441,2506.22094v1,fill_blank_25,train,train
11661,2202.08742v1,fill_blank_25,train,train
16613,2110.14585v2,fill_blank_75,train,train
7326,2508.14956v1,fill_blank_25,train,train
17302,2412.11116v1,fill_blank_50,train,train
5438,2501.15091v1,fill_blank_75,train,train
11023,2012.02768v1,fill_blank_75,train,train
11754,2110.14128v1,fill_blank_100,train,train
11145,2104.06614v1,MCQ,train,train
17572,2502.21080v1,fill_blank_50,train,train
4453,2506.22445v1,fill_blank_75,train,train
13914,2411.08759v3,fill_blank_100,train,train
1046,2403.12268v2,fill_blank_25,train,train
9409,1410.5076v2,fill_blank_100,train,train
10112,2009.09380v1,fill_blank_50,train,train
297,2508.04322v1,fill_blank_50,train,train
11458,2410.04681v1,fill_blank_75,train,test
19087,2501.01038v2,fill_blank_50,train,train
4155,2505.19983v1,MCQ,train,train
6340,2506.08739v1,MCQ,train,train
11353,2507.16513v1,fill_blank_75,train,test
5624,1708.03792v1,fill_blank_100,train,test
9022,2507.14299v1,fill_blank_50,train,train
11530,2411.15995v2,MCQ,train,train
10579,2408.06288v1,fill_blank_100,train,train
4877,2507.12019v1,fill_blank_50,train,train
406,2507.12368v1,fill_blank_25,train,train
2538,2507.14852v1,fill_blank_75,train,train
19200,2311.03741v3,MCQ,train,train
4460,2506.22445v1,MCQ,train,train
10119,2309.08995v1,fill_blank_100,train,test
15308,2312.16918v3,fill_blank_75,train,train
4084,2504.09437v1,fill_blank_100,train,test
8772,2505.04085v2,fill_blank_50,train,train
6607,2508.11295v1,fill_blank_50,train,train
15132,2502.12642v1,fill_blank_50,train,train
868,2508.09882v1,fill_blank_75,train,train
6629,2507.20587v1,fill_blank_100,train,train
2809,2507.05829v1,fill_blank_100,train,test
17447,2407.10986v2,fill_blank_50,train,train
373,2501.09430v1,fill_blank_75,train,train
14747,2412.08596v1,fill_blank_50,train,train
7852,2506.17764v1,fill_blank_50,train,train
13170,2401.05164v1,MCQ,train,test
689,2505.14055v1,fill_blank_100,train,test
10733,2111.09413v1,fill_blank_75,train,test
12083,2310.06532v1,fill_blank_75,train,train
6319,2505.01853v1,fill_blank_100,train,train
83,2507.22317v1,fill_blank_75,train,train
17770,2101.09672v1,MCQ,train,train
203,2505.11509v1,fill_blank_75,train,train
17804,2107.07716v1,fill_blank_100,train,train
880,2508.09882v1,MCQ,train,train
9848,2502.06128v2,fill_blank_75,train,train
13358,2404.11136v2,fill_blank_75,train,test
2775,2507.20524v1,MCQ,train,train
15484,2206.04498v1,fill_blank_100,train,train
9948,2006.12238v1,fill_blank_75,train,train
828,2504.09799v1,fill_blank_75,train,train
12706,2403.08900v1,fill_blank_25,train,train
15098,2311.05712v1,fill_blank_75,train,test
13812,2105.12265v1,fill_blank_50,train,train
10604,2501.08100v1,fill_blank_100,train,train
4766,2503.10525v1,fill_blank_25,train,train
688,2505.14055v1,fill_blank_75,train,test
11572,2410.09588v1,fill_blank_50,train,train
15775,2410.15357v2,MCQ,train,train
9564,2310.16765v1,fill_blank_100,train,train
7688,2402.02795v2,fill_blank_75,train,train
1603,2503.08986v1,fill_blank_75,train,train
3363,2508.07720v1,fill_blank_75,train,train
12233,2303.02850v2,fill_blank_75,train,test
6943,2411.07485v1,fill_blank_75,train,train
9167,2410.21658v1,fill_blank_50,train,train
8699,2506.03813v1,fill_blank_100,train,train
8327,2504.16972v2,fill_blank_50,train,train
2807,2507.05829v1,fill_blank_50,train,test
12136,2306.01894v2,fill_blank_25,train,train
8019,2503.13907v1,fill_blank_100,train,train
12497,2401.08624v1,fill_blank_50,train,train
9608,2404.05477v2,fill_blank_75,train,train
16837,2407.19541v2,fill_blank_50,train,train
12437,2411.09906v2,fill_blank_50,train,train
5482,2207.08737v2,fill_blank_50,train,test
16014,2211.15990v1,fill_blank_100,train,train
1955,2402.09459v1,MCQ,train,test
18924,2405.02681v1,fill_blank_100,train,train
13511,2501.12043v1,fill_blank_25,train,test
5895,2505.04893v1,MCQ,train,train
13868,2412.01187v1,fill_blank_75,train,train
13283,2407.06227v2,fill_blank_75,train,train
1546,2507.14210v1,fill_blank_25,train,test
3890,1008.1380v1,MCQ,train,train
11892,2212.07950v1,fill_blank_50,train,train
439,2507.16666v1,fill_blank_100,train,train
17715,2205.12073v2,MCQ,train,train
2147,2503.17805v1,fill_blank_50,train,train
8723,2508.06243v1,fill_blank_75,train,train
11942,2011.01920v1,fill_blank_50,train,train
16916,2307.06442v2,fill_blank_25,train,train
808,2501.02271v1,fill_blank_75,train,train
12712,2403.08900v1,fill_blank_50,train,train
10902,2204.07037v2,fill_blank_50,train,train
13056,2012.07034v1,fill_blank_25,train,test
11456,2410.04681v1,fill_blank_25,train,test
3723,2506.18243v1,fill_blank_75,train,train
5413,2308.15696v1,fill_blank_75,train,train
7669,2506.22082v1,fill_blank_100,train,train
7057,2508.08022v1,fill_blank_50,train,train
1457,2507.17153v1,fill_blank_50,train,train
10953,2207.11021v1,fill_blank_75,train,train
8186,1003.5309v1,fill_blank_25,train,train
12207,2303.02850v2,fill_blank_50,train,test
5290,2508.03391v1,MCQ,train,test
16650,2502.17875v1,MCQ,train,train
7483,2508.12185v1,fill_blank_75,train,test
6118,2507.09244v1,fill_blank_75,train,train
314,2508.09582v1,fill_blank_100,train,test
5625,1708.03792v1,MCQ,train,test
8508,2506.22252v2,fill_blank_75,train,train
13869,2412.01187v1,fill_blank_100,train,train
679,2505.14055v1,fill_blank_100,train,test
3979,2504.07513v1,fill_blank_100,train,train
12775,2108.11123v1,MCQ,train,test
13129,2309.04549v1,fill_blank_100,train,train
13329,2411.06015v1,fill_blank_100,train,train
18829,2101.09137v2,fill_blank_100,train,train
10418,2105.08158v2,fill_blank_75,train,train
8928,2212.10748v1,fill_blank_75,train,train
10588,2408.06288v1,fill_blank_75,train,train
4410,2508.15673v1,MCQ,train,train
4599,2310.15529v1,fill_blank_100,train,train
19002,2502.16267v1,fill_blank_50,train,train
10466,2411.11028v2,fill_blank_25,train,train
4480,2505.15841v1,MCQ,train,train
6423,2312.03255v1,fill_blank_75,train,train
5754,2502.08557v3,fill_blank_100,train,train
7557,2506.03622v1,fill_blank_50,train,train
7088,2505.24177v1,fill_blank_75,train,test
8278,2507.10113v1,fill_blank_75,train,train
3664,2410.00896v1,fill_blank_100,train,train
2701,2504.19516v1,fill_blank_25,train,train
4066,2504.09437v1,fill_blank_25,train,test
15005,2410.23366v1,MCQ,train,train
18653,2411.17056v2,fill_blank_75,train,train
8174,2110.12224v2,fill_blank_100,train,train
9310,2012.08173v1,MCQ,train,train
3652,2508.05204v1,fill_blank_50,train,train
19214,2311.03741v3,fill_blank_100,train,train
17629,2310.18180v1,fill_blank_100,train,train
12274,2406.12299v1,fill_blank_100,train,train
2594,2312.04418v2,fill_blank_100,train,train
15684,2409.17295v1,fill_blank_100,train,train
8742,2505.21456v1,fill_blank_50,train,train
6963,2507.20399v1,fill_blank_75,train,train
673,2505.14055v1,fill_blank_75,train,test
12898,2311.01334v1,fill_blank_75,train,train
4425,2506.01400v1,MCQ,train,train
1152,2406.04188v2,fill_blank_50,train,test
17908,2309.14971v1,fill_blank_75,train,train
11800,2207.07999v1,MCQ,train,train
17667,2312.13013v2,fill_blank_50,train,train
10144,2309.08995v1,fill_blank_100,train,test
12764,2502.09216v1,fill_blank_100,train,train
784,2508.06794v1,fill_blank_100,train,train
11688,2108.10414v1,fill_blank_75,train,train
10788,2205.05036v1,fill_blank_75,train,train
1888,2304.00744v1,fill_blank_75,train,train
6493,2505.08079v3,fill_blank_75,train,train
3253,2504.12794v1,fill_blank_75,train,train
2458,2506.19688v2,fill_blank_75,train,train
15975,2012.01726v1,MCQ,train,train
559,2508.06616v1,fill_blank_100,train,train
254,2504.07119v1,fill_blank_100,train,train
1508,2306.12228v1,fill_blank_75,train,train
9152,2408.13329v1,fill_blank_50,train,train
7029,2503.03070v1,fill_blank_100,train,train
8943,2305.10184v1,fill_blank_75,train,train
1909,2507.13037v1,fill_blank_100,train,train
13072,2012.14066v1,fill_blank_50,train,train
3189,2505.08682v1,fill_blank_100,train,train
5443,2501.15091v1,fill_blank_75,train,train
2457,2506.19688v2,fill_blank_50,train,train
16059,1706.03721v1,fill_blank_100,train,test
15967,2407.02342v1,fill_blank_50,train,train
4078,2504.09437v1,fill_blank_75,train,test
14875,2401.05383v1,MCQ,train,train
2556,2503.02913v1,fill_blank_25,train,train
12901,2311.01334v1,fill_blank_25,train,train
7025,2503.03070v1,MCQ,train,train
19118,2508.15652v1,fill_blank_75,train,train
3753,2506.11446v1,fill_blank_75,train,train
12142,2306.01894v2,fill_blank_50,train,train
13889,2407.14890v1,fill_blank_100,train,train
6953,2507.20399v1,fill_blank_75,train,train
16322,2309.11917v2,fill_blank_50,train,train
2806,2507.05829v1,fill_blank_25,train,test
2528,2507.14852v1,fill_blank_75,train,train
2823,2507.05829v1,fill_blank_75,train,test
11604,2412.04876v1,fill_blank_100,train,train
9141,2408.13329v1,fill_blank_25,train,train
4819,2305.13706v2,fill_blank_100,train,train
7509,2508.12185v1,fill_blank_100,train,test
2394,2504.15676v1,fill_blank_100,train,train
7501,2508.12185v1,fill_blank_25,train,test
6989,2504.18168v1,fill_blank_100,train,test
4664,2506.07880v1,fill_blank_100,train,train
9618,2202.11696v1,fill_blank_75,train,train
12816,2407.09944v2,fill_blank_25,train,test
11756,2110.14128v1,fill_blank_25,train,train
18588,2105.04107v3,fill_blank_75,train,train
13867,2412.01187v1,fill_blank_50,train,train
1565,2403.18326v1,MCQ,train,train
11919,1611.08938v1,fill_blank_100,train,train
13879,2407.14890v1,fill_blank_100,train,train
16133,2411.02757v1,fill_blank_75,train,train
3976,2504.07513v1,fill_blank_25,train,train
15039,1906.05153v3,fill_blank_100,train,train
153,2507.03915v1,fill_blank_75,train,train
12349,2302.00156v1,fill_blank_100,train,train
7973,2505.04453v1,fill_blank_75,train,train
13755,2407.11265v1,MCQ,train,train
7713,2407.01957v1,fill_blank_75,train,train
10643,2408.16280v1,fill_blank_75,train,train
16267,2209.01108v1,fill_blank_50,train,train
9720,2308.13268v1,MCQ,train,test
593,2507.13176v1,fill_blank_75,train,train
2680,2501.05742v1,MCQ,train,train
7603,2505.14153v1,fill_blank_75,train,train
4518,2507.22851v1,fill_blank_75,train,train
16192,2107.01582v1,fill_blank_50,train,train
9844,2502.06128v2,fill_blank_100,train,train
19049,0507039v1,fill_blank_100,train,train
9988,2402.06814v1,fill_blank_75,train,test
7564,2506.02666v2,fill_blank_100,train,train
15334,2502.20468v1,fill_blank_100,train,train
19173,2206.01228v1,fill_blank_75,train,train
2148,2503.17805v1,fill_blank_75,train,train
1432,2507.03928v1,fill_blank_50,train,train
5284,2508.03391v1,fill_blank_100,train,test
6805,2505.08298v1,MCQ,train,test
872,2508.09882v1,fill_blank_50,train,train
5196,2203.04090v3,fill_blank_25,train,train
7083,2508.12141v1,fill_blank_75,train,train
12848,1903.04243v1,fill_blank_75,train,train
2354,2507.10207v1,fill_blank_100,train,train
13802,2105.12265v1,fill_blank_50,train,train
6839,2112.00633v1,fill_blank_100,train,test
2423,2505.01076v2,fill_blank_75,train,train
11574,2410.09588v1,fill_blank_100,train,train
903,2503.09393v2,fill_blank_75,train,train
8547,2506.23755v1,fill_blank_50,train,train
18368,2304.03594v1,fill_blank_75,train,train
8955,2403.03675v1,MCQ,train,test
15808,2210.05055v3,fill_blank_75,train,train
16843,2303.07456v1,fill_blank_75,train,train
7531,2507.05042v1,fill_blank_25,train,test
8520,2503.11226v1,MCQ,train,train
16985,2304.06988v1,MCQ,train,test
7129,2401.15344v1,fill_blank_100,train,test
4930,2505.02530v1,MCQ,train,train
12782,2108.11123v1,fill_blank_50,train,test
6124,2507.09244v1,fill_blank_100,train,train
10720,2311.07199v2,MCQ,train,train
12063,2501.00732v1,fill_blank_75,train,train
12394,1508.00691v1,fill_blank_100,train,train
14104,2208.11967v1,fill_blank_100,train,train
1407,2401.15756v1,fill_blank_50,train,train
15037,1906.05153v3,fill_blank_50,train,train
8544,2506.23755v1,fill_blank_100,train,train
11659,2202.08742v1,fill_blank_100,train,train
3633,2301.03857v3,fill_blank_75,train,train
623,2508.08206v1,fill_blank_75,train,train
13144,2203.13621v2,fill_blank_100,train,train
17652,2310.18180v1,fill_blank_50,train,train
16654,2502.17875v1,fill_blank_100,train,train
1928,2507.03950v1,fill_blank_75,train,train
2374,2508.14445v1,fill_blank_100,train,train
4917,2505.02530v1,fill_blank_50,train,train
15968,2407.02342v1,fill_blank_75,train,train
6540,2505.11321v1,MCQ,train,train
7819,2507.18864v1,fill_blank_100,train,train
11419,2405.12236v2,fill_blank_100,train,train
9374,2412.14616v1,fill_blank_100,train,test
10587,2408.06288v1,fill_blank_50,train,train
8609,2506.11616v2,fill_blank_100,train,train
6022,2507.19546v1,fill_blank_50,train,train
4867,2504.09325v1,fill_blank_50,train,train
1078,2505.16327v1,fill_blank_75,train,test
4391,2012.13923v1,fill_blank_25,train,train
4279,2504.18155v1,fill_blank_100,train,train
9176,2102.09001v1,fill_blank_25,train,train
16984,2304.06988v1,fill_blank_100,train,test
15713,2412.15597v2,fill_blank_75,train,train
3100,2503.17912v1,MCQ,train,train
7553,2506.03622v1,fill_blank_75,train,train
2935,2504.19954v1,MCQ,train,train
1197,2406.07989v1,fill_blank_50,train,test
18020,2411.00374v3,MCQ,train,train
12023,2305.03704v1,fill_blank_75,train,train
13890,2208.07045v1,MCQ,train,train
2248,2508.15294v1,fill_blank_75,train,train
14134,2206.08306v1,fill_blank_100,train,train
9637,1004.1997v1,fill_blank_50,train,train
681,2505.14055v1,fill_blank_25,train,test
11525,2411.15995v2,MCQ,train,train
16820,2211.09599v1,MCQ,train,train
18303,2501.06355v1,fill_blank_75,train,train
3686,2505.15403v1,fill_blank_25,train,train
253,2504.07119v1,fill_blank_75,train,train
1777,2506.07532v1,fill_blank_50,train,test
12758,2502.09216v1,fill_blank_75,train,train
7868,2506.17764v1,fill_blank_75,train,train
5907,2505.04893v1,fill_blank_50,train,train
7034,2503.03070v1,fill_blank_100,train,train
1113,2506.22844v1,fill_blank_75,train,train
1562,2507.14210v1,fill_blank_50,train,test
17385,2106.05016v1,MCQ,train,train
819,2506.22461v1,fill_blank_100,train,train
3527,2202.01946v1,fill_blank_50,train,train
11310,2302.11204v2,MCQ,train,train
11372,2507.16513v1,fill_blank_50,train,test
1772,2506.07532v1,fill_blank_50,train,test
16678,2410.11495v3,fill_blank_75,train,train
13143,2203.13621v2,fill_blank_75,train,train
683,2505.14055v1,fill_blank_75,train,test
12320,2006.13087v1,MCQ,train,train
11627,2411.19795v1,fill_blank_50,train,train
10685,2508.04171v1,MCQ,train,train
1980,2504.07436v1,MCQ,train,train
5505,2508.09782v1,MCQ,train,train
4568,2506.07799v1,fill_blank_75,train,train
10095,2009.09380v1,MCQ,train,train
17673,2502.12622v1,fill_blank_75,train,train
13299,2407.06227v2,fill_blank_100,train,train
9342,2109.11774v2,fill_blank_50,train,train
19101,2406.19930v3,fill_blank_25,train,train
5699,2308.07646v1,fill_blank_100,train,train
16389,2209.01562v1,fill_blank_100,train,train
12579,2502.16592v1,fill_blank_100,train,train
12493,2401.08624v1,fill_blank_75,train,train
9682,2110.14112v1,fill_blank_50,train,train
6913,2508.01469v1,fill_blank_75,train,train
7929,2506.12599v3,fill_blank_100,train,test
16827,2407.19541v2,fill_blank_50,train,train
1481,2508.11971v1,fill_blank_25,train,train
8085,2412.04210v1,MCQ,train,train
5495,2507.20657v1,MCQ,train,train
6112,2506.23488v1,fill_blank_50,train,train
7548,2506.03622v1,fill_blank_75,train,train
3187,2505.08682v1,fill_blank_50,train,train
8006,2503.13907v1,fill_blank_25,train,train
9279,2309.04161v2,fill_blank_100,train,train
11735,2407.03280v1,MCQ,train,train
19009,2502.16267v1,fill_blank_100,train,train
11295,2411.10560v1,MCQ,train,train
19204,2311.03741v3,fill_blank_100,train,train
12630,2412.19071v1,MCQ,train,train
10337,2201.03709v1,fill_blank_50,train,train
13510,2501.12043v1,MCQ,train,test
15099,2311.05712v1,fill_blank_100,train,test
11077,2501.17883v1,fill_blank_50,train,train
12192,2205.03182v1,fill_blank_50,train,train
1674,2508.06526v1,fill_blank_100,train,test
13829,2206.03250v1,fill_blank_100,train,test
13450,2206.13007v1,MCQ,train,train
17094,2402.11050v2,fill_blank_100,train,train
19119,2508.15652v1,fill_blank_100,train,train
15274,2508.08002v1,fill_blank_100,train,train
9739,2308.13268v1,fill_blank_100,train,test
5580,2504.09743v1,MCQ,train,train
9962,2006.12238v1,fill_blank_50,train,train
4762,2503.10525v1,fill_blank_50,train,train
3680,2410.00896v1,MCQ,train,train
1212,2406.07989v1,fill_blank_50,train,test
3426,2508.00409v1,fill_blank_25,train,train
1653,2505.13801v1,fill_blank_75,train,train
462,2504.06512v1,fill_blank_50,train,train
15368,2208.10653v1,fill_blank_75,train,test
16078,2402.01665v1,fill_blank_75,train,train
8023,2507.16132v1,fill_blank_75,train,train
13347,2404.11136v2,fill_blank_50,train,test
9815,2108.11979v1,MCQ,train,train
18784,2409.09590v1,fill_blank_100,train,test
6958,2507.20399v1,fill_blank_75,train,train
224,2508.04570v1,fill_blank_100,train,train
17064,2208.10112v1,fill_blank_100,train,train
16222,2204.09447v1,fill_blank_50,train,train
8985,2402.11630v2,MCQ,train,train
5362,2505.00549v1,fill_blank_50,train,train
5620,1708.03792v1,MCQ,train,test
5463,2207.08737v2,fill_blank_75,train,test
1688,2508.14753v1,fill_blank_75,train,train
5648,2405.00141v1,fill_blank_75,train,test
3584,2506.13003v1,fill_blank_100,train,train
16304,2305.02074v2,fill_blank_100,train,train
10424,2105.08158v2,fill_blank_100,train,train
4946,2507.03848v1,fill_blank_25,train,train
9473,2101.04249v2,fill_blank_75,train,test
11631,2411.19795v1,fill_blank_25,train,train
1559,2507.14210v1,fill_blank_100,train,test
8776,2505.04085v2,fill_blank_25,train,train
4271,2506.20858v1,fill_blank_25,train,train
1309,2505.07555v1,fill_blank_100,train,train
9926,2210.08829v1,fill_blank_25,train,train
13247,2402.16591v1,fill_blank_50,train,train
9723,2308.13268v1,fill_blank_75,train,test
1125,2504.11905v1,MCQ,train,train
18029,2411.00374v3,fill_blank_100,train,train
10789,2205.05036v1,fill_blank_100,train,train
18609,2501.01555v1,fill_blank_100,train,train
16186,2107.01582v1,fill_blank_25,train,train
16259,2302.02711v2,fill_blank_100,train,train
15034,1906.05153v3,fill_blank_100,train,train
11846,2010.13171v1,fill_blank_25,train,train
1330,2507.15914v1,MCQ,train,train
8514,2506.22252v2,fill_blank_100,train,train
10891,2204.07037v2,fill_blank_25,train,train
18532,2412.16774v1,fill_blank_50,train,train
6926,2411.07485v1,fill_blank_25,train,train
16031,2211.15990v1,fill_blank_25,train,train
15997,2106.04636v1,fill_blank_50,train,train
4136,2506.23817v1,fill_blank_25,train,test
5612,1708.03792v1,fill_blank_50,train,test
12891,2311.01334v1,fill_blank_25,train,train
9908,2210.08829v1,fill_blank_75,train,train
7299,2407.16483v2,fill_blank_100,train,train
12327,2006.13087v1,fill_blank_50,train,train
11463,2410.04681v1,fill_blank_75,train,test
15933,1902.07860v1,fill_blank_75,train,train
12228,2303.02850v2,fill_blank_75,train,test
7767,2402.11925v1,fill_blank_50,train,train
4401,2312.04688v1,fill_blank_25,train,train
2038,2505.07893v1,fill_blank_75,train,train
11460,2410.04681v1,MCQ,train,test
16394,2209.01562v1,fill_blank_100,train,train
16346,2010.01002v1,fill_blank_25,train,train
8926,2212.10748v1,fill_blank_25,train,train
16189,2107.01582v1,fill_blank_100,train,train
4961,2507.03848v1,fill_blank_25,train,train
1598,2503.02156v1,fill_blank_75,train,test
5932,2506.19456v1,fill_blank_50,train,train
13571,2105.11834v1,fill_blank_25,train,train
9369,2305.10302v1,fill_blank_100,train,train
4114,2508.02950v1,fill_blank_100,train,test
7608,2505.14153v1,fill_blank_75,train,train
1915,2507.13037v1,MCQ,train,train
18245,1006.3537v1,MCQ,train,train
10731,2111.09413v1,fill_blank_25,train,test
9784,2310.06604v2,fill_blank_100,train,train
18499,2101.06948v1,fill_blank_100,train,train
13267,2306.08532v1,fill_blank_50,train,test
4174,2505.18534v1,fill_blank_100,train,test
9845,2502.06128v2,MCQ,train,train
10460,2411.11028v2,MCQ,train,train
5583,2504.09743v1,fill_blank_75,train,train
3964,2508.11792v1,fill_blank_100,train,train
4628,2504.02613v2,fill_blank_75,train,train
12859,1903.04243v1,fill_blank_100,train,train
13253,2402.16591v1,fill_blank_75,train,train
8543,2506.23755v1,fill_blank_75,train,train
1448,2507.03928v1,fill_blank_75,train,train
14925,2101.06016v1,MCQ,train,train
6299,2412.12914v3,fill_blank_100,train,train
16351,2010.01002v1,fill_blank_25,train,train
1151,2406.04188v2,fill_blank_25,train,test
3763,2504.09178v1,fill_blank_75,train,train
4129,2506.23817v1,fill_blank_100,train,test
11352,2507.16513v1,fill_blank_50,train,test
10760,2501.10182v1,MCQ,train,train
11915,1611.08938v1,MCQ,train,train
9023,2507.14299v1,fill_blank_75,train,train
5215,2508.00234v1,MCQ,train,train
8991,2402.11630v2,fill_blank_25,train,train
4856,2504.09325v1,fill_blank_25,train,train
10158,2309.08995v1,fill_blank_75,train,test
15105,2311.05712v1,MCQ,train,test
16258,2302.02711v2,fill_blank_75,train,train
15324,2311.12273v1,fill_blank_100,train,train
9242,2407.19299v3,fill_blank_50,train,train
4884,2507.12019v1,fill_blank_100,train,train
16327,2309.11917v2,fill_blank_50,train,train
220,2508.04570v1,MCQ,train,train
6957,2507.20399v1,fill_blank_50,train,train
6262,2501.01837v1,fill_blank_50,train,train
13106,2411.07086v1,fill_blank_25,train,train
16994,2304.06988v1,fill_blank_100,train,test
12039,2501.00732v1,fill_blank_100,train,train
5645,2405.00141v1,MCQ,train,test
12618,2412.19071v1,fill_blank_75,train,train
8587,2507.08507v1,fill_blank_50,train,train
17131,2501.02335v3,fill_blank_25,train,test
7423,2508.08225v1,fill_blank_75,train,train
12362,2302.00156v1,fill_blank_50,train,train
11368,2507.16513v1,fill_blank_75,train,test
1766,2506.07532v1,fill_blank_25,train,test
16969,2104.03131v1,fill_blank_100,train,train
10790,2205.05036v1,MCQ,train,train
11708,2403.11806v1,fill_blank_75,train,train
18372,2304.03594v1,fill_blank_50,train,train
5160,2208.13260v1,MCQ,train,train
4673,2506.07880v1,fill_blank_75,train,train
9933,2104.15132v3,fill_blank_75,train,train
8405,2505.21691v2,MCQ,train,train
3740,2506.11446v1,MCQ,train,train
3581,2506.13003v1,fill_blank_25,train,train
5698,2308.07646v1,fill_blank_75,train,train
16170,1107.0234v1,MCQ,train,train
15057,2305.13810v1,fill_blank_50,train,train
987,2409.08525v1,fill_blank_50,train,train
1063,2505.03556v1,fill_blank_75,train,train
10690,2508.04171v1,MCQ,train,train
11975,2106.16079v1,MCQ,train,train
5489,2507.20657v1,fill_blank_100,train,train
16955,2104.03131v1,MCQ,train,train
7362,2508.07572v2,fill_blank_50,train,train
9644,1004.1997v1,fill_blank_100,train,train
7964,2505.04453v1,fill_blank_100,train,train
1211,2406.07989v1,fill_blank_25,train,test
4646,2504.02613v2,fill_blank_25,train,train
14868,0901.1123v1,fill_blank_75,train,train
12127,2310.07853v1,fill_blank_50,train,train
357,2504.01676v1,fill_blank_50,train,train
2906,2507.13826v1,fill_blank_25,train,train
8388,2505.08221v2,fill_blank_75,train,train
13774,2407.11265v1,fill_blank_100,train,train
16188,2107.01582v1,fill_blank_75,train,train
14169,2305.18309v1,fill_blank_100,train,train
11755,2110.14128v1,MCQ,train,train
5093,2505.09028v1,fill_blank_75,train,train
8604,2506.11616v2,fill_blank_100,train,train
11094,2403.17810v1,fill_blank_100,train,train
9375,2412.14616v1,MCQ,train,test
13408,2501.17808v1,fill_blank_75,train,train
1948,2402.09459v1,fill_blank_75,train,test
12482,2310.03969v1,fill_blank_50,train,train
18323,2405.14046v2,fill_blank_75,train,train
10954,2207.11021v1,fill_blank_100,train,train
7565,2506.02666v2,MCQ,train,train
13902,2411.08759v3,fill_blank_50,train,train
12417,2502.01482v1,fill_blank_50,train,train
12289,2507.14035v1,fill_blank_100,train,train
11044,2412.19811v1,fill_blank_100,train,train
11466,2410.04681v1,fill_blank_25,train,test
7188,2503.21102v1,fill_blank_75,train,train
13725,2502.15436v1,MCQ,train,train
6969,2504.00975v3,fill_blank_100,train,train
2593,2312.04418v2,fill_blank_75,train,train
3703,2508.12964v1,fill_blank_75,train,test
10336,2201.03709v1,fill_blank_25,train,train
18654,2411.17056v2,fill_blank_100,train,train
6803,2505.08298v1,fill_blank_75,train,test
3689,2505.15403v1,fill_blank_100,train,train
8191,1003.5309v1,fill_blank_25,train,train
14970,2406.14107v1,MCQ,train,train
13589,2105.11834v1,fill_blank_100,train,train
15123,2412.16354v1,fill_blank_75,train,train
3880,2505.01818v1,MCQ,train,train
15904,2410.06700v2,fill_blank_100,train,train
5696,2308.07646v1,fill_blank_25,train,train
9688,2110.14112v1,fill_blank_75,train,train
17236,2412.00442v1,fill_blank_25,train,train
8275,2507.10113v1,MCQ,train,train
11437,2405.12236v2,fill_blank_50,train,train
7787,2508.13661v1,fill_blank_50,train,train
9414,1410.5076v2,fill_blank_100,train,train
4188,2505.18534v1,fill_blank_75,train,test
15821,2102.09527v2,fill_blank_25,train,train
1551,2507.14210v1,fill_blank_25,train,test
9635,1004.1997v1,MCQ,train,train
10738,2111.09413v1,fill_blank_75,train,test
15407,2405.11411v1,fill_blank_50,train,train
3767,2504.09178v1,fill_blank_50,train,train
14808,2003.03674v3,fill_blank_75,train,train
1569,2403.18326v1,fill_blank_100,train,train
8929,2212.10748v1,fill_blank_100,train,train
16164,2412.17356v1,fill_blank_100,train,train
8326,2504.16972v2,fill_blank_25,train,train
663,2505.14055v1,fill_blank_75,train,test
12643,2206.02308v1,fill_blank_75,train,train
19004,2502.16267v1,fill_blank_100,train,train
13420,2301.07560v2,MCQ,train,train
5598,2508.15375v1,fill_blank_75,train,train
9103,2010.03413v1,fill_blank_75,train,train
1660,2508.06526v1,MCQ,train,test
7591,2508.04556v1,fill_blank_25,train,train
13142,2203.13621v2,fill_blank_50,train,train
11350,2507.16513v1,MCQ,train,test
12189,2205.03182v1,fill_blank_100,train,train
15294,2508.08002v1,fill_blank_100,train,train
4200,2504.16529v1,MCQ,train,train
68,2505.02964v1,fill_blank_75,train,train
15309,2312.16918v3,fill_blank_100,train,train
8220,2507.03918v1,MCQ,train,train
12002,2108.11697v1,fill_blank_50,train,train
16620,2110.14585v2,MCQ,train,train
16439,2404.10605v1,fill_blank_100,train,train
5199,2203.04090v3,fill_blank_100,train,train
17128,2501.02335v3,fill_blank_75,train,test
12293,2507.14035v1,fill_blank_75,train,train
383,2506.23045v2,fill_blank_75,train,train
12468,2310.03969v1,fill_blank_75,train,train
10280,2507.12917v2,MCQ,train,train
10903,2204.07037v2,fill_blank_75,train,train
5288,2508.03391v1,fill_blank_75,train,test
6059,2312.08162v1,fill_blank_100,train,train
4925,2505.02530v1,MCQ,train,train
5338,2503.07471v1,fill_blank_75,train,train
10982,2404.15643v1,fill_blank_50,train,train
13104,2411.07086v1,fill_blank_100,train,train
5613,1708.03792v1,fill_blank_75,train,test
10617,2406.03086v1,fill_blank_50,train,train
5606,2508.15375v1,fill_blank_25,train,train
4717,2507.12593v2,fill_blank_50,train,train
10188,2401.10396v1,fill_blank_75,train,train
9935,2104.15132v3,MCQ,train,train
4473,2505.15841v1,fill_blank_75,train,train
14870,2401.05383v1,MCQ,train,train
17594,2109.12711v1,fill_blank_100,train,train
16942,2404.15099v1,fill_blank_50,train,train
6838,2112.00633v1,fill_blank_75,train,test
13468,2503.05700v1,fill_blank_75,train,train
14992,2407.00933v1,fill_blank_50,train,train
3804,2506.19376v1,fill_blank_100,train,train
3500,2506.13730v1,MCQ,train,train
8745,2508.12248v2,MCQ,train,train
10428,2105.08158v2,fill_blank_75,train,train
14873,2401.05383v1,fill_blank_75,train,train
6993,2504.18168v1,fill_blank_75,train,test
6470,2009.12533v1,MCQ,train,train
8552,2506.23755v1,fill_blank_50,train,train
13359,2404.11136v2,fill_blank_100,train,test
10006,2205.12155v2,fill_blank_25,train,train
13195,2107.03434v2,MCQ,train,train
4400,2312.04688v1,MCQ,train,train
12253,2303.02850v2,fill_blank_75,train,test
8545,2506.23755v1,MCQ,train,train
16237,2204.09447v1,fill_blank_50,train,train
682,2505.14055v1,fill_blank_50,train,test
10485,2110.14345v1,MCQ,train,train
5467,2207.08737v2,fill_blank_50,train,test
9773,2202.08448v1,fill_blank_75,train,train
7156,2508.15581v1,fill_blank_25,train,test
17400,2501.08825v1,MCQ,train,train
13598,1912.07860v1,fill_blank_75,train,train
10999,2303.14351v1,fill_blank_100,train,train
4629,2504.02613v2,fill_blank_100,train,train
11745,2407.03280v1,MCQ,train,train
11093,2403.17810v1,fill_blank_75,train,train
5198,2203.04090v3,fill_blank_75,train,train
4006,2508.04075v1,fill_blank_25,train,train
9770,2202.08448v1,MCQ,train,train
10241,2405.20168v1,fill_blank_25,train,train
1768,2506.07532v1,fill_blank_75,train,test
14916,2309.13545v1,fill_blank_25,train,train
300,2508.04322v1,MCQ,train,train
7095,2505.24177v1,MCQ,train,test
6928,2411.07485v1,fill_blank_75,train,train
10352,2201.03709v1,fill_blank_50,train,train
15088,2403.00605v1,fill_blank_75,train,train
6858,2506.20430v1,fill_blank_75,train,train
7087,2505.24177v1,fill_blank_50,train,test
18762,2402.06290v1,fill_blank_50,train,train
10602,2501.08100v1,fill_blank_50,train,train
18772,2409.09590v1,fill_blank_50,train,test
15648,2405.12432v1,fill_blank_75,train,train
12947,2309.08844v1,fill_blank_50,train,test
4587,2310.15529v1,fill_blank_50,train,train
13516,2501.12043v1,fill_blank_25,train,test
11308,2302.11204v2,fill_blank_75,train,train
6772,2506.21966v1,fill_blank_50,train,train
1960,2402.09459v1,MCQ,train,test
1327,2507.15914v1,fill_blank_50,train,train
378,2501.09430v1,fill_blank_75,train,train
3864,2506.11351v1,fill_blank_100,train,test
18249,1006.3537v1,fill_blank_100,train,train
4559,2508.00851v1,fill_blank_100,train,train
6024,2507.19546v1,fill_blank_100,train,train
3793,2506.19376v1,fill_blank_75,train,train
12177,2412.06861v2,fill_blank_50,train,train
6347,2506.22465v1,fill_blank_50,train,test
15794,2210.05055v3,fill_blank_100,train,train
2379,2508.14445v1,fill_blank_100,train,train
9088,2405.02818v1,fill_blank_75,train,train
15722,2412.15597v2,fill_blank_50,train,train
1476,2508.11971v1,fill_blank_25,train,train
11752,2110.14128v1,fill_blank_50,train,train
16077,2402.01665v1,fill_blank_50,train,train
1679,2508.06526v1,fill_blank_100,train,test
17107,2501.02335v3,fill_blank_50,train,test
2760,2507.20524v1,MCQ,train,train
14923,2101.06016v1,fill_blank_75,train,train
6233,2505.00660v2,fill_blank_75,train,train
2794,2506.04804v1,fill_blank_100,train,train
8310,2504.16972v2,MCQ,train,train
10672,1301.1215v1,fill_blank_50,train,train
10746,2203.10783v1,fill_blank_25,train,train
309,2508.09582v1,fill_blank_100,train,test
18934,2405.02681v1,fill_blank_100,train,train
3713,2508.12964v1,fill_blank_75,train,test
1664,2508.06526v1,fill_blank_100,train,test
6234,2505.00660v2,fill_blank_100,train,train
10168,2406.16280v1,fill_blank_75,train,train
12584,2502.16592v1,fill_blank_100,train,train
1707,2508.14753v1,fill_blank_50,train,train
13337,2404.11136v2,fill_blank_50,train,test
7118,2508.01635v1,fill_blank_75,train,train
15383,2208.10653v1,fill_blank_75,train,test
6981,2504.18168v1,fill_blank_25,train,test
15061,2305.13810v1,fill_blank_25,train,train
3315,2507.07474v1,MCQ,train,train
9372,2412.14616v1,fill_blank_50,train,test
5060,2405.02323v1,MCQ,train,test
12625,2412.19071v1,MCQ,train,train
6354,2506.22465v1,fill_blank_100,train,test
19250,2307.11181v1,MCQ,train,train
2187,2505.23154v1,fill_blank_50,train,train
12013,2112.08861v2,fill_blank_75,train,train
6333,2506.08739v1,fill_blank_75,train,train
408,2507.12368v1,fill_blank_75,train,train
9989,2402.06814v1,fill_blank_100,train,test
6094,2505.21408v1,fill_blank_100,train,train
14089,2210.14152v3,fill_blank_100,train,train
18349,2508.03417v1,fill_blank_100,train,train
4335,2506.04833v1,MCQ,train,train
18295,2501.06355v1,MCQ,train,train
9105,2010.03413v1,MCQ,train,train
1391,2506.03063v1,fill_blank_25,train,train
4270,2506.20858v1,MCQ,train,train
14057,2405.06368v4,fill_blank_50,train,train
15818,2102.09527v2,fill_blank_75,train,train
2145,2503.17805v1,MCQ,train,train
9721,2308.13268v1,fill_blank_25,train,test
13508,2501.12043v1,fill_blank_75,train,test
3377,2507.13130v1,fill_blank_50,train,train
6783,2506.21966v1,fill_blank_75,train,train
34,2505.07762v1,fill_blank_100,train,train
7143,2401.15344v1,fill_blank_75,train,test
17560,2207.02563v1,MCQ,train,train
16012,2211.15990v1,fill_blank_50,train,train
1683,2508.06526v1,fill_blank_75,train,test
5973,2508.00011v1,fill_blank_75,train,train
3863,2506.11351v1,fill_blank_75,train,test
6334,2506.08739v1,fill_blank_100,train,train
5993,2506.16808v1,fill_blank_75,train,train
18252,1006.3537v1,fill_blank_50,train,train
6167,2209.12253v3,fill_blank_50,train,train
16851,2303.07456v1,fill_blank_25,train,train
6834,2112.00633v1,fill_blank_100,train,test
5773,2508.10588v1,fill_blank_75,train,train
15679,2409.17295v1,fill_blank_100,train,train
12602,2501.03608v1,fill_blank_50,train,test
13611,2410.01632v1,fill_blank_25,train,train
5275,2508.03391v1,MCQ,train,test
3847,2506.11351v1,fill_blank_50,train,test
13647,2306.00544v3,fill_blank_50,train,train
1223,2103.15757v1,fill_blank_75,train,test
17002,2304.06988v1,fill_blank_50,train,test
7150,2508.15581v1,MCQ,train,test
7563,2506.02666v2,fill_blank_75,train,train
7930,2506.12599v3,MCQ,train,test
8906,2306.06404v1,fill_blank_25,train,train
263,2504.07119v1,fill_blank_75,train,train
6843,2112.00633v1,fill_blank_75,train,test
3292,2504.15079v2,fill_blank_50,train,train
7146,2401.15344v1,fill_blank_25,train,test
5474,2207.08737v2,fill_blank_100,train,test
4443,2506.22445v1,fill_blank_75,train,train
8703,2506.03813v1,fill_blank_75,train,train
11690,2108.10414v1,MCQ,train,train
13594,1912.07860v1,fill_blank_100,train,train
6704,2508.09159v2,fill_blank_100,train,train
6784,2506.21966v1,fill_blank_100,train,train
10217,2304.01510v2,fill_blank_50,train,test
1183,2406.07989v1,fill_blank_75,train,test
1177,2406.04188v2,fill_blank_50,train,test
12718,2403.08900v1,fill_blank_75,train,train
1423,2507.03928v1,fill_blank_75,train,train
8787,2109.04354v2,fill_blank_50,train,train
18939,2405.02681v1,fill_blank_100,train,train
5353,2503.07471v1,fill_blank_75,train,train
273,2312.08599v1,fill_blank_75,train,train
210,2505.11509v1,MCQ,train,train
16989,2304.06988v1,fill_blank_100,train,test
16824,2211.09599v1,fill_blank_100,train,train
18254,1006.3537v1,fill_blank_100,train,train
13419,2501.17808v1,fill_blank_100,train,train
1588,2503.02156v1,fill_blank_75,train,test
3094,2505.09711v1,fill_blank_100,train,train
7273,2504.10798v1,fill_blank_75,train,train
9681,2110.14112v1,fill_blank_25,train,train
17782,2409.00941v1,fill_blank_50,train,train
2202,2406.07910v1,fill_blank_50,train,train
9389,2409.19155v1,fill_blank_100,train,train
16829,2407.19541v2,fill_blank_100,train,train
10413,2502.09857v1,fill_blank_75,train,train
13180,2107.03434v2,MCQ,train,train
11579,1801.05868v1,fill_blank_100,train,train
12387,1508.00691v1,fill_blank_50,train,train
2950,2508.08663v1,MCQ,train,train
9207,2304.14232v4,fill_blank_50,train,train
3384,2507.13130v1,fill_blank_100,train,train
12845,1903.04243v1,MCQ,train,train
6827,2112.00633v1,fill_blank_50,train,test
13163,2401.05164v1,fill_blank_75,train,test
190,2508.03579v2,MCQ,train,train
7244,2503.06376v1,fill_blank_100,train,train
16408,2010.11840v1,fill_blank_75,train,train
693,2505.13994v1,fill_blank_75,train,train
12332,2203.10534v1,fill_blank_50,train,train
18378,2304.03594v1,fill_blank_75,train,train
13462,2503.05700v1,fill_blank_50,train,train
10173,2406.16280v1,fill_blank_75,train,train
10134,2309.08995v1,fill_blank_100,train,test
6832,2112.00633v1,fill_blank_50,train,test
1933,2507.03950v1,fill_blank_75,train,train
17678,2502.12622v1,fill_blank_75,train,train
18578,2406.00690v1,fill_blank_75,train,train
11198,2411.10259v1,fill_blank_75,train,test
2793,2506.04804v1,fill_blank_75,train,train
1205,2406.07989v1,MCQ,train,test
11543,2502.08757v1,fill_blank_75,train,train
15109,2311.05712v1,fill_blank_100,train,test
8689,2504.21181v1,fill_blank_100,train,train
12227,2303.02850v2,fill_blank_50,train,test
12690,2403.07903v1,MCQ,train,train
9789,2310.06604v2,fill_blank_100,train,train
12951,2309.08844v1,fill_blank_25,train,test
2328,2206.02109v2,fill_blank_75,train,train
4729,2507.12593v2,fill_blank_100,train,train
11765,2110.14128v1,MCQ,train,train
10189,2401.10396v1,fill_blank_100,train,train
4818,2305.13706v2,fill_blank_75,train,train
7943,2506.12599v3,fill_blank_75,train,test
2203,2406.07910v1,fill_blank_75,train,train
8557,2506.23755v1,fill_blank_50,train,train
5622,1708.03792v1,fill_blank_50,train,test
4616,2101.05215v1,fill_blank_25,train,train
10703,2405.03230v1,fill_blank_75,train,train
6833,2112.00633v1,fill_blank_75,train,test
3728,2506.18243v1,fill_blank_75,train,train
11568,2410.09588v1,fill_blank_75,train,train
5106,2210.17530v1,fill_blank_25,train,train
7524,2507.05042v1,fill_blank_100,train,test
10108,2009.09380v1,fill_blank_75,train,train
10740,2111.09413v1,MCQ,train,test
4497,2508.09532v1,fill_blank_50,train,train
2155,2504.10224v1,MCQ,train,train
10139,2309.08995v1,fill_blank_100,train,test
3445,2507.20504v1,MCQ,train,train
11569,2410.09588v1,fill_blank_100,train,train
4438,2506.01400v1,fill_blank_75,train,train
5384,2506.22991v1,fill_blank_100,train,train
9094,2010.03413v1,fill_blank_100,train,train
1196,2406.07989v1,fill_blank_25,train,test
1264,2310.05271v1,fill_blank_100,train,train
8708,2506.03813v1,fill_blank_75,train,train
16597,2409.06946v1,fill_blank_50,train,train
1361,2108.07165v1,fill_blank_25,train,train
767,2209.11483v3,fill_blank_50,train,train
9144,2408.13329v1,fill_blank_100,train,train
16344,2010.01002v1,fill_blank_100,train,train
9357,2109.11774v2,fill_blank_50,train,train
3063,2205.03561v1,fill_blank_75,train,train
17133,2501.02335v3,fill_blank_75,train,test
179,2503.04148v1,fill_blank_100,train,train
16614,2110.14585v2,fill_blank_100,train,train
15641,2405.12432v1,fill_blank_25,train,train
16424,2404.10605v1,fill_blank_100,train,train
1170,2406.04188v2,MCQ,train,test
2972,2508.08663v1,fill_blank_50,train,train
8068,2508.12215v1,fill_blank_75,train,test
15176,2103.12415v2,fill_blank_25,train,train
5030,2407.07434v1,MCQ,train,train
3437,2507.20504v1,fill_blank_50,train,train
4095,2508.02950v1,MCQ,train,test
1672,2508.06526v1,fill_blank_50,train,test
1937,2507.03950v1,fill_blank_50,train,train
6955,2507.20399v1,MCQ,train,train
9482,2101.04249v2,fill_blank_50,train,test
3184,2505.08682v1,fill_blank_100,train,train
6992,2504.18168v1,fill_blank_50,train,test
7159,2508.15581v1,fill_blank_100,train,test
12940,2309.08844v1,MCQ,train,test
7320,2407.16483v2,MCQ,train,train
5086,2505.09028v1,fill_blank_25,test,train
5183,2503.17806v1,fill_blank_75,test,train
17703,2205.12073v2,fill_blank_75,test,train
17445,2407.10986v2,MCQ,test,train
7539,2507.05042v1,fill_blank_100,test,test
18742,2402.06290v1,fill_blank_50,test,train
11329,2302.11204v2,fill_blank_100,test,train
7785,2508.13661v1,MCQ,test,train
7097,2505.24177v1,fill_blank_50,test,test
12451,2111.09676v1,fill_blank_25,test,train
4098,2508.02950v1,fill_blank_75,test,test
11404,2305.17575v1,fill_blank_100,test,train
15377,2208.10653v1,fill_blank_50,test,test
15092,2403.00605v1,fill_blank_50,test,train
10758,2203.10783v1,fill_blank_75,test,train
8946,2305.10184v1,fill_blank_25,test,train
5399,2308.15696v1,fill_blank_100,test,train
10187,2401.10396v1,fill_blank_50,test,train
7468,2508.10574v1,fill_blank_75,test,train
10484,2410.08726v1,fill_blank_100,test,train
4769,2503.10525v1,fill_blank_100,test,train
4892,2505.19843v1,fill_blank_50,test,train
12430,2411.09906v2,MCQ,test,train
7643,2311.08840v1,fill_blank_75,test,train
4904,2505.19843v1,fill_blank_100,test,train
17553,2207.02563v1,fill_blank_75,test,train
15727,2412.15597v2,fill_blank_50,test,train
7728,2407.01957v1,fill_blank_75,test,train
1104,2506.22844v1,fill_blank_100,test,train
4886,2507.12019v1,fill_blank_25,test,train
15987,2012.01726v1,fill_blank_50,test,train
543,2508.06616v1,fill_blank_75,test,train
12694,2403.07903v1,fill_blank_100,test,train
9135,2212.04061v1,MCQ,test,train
5385,2506.22991v1,MCQ,test,train
5582,2504.09743v1,fill_blank_50,test,train
7402,2411.10960v1,fill_blank_50,test,train
15801,2210.05055v3,fill_blank_25,test,train
17020,2405.19771v2,MCQ,test,train
12488,2401.08624v1,fill_blank_75,test,train
587,2507.13176v1,fill_blank_50,test,train
3953,2508.11792v1,fill_blank_75,test,train
17004,2304.06988v1,fill_blank_100,test,test
8164,2110.12224v2,fill_blank_100,test,train
16348,2010.01002v1,fill_blank_75,test,train
17392,2106.05016v1,fill_blank_50,test,train
18803,2208.06881v1,fill_blank_75,test,train
16677,2410.11495v3,fill_blank_50,test,train
3623,2107.14356v1,fill_blank_75,test,train
5659,2405.00141v1,fill_blank_100,test,test
5480,2207.08737v2,MCQ,test,test
9261,2012.12843v2,fill_blank_25,test,train
11148,2104.06614v1,fill_blank_75,test,train
5166,2208.13260v1,fill_blank_25,test,train
7594,2508.04556v1,fill_blank_100,test,train
5104,2505.09028v1,fill_blank_100,test,train
10275,2507.12917v2,MCQ,test,train
6528,2505.11321v1,fill_blank_75,test,train
1710,2409.11191v1,MCQ,test,test
1661,2508.06526v1,fill_blank_25,test,test
7566,2506.02666v2,fill_blank_25,test,train
10951,2207.11021v1,fill_blank_25,test,train
4836,2207.03001v1,fill_blank_25,test,train
7425,2508.08225v1,MCQ,test,train
17052,2208.10112v1,fill_blank_50,test,train
12012,2112.08861v2,fill_blank_50,test,train
9211,2304.14232v4,fill_blank_25,test,train
11438,2405.12236v2,fill_blank_75,test,train
17230,2412.00442v1,MCQ,test,train
17910,2309.14971v1,MCQ,test,train
2552,2503.02913v1,fill_blank_50,test,train
16324,2309.11917v2,fill_blank_100,test,train
6346,2506.22465v1,fill_blank_25,test,test
15340,2502.20468v1,MCQ,test,train
825,2504.09799v1,MCQ,test,train
12900,2311.01334v1,MCQ,test,train
17109,2501.02335v3,fill_blank_100,test,test
5039,2503.22378v1,fill_blank_100,test,train
4238,2312.13683v1,fill_blank_75,test,train
4803,2305.13706v2,fill_blank_75,test,train
8603,2506.11616v2,fill_blank_75,test,train
6169,2209.12253v3,fill_blank_100,test,train
108,2507.01581v1,fill_blank_75,test,train
9373,2412.14616v1,fill_blank_75,test,test
1908,2507.13037v1,fill_blank_75,test,train
10250,2409.02346v1,MCQ,test,train
8458,2107.02431v1,fill_blank_75,test,train
13495,2109.07729v1,MCQ,test,train
16180,1107.0234v1,MCQ,test,train
16859,2411.11998v1,fill_blank_100,test,train
6515,2409.02748v1,MCQ,test,train
9983,2402.06814v1,fill_blank_75,test,test
15049,2502.01137v1,fill_blank_100,test,train
3556,2103.09694v1,fill_blank_25,test,train
7769,2402.11925v1,fill_blank_100,test,train
9442,2203.05152v1,fill_blank_50,test,train
6466,2009.12533v1,fill_blank_25,test,train
4003,2508.04075v1,fill_blank_75,test,train
4649,2504.02613v2,fill_blank_100,test,train
15960,2407.02342v1,MCQ,test,train
7528,2507.05042v1,fill_blank_75,test,test
8065,2508.12215v1,MCQ,test,test
9268,2012.12843v2,fill_blank_75,test,train
13838,2206.03250v1,fill_blank_75,test,test
3879,2505.01818v1,fill_blank_100,test,train
9504,2306.15590v2,fill_blank_100,test,train
904,2503.09393v2,fill_blank_100,test,train
10545,2009.08346v2,MCQ,test,train
19050,2407.13749v3,MCQ,test,train
15681,2409.17295v1,fill_blank_25,test,train
15527,2408.15772v1,fill_blank_50,test,train
12919,2010.07216v1,fill_blank_100,test,train
18164,2401.12803v1,fill_blank_100,test,train
13583,2105.11834v1,fill_blank_75,test,train
8863,2207.04744v1,fill_blank_75,test,train
11038,2012.02768v1,fill_blank_75,test,train
5608,2508.15375v1,fill_blank_75,test,train
2483,2505.18739v1,fill_blank_75,test,train
7144,2401.15344v1,fill_blank_100,test,test
11384,2306.06664v1,fill_blank_100,test,train
8432,2506.22094v1,fill_blank_50,test,train
18593,2105.04107v3,fill_blank_75,test,train
1817,2505.02446v1,fill_blank_50,test,train
9406,1410.5076v2,fill_blank_25,test,train
6105,2506.23488v1,MCQ,test,train
3903,1008.1380v1,fill_blank_75,test,train
12693,2403.07903v1,fill_blank_75,test,train
11779,2402.06306v1,fill_blank_100,test,train
4239,2312.13683v1,fill_blank_100,test,train
5764,2508.10588v1,fill_blank_100,test,train
2719,2506.08930v1,fill_blank_100,test,test
9902,2107.06181v1,fill_blank_50,test,train
15815,2102.09527v2,MCQ,test,train
4997,2507.08299v1,fill_blank_50,test,train
3853,2506.11351v1,fill_blank_75,test,test
8707,2506.03813v1,fill_blank_50,test,train
2787,2506.04804v1,fill_blank_50,test,train
12309,2104.01402v1,fill_blank_100,test,train
10896,2204.07037v2,fill_blank_25,test,train
1510,2306.12228v1,MCQ,test,train
2164,2504.10224v1,fill_blank_100,test,train
5893,2508.02359v1,fill_blank_75,test,train
17103,2402.11050v2,fill_blank_75,test,train
5278,2508.03391v1,fill_blank_75,test,test
283,2312.08599v1,fill_blank_75,test,train
3190,2505.06256v1,MCQ,test,train
12044,2501.00732v1,fill_blank_100,test,train
9474,2101.04249v2,fill_blank_100,test,test
3758,2504.09178v1,fill_blank_75,test,train
10470,2411.11028v2,MCQ,test,train
10717,2311.07199v2,fill_blank_50,test,train
5581,2504.09743v1,fill_blank_25,test,train
9785,2310.06604v2,MCQ,test,train
8439,2506.22094v1,fill_blank_100,test,train
2664,2505.07877v1,fill_blank_100,test,train
724,2505.13994v1,fill_blank_100,test,train
3304,2507.07474v1,fill_blank_100,test,train
10707,2311.07199v2,fill_blank_50,test,train
211,2505.11509v1,fill_blank_25,test,train
9598,2404.05477v2,fill_blank_75,test,train
4117,2506.23817v1,fill_blank_50,test,test
12763,2502.09216v1,fill_blank_75,test,train
7514,2507.05042v1,fill_blank_100,test,test
18315,2405.14046v2,MCQ,test,train
797,2501.02271v1,fill_blank_50,test,train
1403,2401.15756v1,fill_blank_75,test,train
9629,2202.11696v1,fill_blank_100,test,train
12789,2108.11123v1,fill_blank_100,test,test
9028,2507.14299v1,fill_blank_75,test,train
8548,2506.23755v1,fill_blank_75,test,train
10123,2309.08995v1,fill_blank_75,test,test
3912,2507.15515v1,fill_blank_50,test,train
13168,2401.05164v1,fill_blank_75,test,test
3332,2506.04594v1,fill_blank_50,test,train
14129,2206.08306v1,fill_blank_100,test,train
10263,2409.02346v1,fill_blank_75,test,train
2724,2506.08930v1,fill_blank_100,test,test
7727,2407.01957v1,fill_blank_50,test,train
17343,2403.02942v2,fill_blank_75,test,train
18809,2208.06881v1,fill_blank_100,test,train
6494,2505.08079v3,fill_blank_100,test,train
13342,2404.11136v2,fill_blank_50,test,test
9881,2107.06181v1,fill_blank_25,test,train
2955,2508.08663v1,MCQ,test,train
11127,2405.10553v1,fill_blank_50,test,train
8002,2206.03108v1,fill_blank_50,test,train
13464,2503.05700v1,fill_blank_100,test,train
9384,2412.14616v1,fill_blank_100,test,test
11142,2104.06614v1,fill_blank_50,test,train
753,2308.11152v1,fill_blank_75,test,train
15322,2311.12273v1,fill_blank_50,test,train
15819,2102.09527v2,fill_blank_100,test,train
759,2209.11483v3,fill_blank_100,test,train
18793,2409.09590v1,fill_blank_75,test,test
8095,2507.12221v1,MCQ,test,train
1685,2508.14753v1,MCQ,test,train
9438,2203.05152v1,fill_blank_75,test,train
15235,2408.16464v1,MCQ,test,train
7295,2407.16483v2,MCQ,test,train
9911,2210.08829v1,fill_blank_25,test,train
7440,2506.11729v1,MCQ,test,train
208,2505.11509v1,fill_blank_75,test,train
8429,2506.22094v1,fill_blank_100,test,train
12287,2507.14035v1,fill_blank_50,test,train
9024,2507.14299v1,fill_blank_100,test,train
13524,2501.12043v1,fill_blank_100,test,test
9857,2502.06128v2,fill_blank_50,test,train
1656,2508.06526v1,fill_blank_25,test,test
1188,2406.07989v1,fill_blank_75,test,test
4837,2207.03001v1,fill_blank_50,test,train
18318,2405.14046v2,fill_blank_75,test,train
11479,2405.14691v1,fill_blank_100,test,train
8950,2403.03675v1,MCQ,test,test
10423,2105.08158v2,fill_blank_75,test,train
16130,2411.02757v1,MCQ,test,train
15106,2311.05712v1,fill_blank_25,test,test
18179,2308.04003v2,fill_blank_100,test,train
4315,2503.03620v1,MCQ,test,train
16250,2302.02711v2,MCQ,test,train
5143,2505.08328v1,fill_blank_75,test,train
6506,2409.02748v1,fill_blank_25,test,train
13807,2105.12265v1,fill_blank_50,test,train
16303,2305.02074v2,fill_blank_75,test,train
11465,2410.04681v1,MCQ,test,test
1939,2507.03950v1,fill_blank_100,test,train
7091,2505.24177v1,fill_blank_25,test,test
17772,2101.09672v1,fill_blank_50,test,train
12636,2206.02308v1,fill_blank_25,test,train
5461,2207.08737v2,fill_blank_25,test,test
18475,2403.00229v1,MCQ,test,train
14935,2101.06016v1,MCQ,test,train
4821,2207.03001v1,fill_blank_25,test,train
12397,1508.00691v1,fill_blank_50,test,train
12592,2501.03608v1,fill_blank_50,test,test
7128,2401.15344v1,fill_blank_75,test,test
7777,2402.11925v1,fill_blank_50,test,train
10399,2502.09857v1,fill_blank_100,test,train
10083,2403.19705v1,fill_blank_75,test,train
12143,2306.01894v2,fill_blank_75,test,train
17211,2412.00442v1,fill_blank_25,test,train
15063,2305.13810v1,fill_blank_75,test,train
9202,2305.16288v2,fill_blank_50,test,train
1322,2507.15914v1,fill_blank_50,test,train
5303,2501.10676v2,fill_blank_75,test,train
18369,2304.03594v1,fill_blank_100,test,train
5897,2505.04893v1,fill_blank_50,test,train
12042,2501.00732v1,fill_blank_50,test,train
16956,2104.03131v1,fill_blank_25,test,train
9448,2101.04249v2,fill_blank_75,test,test
12393,1508.00691v1,fill_blank_75,test,train
1725,2409.11191v1,MCQ,test,test
5329,2503.07471v1,fill_blank_100,test,train
6693,2504.09986v3,fill_blank_75,test,train
11501,2405.14691v1,fill_blank_25,test,train
13479,2503.05700v1,fill_blank_100,test,train
13656,2306.00544v3,fill_blank_25,test,train
7499,2508.12185v1,fill_blank_100,test,test
9423,2203.05152v1,fill_blank_75,test,train
6888,2506.20430v1,fill_blank_75,test,train
18044,2201.05524v1,fill_blank_100,test,train
5775,1410.0956v1,MCQ,test,train
12382,1508.00691v1,fill_blank_50,test,train
10548,2009.08346v2,fill_blank_75,test,train
5688,2308.07646v1,fill_blank_75,test,train
15511,2408.15772v1,fill_blank_25,test,train
4464,2506.22445v1,fill_blank_100,test,train
5383,2506.22991v1,fill_blank_75,test,train
8082,2412.04210v1,fill_blank_50,test,train
4822,2207.03001v1,fill_blank_50,test,train
18858,2209.06566v2,fill_blank_75,test,train
4454,2506.22445v1,fill_blank_100,test,train
13653,2306.00544v3,fill_blank_75,test,train
15408,2405.11411v1,fill_blank_75,test,train
1433,2507.03928v1,fill_blank_75,test,train
305,2508.09582v1,MCQ,test,test
13663,2306.00544v3,fill_blank_75,test,train
17074,2405.18919v2,fill_blank_100,test,train
12849,1903.04243v1,fill_blank_100,test,train
10212,2304.01510v2,fill_blank_50,test,test
395,2507.12368v1,MCQ,test,train
4777,2504.02211v2,fill_blank_50,test,train
1587,2503.02156v1,fill_blank_50,test,test
6481,2505.08079v3,fill_blank_25,test,train
16144,2411.02757v1,fill_blank_100,test,train
1568,2403.18326v1,fill_blank_75,test,train
12598,2501.03608v1,fill_blank_75,test,test
5959,2508.00011v1,fill_blank_100,test,train
17653,2310.18180v1,fill_blank_75,test,train
8784,2109.04354v2,fill_blank_100,test,train
4888,2507.12019v1,fill_blank_75,test,train
5506,2508.09782v1,fill_blank_25,test,train
18777,2409.09590v1,fill_blank_50,test,test
11126,2405.10553v1,fill_blank_25,test,train
6634,2506.12461v1,fill_blank_100,test,train
7383,2507.17494v1,fill_blank_75,test,train
5298,2508.03391v1,fill_blank_75,test,test
6964,2507.20399v1,fill_blank_100,test,train
7472,2508.10574v1,fill_blank_50,test,train
1479,2508.11971v1,fill_blank_100,test,train
16239,2204.09447v1,fill_blank_100,test,train
6267,2501.01837v1,fill_blank_50,test,train
2406,2505.01076v2,fill_blank_25,test,train
3553,2103.09694v1,fill_blank_75,test,train
2624,2508.00274v1,fill_blank_100,test,train
9249,2407.19299v3,fill_blank_100,test,train
9380,2412.14616v1,MCQ,test,test
12187,2205.03182v1,fill_blank_50,test,train
12538,2404.19182v1,fill_blank_75,test,train
1048,2403.12268v2,fill_blank_75,test,train
18639,2407.07702v1,fill_blank_100,test,train
4176,2505.18534v1,fill_blank_25,test,test
1020,2507.16550v1,MCQ,test,train
8873,2207.04744v1,fill_blank_75,test,train
2352,2507.10207v1,fill_blank_50,test,train
5508,2508.09782v1,fill_blank_75,test,train
13017,2409.14521v2,fill_blank_50,test,train
17459,2211.12955v2,fill_blank_100,test,train
16412,2010.11840v1,fill_blank_50,test,train
9468,2101.04249v2,fill_blank_75,test,test
16132,2411.02757v1,fill_blank_50,test,train
18296,2501.06355v1,fill_blank_25,test,train
762,2209.11483v3,fill_blank_50,test,train
5167,2208.13260v1,fill_blank_50,test,train
19144,2107.07782v1,fill_blank_100,test,train
3590,2506.13003v1,MCQ,test,train
11065,2501.00909v1,MCQ,test,train
1783,2506.07532v1,fill_blank_75,test,test
15231,2408.16464v1,fill_blank_25,test,train
7158,2508.15581v1,fill_blank_75,test,test
16660,1810.09958v1,MCQ,test,train
10107,2009.09380v1,fill_blank_50,test,train
3525,2202.01946v1,MCQ,test,train
6538,2505.11321v1,fill_blank_75,test,train
7502,2508.12185v1,fill_blank_50,test,test
15058,2305.13810v1,fill_blank_75,test,train
3582,2506.13003v1,fill_blank_50,test,train
16055,1706.03721v1,MCQ,test,test
1225,2103.15757v1,MCQ,test,test
12282,2507.14035v1,fill_blank_50,test,train
16568,2207.00264v1,fill_blank_75,test,train
16507,2407.13123v2,fill_blank_50,test,train
3872,2505.01818v1,fill_blank_50,test,train
11325,2302.11204v2,MCQ,test,train
7055,2508.08022v1,MCQ,test,train
13205,2107.03434v2,MCQ,test,train
15341,2502.20468v1,fill_blank_25,test,train
417,2507.16666v1,fill_blank_50,test,train
7768,2402.11925v1,fill_blank_75,test,train
12659,2103.15733v1,fill_blank_100,test,train
17168,2304.11464v2,fill_blank_75,test,train
10881,2207.07493v4,fill_blank_25,test,train
12139,2306.01894v2,fill_blank_100,test,train
11843,2010.13171v1,fill_blank_75,test,train
43,2505.01834v1,fill_blank_75,test,train
8438,2506.22094v1,fill_blank_75,test,train
6585,2507.22013v1,MCQ,test,train
3038,2505.12902v1,fill_blank_75,test,train
1969,2402.09459v1,fill_blank_100,test,test
18714,2409.17738v1,fill_blank_100,test,train
1024,2507.16550v1,fill_blank_100,test,train
10213,2304.01510v2,fill_blank_75,test,test
5550,2504.09743v1,MCQ,test,train
8917,2212.10748v1,fill_blank_50,test,train
2729,2506.08930v1,fill_blank_100,test,test
2704,2504.19516v1,fill_blank_100,test,train
579,2503.08937v1,fill_blank_100,test,train
287,2508.04322v1,fill_blank_50,test,train
15474,2206.04498v1,fill_blank_100,test,train
7354,2507.19657v1,fill_blank_100,test,train
8823,2508.14739v1,fill_blank_75,test,train
8958,2403.03675v1,fill_blank_75,test,test
76,2505.02964v1,fill_blank_25,test,train
15962,2407.02342v1,fill_blank_50,test,train
2035,2505.07893v1,MCQ,test,train
9855,2502.06128v2,MCQ,test,train
11537,2411.15995v2,fill_blank_50,test,train
18462,2206.05427v1,fill_blank_50,test,train
6351,2506.22465v1,fill_blank_25,test,test
9240,2407.19299v3,MCQ,test,train
12999,2409.14521v2,fill_blank_100,test,train
12811,2407.09944v2,fill_blank_25,test,test
11217,2411.10259v1,fill_blank_50,test,test
3009,2507.12240v1,fill_blank_100,test,train
15494,2206.04498v1,fill_blank_100,test,train
5808,2506.17870v1,fill_blank_75,test,train
12210,2303.02850v2,MCQ,test,test
15859,2205.12207v1,fill_blank_100,test,train
8189,1003.5309v1,fill_blank_100,test,train
10516,2503.01382v1,fill_blank_25,test,train
5664,2405.00141v1,fill_blank_100,test,test
16992,2304.06988v1,fill_blank_50,test,test
1667,2508.06526v1,fill_blank_50,test,test
13387,2308.05315v1,fill_blank_50,test,train
9143,2408.13329v1,fill_blank_75,test,train
3406,2508.00409v1,fill_blank_25,test,train
11207,2411.10259v1,fill_blank_50,test,test
7162,2508.15581v1,fill_blank_50,test,test
13322,2411.06015v1,fill_blank_50,test,train
12581,2502.16592v1,fill_blank_25,test,train
6758,2507.20477v1,fill_blank_75,test,train
18765,2409.09590v1,MCQ,test,test
2017,2508.11791v1,fill_blank_50,test,train
2544,2503.02913v1,fill_blank_100,test,train
9978,2402.06814v1,fill_blank_75,test,test
9932,2104.15132v3,fill_blank_50,test,train
9337,2406.12596v3,fill_blank_50,test,train
6759,2507.20477v1,fill_blank_100,test,train
11562,2410.09588v1,fill_blank_50,test,train
11097,2403.17810v1,fill_blank_50,test,train
972,2506.23350v1,fill_blank_50,test,train
448,2504.06512v1,fill_blank_75,test,train
5810,2506.17870v1,MCQ,test,train
15403,2405.11411v1,fill_blank_75,test,train
9569,2310.16765v1,fill_blank_100,test,train
16318,2305.02074v2,fill_blank_75,test,train
17573,2502.21080v1,fill_blank_75,test,train
11210,2411.10259v1,MCQ,test,test
15686,2409.17295v1,fill_blank_25,test,train
13515,2501.12043v1,MCQ,test,test
1360,2108.07165v1,MCQ,test,train
7152,2508.15581v1,fill_blank_50,test,test
13588,2105.11834v1,fill_blank_75,test,train
12705,2403.08900v1,MCQ,test,train
15325,2311.12273v1,MCQ,test,train
12354,2302.00156v1,fill_blank_100,test,train
1959,2402.09459v1,fill_blank_100,test,test
8635,2507.09843v1,MCQ,test,test
16176,1107.0234v1,fill_blank_25,test,train
18914,2301.13729v1,fill_blank_100,test,train
4269,2506.20858v1,fill_blank_100,test,train
11351,2507.16513v1,fill_blank_25,test,test
8639,2507.09843v1,fill_blank_100,test,test
2008,2508.11791v1,fill_blank_75,test,train
2324,2206.02109v2,fill_blank_100,test,train
1729,2409.11191v1,fill_blank_100,test,test
3909,2507.15515v1,fill_blank_100,test,train
9868,1412.2385v1,fill_blank_75,test,train
6317,2505.01853v1,fill_blank_50,test,train
11377,2306.06664v1,fill_blank_50,test,train
13162,2401.05164v1,fill_blank_50,test,test
15162,2507.15769v1,fill_blank_50,test,train
18598,2105.04107v3,fill_blank_75,test,train
8411,2505.21691v2,fill_blank_25,test,train
15644,2405.12432v1,fill_blank_100,test,train
12671,2111.15630v1,fill_blank_25,test,train
3635,2301.03857v3,MCQ,test,train
13107,2411.07086v1,fill_blank_50,test,train
14547,2407.10382v3,fill_blank_50,test,train
19258,2412.18749v1,fill_blank_75,test,train
2918,2507.13826v1,fill_blank_75,test,train
583,2503.08937v1,fill_blank_75,test,train
11995,2108.11697v1,MCQ,test,train
12398,1508.00691v1,fill_blank_75,test,train
7492,2508.12185v1,fill_blank_50,test,test
1239,2505.10194v1,fill_blank_100,test,train
8160,2110.12224v2,MCQ,test,train
4556,2508.00851v1,fill_blank_25,test,train
103,2507.01581v1,fill_blank_75,test,train
12144,2306.01894v2,fill_blank_100,test,train
101,2507.01581v1,fill_blank_25,test,train
3313,2507.07474v1,fill_blank_75,test,train
8852,2401.06908v1,fill_blank_50,test,train
11022,2012.02768v1,fill_blank_50,test,train
11199,2411.10259v1,fill_blank_100,test,test
2907,2507.13826v1,fill_blank_50,test,train
2707,2506.08930v1,fill_blank_50,test,test
11264,2312.16874v2,fill_blank_100,test,train
2093,2508.05884v1,fill_blank_75,test,train
4134,2506.23817v1,fill_blank_100,test,test
5382,2506.22991v1,fill_blank_50,test,train
9687,2110.14112v1,fill_blank_50,test,train
16353,2010.01002v1,fill_blank_75,test,train
16414,2010.11840v1,fill_blank_100,test,train
4926,2505.02530v1,fill_blank_25,test,train
15062,2305.13810v1,fill_blank_50,test,train
13268,2306.08532v1,fill_blank_75,test,test
17250,2412.00442v1,MCQ,test,train
10675,1301.1215v1,MCQ,test,train
12828,2501.06726v2,fill_blank_75,test,train
1000,2401.10315v3,MCQ,test,train
16622,2110.14585v2,fill_blank_50,test,train
3992,2508.04075v1,fill_blank_50,test,train
15036,1906.05153v3,fill_blank_25,test,train
11043,2412.19811v1,fill_blank_75,test,train
9904,2107.06181v1,fill_blank_100,test,train
908,2503.09393v2,fill_blank_75,test,train
13811,2105.12265v1,fill_blank_25,test,train
18599,2105.04107v3,fill_blank_100,test,train
6988,2504.18168v1,fill_blank_75,test,test
5473,2207.08737v2,fill_blank_75,test,test
10169,2406.16280v1,fill_blank_100,test,train
15129,2502.12642v1,fill_blank_100,test,train
10391,2312.05768v1,fill_blank_25,test,train
11102,2403.17810v1,fill_blank_50,test,train
5990,2506.16808v1,MCQ,test,train
7080,2508.12141v1,MCQ,test,train
14239,2501.12752v1,fill_blank_100,test,train
9832,2209.02633v3,fill_blank_50,test,train
7858,2506.17764v1,fill_blank_75,test,train
4323,2503.03620v1,fill_blank_75,test,train
10952,2207.11021v1,fill_blank_50,test,train
8640,2507.09843v1,MCQ,test,test
15728,2412.15597v2,fill_blank_75,test,train
9471,2101.04249v2,fill_blank_25,test,test
4964,2507.03848v1,fill_blank_100,test,train
7185,2503.21102v1,MCQ,test,train
8771,2505.04085v2,fill_blank_25,test,train
12573,2502.16592v1,fill_blank_75,test,train
4578,2310.15529v1,fill_blank_75,test,train
6443,1605.00971v2,fill_blank_75,test,train
7925,2506.12599v3,MCQ,test,test
8528,2503.11226v1,fill_blank_75,test,train
12370,2411.03237v1,MCQ,test,train
6450,2502.03117v1,MCQ,test,train
11361,2507.16513v1,fill_blank_25,test,test
10755,2203.10783v1,MCQ,test,train
15719,2412.15597v2,fill_blank_100,test,train
7163,2508.15581v1,fill_blank_75,test,test
1324,2507.15914v1,fill_blank_100,test,train
2543,2503.02913v1,fill_blank_75,test,train
4632,2504.02613v2,fill_blank_50,test,train
13738,2502.15436v1,fill_blank_75,test,train
15115,2412.16354v1,MCQ,test,train
18281,2306.09164v1,fill_blank_25,test,train
7760,2504.20425v1,MCQ,test,test
10355,2201.03709v1,MCQ,test,train
1891,2304.00744v1,fill_blank_25,test,train
10807,2009.00669v3,fill_blank_50,test,train
2161,2504.10224v1,fill_blank_25,test,train
10102,2009.09380v1,fill_blank_50,test,train
15044,2502.01137v1,fill_blank_100,test,train
755,2209.11483v3,MCQ,test,train
11789,2402.06306v1,fill_blank_100,test,train
3117,2505.08030v1,fill_blank_50,test,train
10154,2309.08995v1,fill_blank_100,test,test
13063,2012.07034v1,fill_blank_75,test,test
8574,2506.04952v1,fill_blank_100,test,train
4761,2503.10525v1,fill_blank_25,test,train
1072,2508.09149v1,fill_blank_50,test,train
1523,2203.04032v1,fill_blank_75,test,train
704,2505.13994v1,fill_blank_100,test,train
11464,2410.04681v1,fill_blank_100,test,test
138,2507.03915v1,fill_blank_75,test,train
12557,2502.16592v1,fill_blank_50,test,train
563,2503.08937v1,fill_blank_75,test,train
13627,2410.01632v1,fill_blank_50,test,train
4593,2310.15529v1,fill_blank_75,test,train
4602,2102.03040v1,fill_blank_50,test,train
310,2508.09582v1,MCQ,test,test
2900,2506.23937v1,MCQ,test,train
6110,2506.23488v1,MCQ,test,train
18778,2409.09590v1,fill_blank_75,test,test
303,2508.04322v1,fill_blank_75,test,train
74,2505.02964v1,fill_blank_100,test,train
6956,2507.20399v1,fill_blank_25,test,train
15019,2209.02021v5,fill_blank_100,test,train
11845,2010.13171v1,MCQ,test,train
9942,2104.15132v3,fill_blank_50,test,train
4277,2504.18155v1,fill_blank_50,test,train
7010,2508.11366v1,MCQ,test,train
6529,2505.11321v1,fill_blank_100,test,train
12842,2501.06726v2,fill_blank_50,test,train
11901,2305.03189v1,fill_blank_25,test,train
7503,2508.12185v1,fill_blank_75,test,test
577,2503.08937v1,fill_blank_50,test,train
19228,2405.09663v1,fill_blank_75,test,train
1209,2406.07989v1,fill_blank_100,test,test
4793,2504.02211v2,fill_blank_75,test,train
13215,2107.03434v2,MCQ,test,train
10912,2309.15483v1,fill_blank_50,test,train
12939,2412.02538v2,fill_blank_100,test,train
11103,2403.17810v1,fill_blank_75,test,train
3248,2507.12582v1,fill_blank_75,test,train
11586,2412.04876v1,fill_blank_25,test,train
6214,2506.04433v1,fill_blank_100,test,train
2943,2504.19954v1,fill_blank_75,test,train
576,2503.08937v1,fill_blank_25,test,train
17768,2101.09672v1,fill_blank_75,test,train
6378,2505.05090v1,fill_blank_75,test,train
632,2508.08206v1,fill_blank_50,test,train
16315,2305.02074v2,MCQ,test,train
10259,2409.02346v1,fill_blank_100,test,train
4879,2507.12019v1,fill_blank_100,test,train
9728,2308.13268v1,fill_blank_75,test,test
6664,2507.04662v1,fill_blank_100,test,train
17370,2304.07813v1,MCQ,test,train
9419,1410.5076v2,fill_blank_100,test,train
18880,2209.06566v2,MCQ,test,train
12943,2309.08844v1,fill_blank_75,test,test
13714,2208.14538v1,fill_blank_100,test,train
5632,1708.03792v1,fill_blank_50,test,test
5124,2210.17530v1,fill_blank_100,test,train
16954,2404.15099v1,fill_blank_100,test,train
3133,2506.22000v1,fill_blank_75,test,train
1572,2503.02156v1,fill_blank_50,test,test
13538,2411.09660v1,fill_blank_75,test,train
8305,2108.11365v1,MCQ,test,train
5008,2507.08299v1,fill_blank_75,test,train
17119,2501.02335v3,fill_blank_100,test,test
9018,2404.02349v1,fill_blank_75,test,train
678,2505.14055v1,fill_blank_75,test,test
308,2508.09582v1,fill_blank_75,test,test
19020,2107.05991v1,MCQ,test,train
9819,2108.11979v1,fill_blank_100,test,train
11777,2402.06306v1,fill_blank_50,test,train
13477,2503.05700v1,fill_blank_50,test,train
11506,2405.14691v1,fill_blank_25,test,train
17087,2405.18919v2,fill_blank_50,test,train
10711,2311.07199v2,fill_blank_25,test,train
9042,2507.14299v1,fill_blank_50,test,train
976,2409.08525v1,fill_blank_25,test,train
7182,2507.01641v2,fill_blank_50,test,train
2204,2406.07910v1,fill_blank_100,test,train
4118,2506.23817v1,fill_blank_75,test,test
7138,2401.15344v1,fill_blank_75,test,test
7967,2505.04453v1,fill_blank_50,test,train
15284,2508.08002v1,fill_blank_100,test,train
4178,2505.18534v1,fill_blank_75,test,test
5396,2308.15696v1,fill_blank_25,test,train
12582,2502.16592v1,fill_blank_50,test,train
12794,2108.11123v1,fill_blank_100,test,test
4488,2508.09532v1,fill_blank_75,test,train
7928,2506.12599v3,fill_blank_75,test,test
19171,2206.01228v1,fill_blank_25,test,train
11487,2405.14691v1,fill_blank_50,test,train
3995,2508.04075v1,MCQ,test,train
1958,2402.09459v1,fill_blank_75,test,test
8403,2505.21691v2,fill_blank_75,test,train
7278,2504.12956v1,fill_blank_75,test,train
666,2505.14055v1,fill_blank_25,test,test
3358,2508.07720v1,fill_blank_75,test,train
11698,2108.10414v1,fill_blank_75,test,train
9738,2308.13268v1,fill_blank_75,test,test
6103,2506.23488v1,fill_blank_75,test,train
6649,2507.04662v1,fill_blank_100,test,train
16797,2106.16144v1,fill_blank_50,test,train
6213,2506.04433v1,fill_blank_75,test,train
9382,2412.14616v1,fill_blank_50,test,test
8269,2507.10113v1,fill_blank_100,test,train
8031,2507.16132v1,fill_blank_25,test,train
4109,2508.02950v1,fill_blank_100,test,test
9238,2407.19299v3,fill_blank_75,test,train
17592,2109.12711v1,fill_blank_50,test,train
2681,2501.05742v1,fill_blank_25,test,train
10223,2304.01510v2,fill_blank_75,test,test
3249,2507.12582v1,fill_blank_100,test,train
7409,2411.10960v1,fill_blank_100,test,train
15143,2502.12642v1,fill_blank_75,test,train
18958,2409.14726v1,fill_blank_75,test,train
12099,2310.06532v1,fill_blank_100,test,train
8445,2506.22094v1,MCQ,test,train
1950,2402.09459v1,MCQ,test,test
13528,2501.12043v1,fill_blank_75,test,test
10998,2303.14351v1,fill_blank_75,test,train
6020,2507.19546v1,MCQ,test,train
3648,2508.05204v1,fill_blank_75,test,train
18353,2508.03417v1,fill_blank_75,test,train
2694,2504.19516v1,fill_blank_100,test,train
10197,2401.10396v1,fill_blank_50,test,train
16688,2410.11495v3,fill_blank_75,test,train
1776,2506.07532v1,fill_blank_25,test,test
1606,2503.08986v1,fill_blank_25,test,train
1669,2508.06526v1,fill_blank_100,test,test
7165,2508.15581v1,MCQ,test,test
1680,2508.06526v1,MCQ,test,test
7754,2504.20425v1,fill_blank_100,test,test
11578,1801.05868v1,fill_blank_75,test,train
5074,2405.02323v1,fill_blank_100,test,test
6454,2502.03117v1,fill_blank_100,test,train
15073,2305.13810v1,fill_blank_75,test,train
10547,2009.08346v2,fill_blank_50,test,train
13937,2502.11053v2,fill_blank_50,test,train
19151,2508.14457v1,fill_blank_25,test,train
13562,2508.05904v1,fill_blank_50,test,train
9407,1410.5076v2,fill_blank_50,test,train
1195,2406.07989v1,MCQ,test,test
17677,2502.12622v1,fill_blank_50,test,train
6322,2506.08739v1,fill_blank_50,test,train
10734,2111.09413v1,fill_blank_100,test,test
10686,2508.04171v1,fill_blank_25,test,train
1500,2306.12228v1,MCQ,test,train
6410,2503.01741v1,MCQ,test,train
4899,2505.19843v1,fill_blank_100,test,train
1631,2505.13801v1,fill_blank_25,test,train
6587,2507.22013v1,fill_blank_50,test,train
5518,2508.09782v1,fill_blank_75,test,train
32,2505.07762v1,fill_blank_50,test,train
13161,2401.05164v1,fill_blank_25,test,test
948,2507.04067v1,fill_blank_75,test,train
12054,2501.00732v1,fill_blank_100,test,train
5408,2308.15696v1,fill_blank_75,test,train
3957,2508.11792v1,fill_blank_50,test,train
820,2504.09799v1,MCQ,test,train
3589,2506.13003v1,fill_blank_100,test,train
17821,1509.02664v1,fill_blank_25,test,train
104,2507.01581v1,fill_blank_100,test,train
6537,2505.11321v1,fill_blank_50,test,train
9204,2305.16288v2,fill_blank_100,test,train
16933,2307.06442v2,fill_blank_75,test,train
5158,2208.13260v1,fill_blank_75,test,train
13357,2404.11136v2,fill_blank_50,test,test
4764,2503.10525v1,fill_blank_100,test,train
12477,2310.03969v1,fill_blank_50,test,train
3656,2508.05204v1,fill_blank_25,test,train
5619,1708.03792v1,fill_blank_100,test,test
2985,2507.12235v1,MCQ,test,train
5501,2508.09782v1,fill_blank_25,test,train
4575,2310.15529v1,MCQ,test,train
9821,2108.11979v1,fill_blank_25,test,train
2459,2506.19688v2,fill_blank_100,test,train
5643,2405.00141v1,fill_blank_75,test,test
11794,2207.07999v1,fill_blank_100,test,train
10553,2009.08346v2,fill_blank_75,test,train
11439,2405.12236v2,fill_blank_100,test,train
9692,1905.07607v1,fill_blank_50,test,train
17935,2207.04847v1,MCQ,test,train
12606,2501.03608v1,fill_blank_25,test,test
2659,2506.06876v1,fill_blank_100,test,train
8768,2505.04085v2,fill_blank_75,test,train
12248,2303.02850v2,fill_blank_75,test,test
1,2505.00321v1,fill_blank_25,test,train
10997,2303.14351v1,fill_blank_50,test,train
9425,2203.05152v1,MCQ,test,train
8148,2508.01840v1,fill_blank_75,test,train
12918,2010.07216v1,fill_blank_75,test,train
15969,2407.02342v1,fill_blank_100,test,train
10121,2309.08995v1,fill_blank_25,test,test
13839,2206.03250v1,fill_blank_100,test,test
15919,2410.06700v2,fill_blank_100,test,train
11275,2501.05879v1,MCQ,test,train
8468,2107.02431v1,fill_blank_75,test,train
5376,2505.00549v1,fill_blank_25,test,train
12934,2412.02538v2,fill_blank_100,test,train
6588,2507.22013v1,fill_blank_75,test,train
796,2501.02271v1,fill_blank_25,test,train
8637,2507.09843v1,fill_blank_50,test,test
13893,2208.07045v1,fill_blank_75,test,train
11893,2212.07950v1,fill_blank_75,test,train
12819,2407.09944v2,fill_blank_100,test,test
17070,2405.18919v2,MCQ,test,train
17881,2306.02911v2,fill_blank_25,test,train
10500,2110.14345v1,MCQ,test,train
14967,2406.14107v1,fill_blank_50,test,train
4749,2503.19549v2,fill_blank_100,test,train
10687,2508.04171v1,fill_blank_50,test,train
4680,2507.19845v1,MCQ,test,train
3116,2505.08030v1,fill_blank_25,test,train
11129,2405.10553v1,fill_blank_100,test,train
1558,2507.14210v1,fill_blank_75,test,test
7380,2507.17494v1,MCQ,test,train
17593,2109.12711v1,fill_blank_75,test,train
8250,2506.01382v1,MCQ,test,train
8652,2507.09843v1,fill_blank_50,test,test
10099,2009.09380v1,fill_blank_100,test,train
7153,2508.15581v1,fill_blank_75,test,test
10929,2406.06245v1,fill_blank_100,test,train
16798,2106.16144v1,fill_blank_75,test,train
10985,2404.15643v1,MCQ,test,train
1715,2409.11191v1,MCQ,test,test
1577,2503.02156v1,fill_blank_50,test,test
4206,2504.16529v1,fill_blank_25,test,train
12570,2502.16592v1,MCQ,test,train
204,2505.11509v1,fill_blank_100,test,train
2515,2507.20438v1,MCQ,test,train
11737,2407.03280v1,fill_blank_50,test,train
10990,2404.15643v1,MCQ,test,train
16162,2412.17356v1,fill_blank_50,test,train
12119,2310.07853v1,fill_blank_100,test,train
10480,2410.08726v1,MCQ,test,train
198,2508.03579v2,fill_blank_75,test,train
4920,2505.02530v1,MCQ,test,train
313,2508.09582v1,fill_blank_75,test,test
13064,2012.07034v1,fill_blank_100,test,test
7378,2507.17494v1,fill_blank_75,test,train
2975,2507.12235v1,MCQ,test,train
1608,2503.08986v1,fill_blank_75,test,train
1844,2404.07315v2,fill_blank_100,test,train
10756,2203.10783v1,fill_blank_25,test,train
2059,2111.15301v1,fill_blank_100,test,train
10118,2309.08995v1,fill_blank_75,test,test
9689,2110.14112v1,fill_blank_100,test,train
3877,2505.01818v1,fill_blank_50,test,train
4,2505.00321v1,fill_blank_100,test,train
3545,2103.09694v1,MCQ,test,train
5785,1410.0956v1,MCQ,test,train
15068,2305.13810v1,fill_blank_75,test,train
11808,2207.07999v1,fill_blank_75,test,train
8964,2403.03675v1,fill_blank_100,test,test
9934,2104.15132v3,fill_blank_100,test,train
2819,2507.05829v1,fill_blank_100,test,test
5354,2503.07471v1,fill_blank_100,test,train
12502,2405.02873v2,fill_blank_50,test,train
1600,2503.08986v1,MCQ,test,train
2648,2506.06876v1,fill_blank_75,test,train
15053,2502.01137v1,fill_blank_75,test,train
9854,2502.06128v2,fill_blank_100,test,train
3548,2103.09694v1,fill_blank_75,test,train
12329,2006.13087v1,fill_blank_100,test,train
12950,2309.08844v1,MCQ,test,test
16868,2411.11998v1,fill_blank_75,test,train
